run,date,time,cabinet,ppsMode,inflation,wage,credit,output,marketUnemployment,unemployment,agrarian,privateGrowth,creditTarget,budget,coverage,projectCharges,policyBudget,taxLevel,businessPressure,workerGrievance,unemployedGrievance,workerRadicalization,uncontrolledUpperBound,nationalGrievance,authority,democracy,violence,pressure,militaryOpen,cash,apparatus,industryReach,industryReadiness,railReach,railReadiness,railFund,partySpending,ppsActiveActions,governmentInitiatives,strikeDisruption,benefit,worksUnits,agreementTension,currencyCrisis,fiscalCrisis
A,1922-01,1,Ponikowski,external_support,5.199999999999999,98.85931558935361,54.879999999999995,100,3,3,44.85,0,54.6,2,1,0,0,0,10,35.02281368821293,35.7,0,0,35.01320677946768,55,60.15,8,10,false,2.2,1,20,25,20,25,0.28,0,0,0,0,false,0,0,false,false
A,1922-02,2,Ponikowski,external_support,6.039999999999999,98.0761976612599,54.75999999999999,99.98907452471482,3.00382391634981,3.00382391634981,44.7036,-0.010925475285171161,54.48,2,1,0,0,0,10,35.06320169316264,36.40104988906513,0,0,35.031106720259025,55,60.3,6,10,false,2.4000000000000004,1,20,25,20,25,0.31000000000000005,0,0,0,0,false,0,0,false,false
A,1922-03,3,Ponikowski,external_support,6.627999999999998,97.53535656675545,54.65079999999999,99.9700861807984,3.0104705628982824,3.0104705628982824,44.5608,-0.018990418709920957,54.396,1.9994537262357412,1,0,0,0,10,35.11581788510177,37.10141945348079,0,0,35.052020893425684,55,60.449999999999996,4,10,false,2.6000000000000005,1,20,25,20,25,0.3400000000000001,0,0,0,0,false,0,0,false,false
A,1922-04,4,Ponikowski,external_support,7.039599999999998,97.16030328962366,54.556719999999984,99.94513849837014,3.019204864511367,3.019204864511367,44.421276,-0.024955147465956527,54.3372,1.9985043090399202,1,0,0,0,10,35.17697897011584,37.800042428664966,0,0,35.07479756943025,55,60.599999999999994,2,10,false,2.8000000000000007,1,20,25,20,25,0.3700000000000001,0,0,0,0,false,0,0,false,false
A,1922-05,5,Ponikowski,external_support,7.327719999999998,96.89947760000865,54.478515999999985,99.91578783574015,3.029483235300421,3.029483235300421,44.2845744,-0.02936677368301099,54.29604,1.997256924918507,1,0,0,0,10,35.24412860351019,38.49628213624888,0,0,35.09864088215306,55,60.74999999999999,0,10,false,3.000000000000001,1,20,25,20,25,0.40000000000000013,0,0,0,0,false,0,0,false,false
A,1922-06,6,Ponikowski (obowiązki),opposition,7.529403999999998,96.71773127283399,54.415129599999986,99.88318887197079,3.0409024890203966,3.0409024890203966,44.15021892,-0.03262643919993101,54.267228,1.9957893917870073,1,0,0,0,10,35.3154836049135,39.18977921553105,0,0,35.12299808461528,49,60.71999999999999,0,10,false,3.200000000000001,1,20,25,20,25,0.43000000000000016,0,0,0,0,false,0,0,false,false
A,1922-07,7,Nowak,opposition,9.770582799999998,94.7430516876148,54.364708599999986,99.84819858650013,3.0531634110564614,3.0531634110564614,44.017765032,-0.03503120581732831,54.2470596,1.9941594435985395,1,0,0,0,10,35.426753032179235,39.88035124418532,0,0,35.159247748250294,53,60.809999999999995,0,10,false,3.4000000000000012,1,20,25,20,25,0.4600000000000002,0,0,0,0,false,0,0,false,false
A,1922-08,8,Nowak,opposition,11.339407959999999,93.408077073091,54.262178535999986,99.79669193569569,3.07121814618114,3.07121814618114,43.886823774,-0.05158495749908185,54.02294172,1.9924099293250066,1,0,0,0,10,35.56761885827976,40.56319729467987,0,0,35.20414813974113,53,60.9,0,10,false,3.6000000000000014,1,20,25,20,25,0.4900000000000002,0,0,0,0,false,0,0,false,false
A,1922-09,9,Nowak,opposition,12.437585572,92.49576062214805,54.14334273639999,99.73301894636569,3.093549093062485,3.093549093062485,43.75895841792,-0.06380270537527226,53.866059204,1.9898345967847846,1,0,0,0,10,35.72886911927747,41.23830192235765,0,0,35.25478452384373,53,60.99,0,10,false,3.8000000000000016,1,20,25,20,25,0.5200000000000002,0,0,0,0,false,0,0,false,false
A,1922-10,10,Nowak,opposition,13.206309900399999,91.86767070801992,54.02721234831999,99.66032975825657,3.1190584139543707,3.1190584139543707,43.634658135828,-0.07288377397681575,53.7562414428,1.9866509473182845,1,0,0,0,10,35.904270365563015,41.90599750706546,0,0,35.30919401257598,53,61.080000000000005,0,10,false,4.000000000000002,1,20,25,20,25,0.5500000000000003,0,0,0,0,false,0,0,false,false
A,1922-11,11,Nowak,opposition,13.744416930279998,91.43305913972652,53.92285934681199,99.58094985801857,3.146936071143235,3.146936071143235,43.513841765378395,-0.0796504491110408,53.67936900996,1.9830164879128283,1,0,0,0,10,36.089548011362915,42.56676903641726,0,0,35.366037233245976,53,61.17000000000001,0,10,false,4.200000000000002,1,20,25,20,25,0.5800000000000003,0,0,0,0,false,0,0,false,false
A,1922-12,12,Sikorski,external_support,14.121091851195999,91.13126970043977,53.833669034859994,99.49661212595282,3.176578493981238,3.176578493981238,43.39615598497404,-0.08469263668000795,53.625558306972,0.9790474929009285,1,0,-1,0,10,36.28174382877312,43.22114769154382,0,0,35.42439193928747,57,61.38000000000001,8,10,false,4.400000000000002,1,20,25,20,25,0.6100000000000003,0,0,1,0,false,0,0,false,false
A,1923-01,13,Sikorski,external_support,18.8847642958372,87.47967043211912,53.75993556886611,99.40861253951228,3.2075341763869916,3.2075341763869916,43.281145913928235,-0.0884448068735819,53.5878908148804,1.974830606297641,1,0,0,0,10,36.547628261333614,43.86965384351495,0,0,35.505493599091885,57,61.59000000000001,6,10,false,4.600000000000002,1,20,25,20,25,0.6400000000000003,0,0,1,0,false,0,0,false,false
A,1923-02,14,Sikorski,external_support,22.219335007086038,85.0929192127991,53.56541196933116,99.29055128955805,3.249101437440511,3.249101437440511,43.168347846862254,-0.11876360301005535,53.11152357041628,1.9704306269756138,1,0,0,0,10,36.86655350760439,44.49676340609546,0,0,35.602845058837254,57,61.80000000000001,4,10,false,4.8000000000000025,1,20,25,20,25,0.6700000000000004,0,0,0,0,false,0,0,false,false
A,1923-03,15,Sikorski,external_support,24.553534504960226,83.49823263815794,53.329208328319226,99.15077455253395,3.2983728508056847,3.2983728508056847,43.06138548778232,-0.1407754667576398,52.7780664992914,0.9645275644779026,1,0,0,0,10,37.22122456152382,45.10741829769835,0,0,35.710972390396215,57,62.01000000000001,2,10,false,5.000000000000003,1,20,25,20,25,0.7000000000000004,0,0,0,0,false,0,0,false,false
A,1923-04,16,Sikorski,external_support,26.187474153472156,82.41705501887833,53.09383979467465,98.9950324680465,3.3533494556951666,3.3533494556951666,42.96150923793274,-0.15707601396994808,52.54464654950398,0.9575387276266973,1,0,0,0,10,37.60037176359099,45.70561612122231,0,0,35.82632954648738,57,62.22000000000001,0,10,false,5.200000000000003,1,20,25,20,25,0.7300000000000004,0,0,1,0,false,0,0,true,false
A,1923-05,17,Chjeno-Piast,opposition,27.331231907430507,81.67674060956841,52.88006363166809,98.82747747259099,3.412589042720265,3.412589042720265,42.8686940440925,-0.1692559629288536,52.381252584652785,0.9497516234023251,1,0,0,0,10,37.99645674491217,46.294535900032585,0,0,35.94655948943082,61,62.55000000000001,0,10,false,5.400000000000003,1,20,25,20,25,0.7600000000000005,0,0,1,0,false,0,0,true,false
A,1923-06,18,Chjeno-Piast,opposition,28.131862335201355,81.16638446097755,52.69610758494474,98.65118395766771,3.475023834947216,3.475023834947216,42.782292135142455,-0.1783851206484314,52.26687680925695,-1.0586261263704508,1,2,0,0,18,38.4043464518061,46.87666400279433,0,0,36.07006771402429,67,63.06000000000001,0,10,false,5.600000000000003,1,20,25,20,25,0.7900000000000005,0,0,1,0,false,0,0,true,false
A,1923-07,19,Chjeno-Piast,opposition,37.69230363464095,75.53072848280493,52.54331943940527,98.46845502280902,3.5398533936355188,3.5398533936355188,42.701408907594114,-0.18522731053800845,52.186813766479865,-0.0674408021166144,1,2,0,1,22,38.92614666149415,47.98691004614386,0,0,36.76255428195304,63,63.45000000000001,0,10,false,5.800000000000003,1,20,25,20,25,0.8200000000000005,0,0,1,0,false,0,0,true,false
A,1923-08,20,Chjeno-Piast,opposition,44.38461254424867,72.0298362598215,49.14955449854446,98.23941308296952,3.6212649268267874,3.6212649268267874,42.62510932441196,-0.23260438054648144,41.2307696365359,-1.0765772488595489,1,4,1,1,22,39.52625570289336,48.53589863127895,0,0,37.05324493233012,63,63.84000000000001,0,10,false,6.0000000000000036,1,20,25,20,25,0.8500000000000005,0,0,1,0,false,0,0,true,false
A,1923-09,21,Chjeno-Piast,opposition,49.069228780974065,69.76624273867156,46.573149772653665,97.9333796355454,3.7302962241819286,3.7302962241819286,42.65062268945562,-0.31151799244326117,40.561538745575135,-2.088029345851524,0.5,4,1,1,22,40.185446496797496,49.05254504607179,0,0,37.25590472362239,63,64.23,0,10,false,6.200000000000004,1,20,25,20,25,0.8800000000000006,0,0,0,0,false,0,0,true,false
A,1923-10,22,Chjeno-Piast,opposition,70.34846014668184,61.051329674743634,44.62912797742834,97.5727176249638,3.8591917082072165,3.8591917082072165,42.75342819627601,-0.3682728115008225,40.093077121902596,-2.10333101822273,0.5,4,1,1,22,47.42886764531527,49.54993975068692,0,0,39.53777798257618,63,64.62,0,10,false,6.400000000000004,1,20,25,20,25,0.9100000000000006,0,0,0,0,false,0,0,true,false
A,1923-11,23,Chjeno-Piast,opposition,85.24392210267729,56.14219285551228,45.62993577979938,97.11690429093522,4.022695063236435,4.022695063236435,39.91455435695316,-0.46715244294062586,47.96515398533182,-1.12136411875181,1,2,1,1,22,48.387775465719635,50.28089840029395,0,0,37.697936097771496,67,65.13000000000001,0,8,false,6.600000000000004,1,20,25,20,25,0.9400000000000006,0,0,0,0,false,0,0,true,true
A,1923-12,24,Grabski,opposition,59.6707454718741,56.14219285551228,45.88363738277924,96.63965878971534,4.194689760397054,4.194689760397054,40.04565628355918,-0.49141342045891107,46.47560778973227,0.8558452145467612,1,0,1,1,22,49.350928957189694,51.02500226447096,0,0,37.98022197365862,71,65.76,0,6,false,6.800000000000004,1,20,25,20,25,0.9700000000000006,0,0,0,0,false,0,0,true,false
A,1924-01,25,Grabski,opposition,41.76952183031187,56.14219285551228,46.82842380378924,96.16843618238894,4.365352524142029,4.365352524142029,40.1691471620758,-0.4876078964142132,49.03292545281259,1.831982939485767,1,0,1,1,22,50.31341648195193,51.77895343284484,0,0,38.262975324305366,71,66.39,0,6,false,7.000000000000004,1,20,25,20,25,1.0000000000000007,0,0,0,0,false,0,0,true,false
A,1924-02,26,Grabski,opposition,29.238665281218303,56.14219285551228,48.02681100774311,95.71314008860078,4.531055159176701,4.531055159176701,40.26429444796212,-0.4734361000990632,50.82304781696881,0.808421809119447,1,0,0,1,22,51.273423942359024,52.54007706753855,0,0,38.54542314085676,71,67.02,0,6,false,7.200000000000005,1,20,25,20,25,1.0300000000000007,0,0,0,0,false,0,0,true,false
A,1924-03,27,Grabski,opposition,20.46706569685281,56.14219285551228,49.241607746983625,95.27720474123282,4.690466261390616,4.690466261390616,40.323490117729825,-0.45546029203975513,52.07613347187817,1.785657004430039,1,0,0,1,22,52.23028563635573,53.3063496182728,0,0,38.82712185840926,71,67.64999999999999,0,6,false,7.400000000000005,1,20,25,20,25,1.0600000000000007,0,0,0,0,false,0,0,true,false
A,1924-04,28,Grabski,opposition,14.326945987796966,56.14219285551228,50.35511345198295,94.86061627191762,4.843499680723517,4.843499680723517,40.34624188532032,-0.43723834095114744,52.953293430314716,1.7638602370616412,1,0,0,1,22,53.183958488911934,54.07639997968113,0,0,39.10782926043685,71,68.27999999999999,0,6,false,7.600000000000005,1,20,25,20,25,1.0900000000000007,0,0,0,0,false,0,0,true,false
A,1924-05,29,Grabski,opposition,10.028862191457875,56.14219285551228,51.31877103675415,94.46169346272403,4.990687195105172,4.990687195105172,40.33558848176083,-0.4205357553761575,53.5673054012203,2.743030813595881,1,0,0,1,22,54.134708388992514,54.84937330183392,0,0,39.38742359060581,67,68.78999999999999,0,6,false,7.800000000000005,1,20,25,20,25,1.1200000000000008,0,0,0,0,false,0,0,false,false
A,1924-06,30,Grabski,opposition,7.020203534020513,56.14219285551228,52.12227385998416,94.0781025756858,5.132815507166779,5.132815507166779,40.296025350658205,-0.40608089160458954,53.997113780854214,2.7230846731362015,1,0,0,1,22,55.08292868791307,55.6247775941147,0,0,39.66585307614674,67,69.3,0,6,false,8.000000000000004,1,20,25,20,25,1.1500000000000008,0,0,0,0,false,0,0,false,false
A,1924-07,31,Grabski,opposition,4.914142473814358,59.14219285551228,52.77498559596829,93.70740818109533,5.270725429406427,5.270725429406427,40.23235713485868,-0.3940283492561394,54.29797964659795,2.70390512878429,1,0,0,1,22,55.96903979192265,56.402355461708936,0,0,39.92444322869553,67,69.81,0,6,false,8.200000000000003,1,20,25,20,25,1.1800000000000008,0,0,0,0,false,0,0,false,false
A,1924-08,32,Grabski,opposition,3.439899731670051,62.14219285551228,53.29506564296337,93.36983879423238,5.3968086150321595,5.3968086150321595,40.14910756697963,-0.36023767321637745,54.508585752618565,2.6853704090547668,1,0,0,1,22,56.78923752762527,57.175631922301406,0,0,40.1618770298676,67,70.32000000000001,0,6,false,8.400000000000002,1,20,25,20,25,1.2100000000000009,0,0,0,0,false,0,0,false,false
A,1924-09,33,Grabski,opposition,2.4079298121690353,65.14219285551228,53.70334895812425,93.06317818930697,5.511761380411167,5.511761380411167,41.05025559769073,-0.3284364725114512,54.656010026832995,2.668491939711619,1,0,0,1,22,57.54387005320452,57.94322362701281,0,0,40.384579133173645,67,70.83000000000001,0,6,false,8.600000000000001,1,20,25,20,25,1.2400000000000009,0,0,0,0,false,0,0,false,false
A,1924-10,34,Grabski,opposition,1.6855508685183247,68.14219285551228,54.0201063763219,92.78555935385698,5.616170658385581,5.616170658385581,41.939155128947,-0.298312222784038,54.759207018783094,2.6531589094653483,1,0,0,1,22,58.233230835081486,58.70420408298584,0,0,40.59261110883991,67,71.34000000000002,0,6,false,8.8,1,20,25,20,25,1.270000000000001,0,0,0,0,false,0,0,false,false
A,1924-11,35,Grabski,opposition,1.1798856079628273,71.14219285551228,54.26350793736978,92.53544580070485,5.7105169599144565,5.7105169599144565,42.81855193765735,-0.2695608615110733,54.83144491314817,2.6392779676928493,1,0,0,1,22,58.85756012873568,59.45799295670821,0,0,40.78602848191489,63,71.73000000000002,0,6,false,9,1,20,25,20,25,1.300000000000001,0,0,0,0,false,0,0,false,false
A,1924-12,36,Grabski,opposition,0.8259199255739791,74.14219285551228,54.449058987919955,92.31159345358755,5.795185403247831,5.795185403247831,43.69064669953625,-0.24190983809535507,54.882011439203715,2.6267722900352424,1,0,0,1,22,59.417050493292116,60.20428610971832,0,0,40.96487939742338,55,71.88000000000002,0,6,false,9.2,1,20,25,20,25,1.330000000000001,0,0,0,0,false,0,0,false,false
A,1925-01,37,Grabski,opposition,0.5781439479017854,77.14219285551228,54.589563693776746,92.11300668672109,5.870479703565817,5.870479703565817,44.55717492989865,-0.21512657233710247,54.9174080074426,2.6155796726793774,1,0,0,1,22,59.91185378634086,60.94301280191423,0,0,41.12920419714616,55,72.03000000000003,0,8,true,9.399999999999999,1,20,25,20,25,1.360000000000001,0,0,0,0,false,0,0,false,false
A,1925-02,38,Grabski,opposition,0.40470076353124973,80.14219285551228,54.69535026720666,91.93889560100064,5.936636354178054,5.936636354178054,45.41948801908535,-0.18901900174925057,54.94218560520982,2.6056503343360546,1,0,0,1,22,60.34208825453674,61.674310854739375,0.0008200072900820743,0.0004951343423594635,41.278146162551344,55,72.18000000000004,0,10,true,9.599999999999998,1,20,25,20,25,1.390000000000001,0,0,0,0,false,0,0,false,false
A,1925-03,39,Grabski,opposition,0.2832905344718748,83.14219285551228,54.77460416413872,91.78863783837016,5.9938376252797845,5.9938376252797845,45.278627511069146,-0.16343220314780182,54.959529923646876,2.596944780050032,1,0,0,1,22,60.70784503297736,62.398513742388985,0.019905010241127268,0.012096116500416006,41.406558367970966,55,72.33000000000004,0,12,true,9.799999999999997,1,20,25,20,25,1.420000000000001,0,0,0,0,false,0,0,false,false
A,1925-04,40,Grabski,opposition,0.19830337413031235,86.14219285551228,54.83372419886294,91.66174610947918,6.0422228134226215,6.0422228134226215,45.135389386144986,-0.13824339469382094,54.97167094655281,2.589431891918508,1,0,0,1,22,61.00919376993853,63.11614579425492,0.05836526569562795,0.03565890285382522,41.51446389776364,55,72.48000000000005,0,14,true,9.999999999999996,1,20,25,20,25,1.450000000000001,0,0,0,0,false,0,0,false,false
A,1925-05,41,Grabski,opposition,0.13881236189121862,89.14219285551228,54.877657837980145,91.55784147593002,6.081897621383157,6.081897621383157,44.9903776601791,-0.1133565941729577,54.98016966258697,2.583087305473959,1,0,0,1,22,61.24618731680855,63.827923194960015,0.1131704163981606,0.0694441544705155,41.60185744024626,55,72.63000000000005,0,16,true,10.199999999999996,1,20,25,20,25,1.480000000000001,0,0,0,0,false,0,0,false,false
A,1925-06,42,Grabski,opposition,0.09716865332385304,92.14219285551228,51.31019611572936,91.11040051156,6.252941777738327,6.252941777738327,44.844047925039696,-0.48869758958619963,42.98611876381088,2.5778920737965008,1,0,0,1,22,61.48886553787589,64.56666054120144,0.18129354789722363,0.1117476832926915,41.69168978585802,55,72.78000000000006,0,18,true,10.399999999999995,1,20,25,20,25,1.5100000000000011,0,0,1,0,false,0,0,false,false
A,1925-07,43,Grabski,opposition,0.06801805732669712,95.14219285551228,48.81422222141084,90.63825774657185,6.434315108135314,6.434315108135314,44.80474204156781,-0.5182095154199614,42.990283134667614,0.5555200255780002,1,2,0,1,22,61.67670834596413,65.29515248865934,0.2632477759661101,0.16286012209478734,41.764858680656644,55,72.93000000000006,0,20,true,10.599999999999994,1,20,25,20,25,1.5400000000000011,0,0,1,0,false,0,0,false,false
A,1925-08,44,Grabski,opposition,0.04761264012868798,98.14219285551228,47.06791501326778,90.15638024340312,6.620392301477472,6.620392301477472,44.84031537492549,-0.5316491238347392,42.99319819426733,0.5319128873285925,1,2,0,1,22,61.806903085524965,66.01098094095092,0.3565335881082342,0.22119270305441707,41.8209985661742,55,73.08000000000007,0,22,true,10.799999999999994,1,20,25,20,25,1.5700000000000012,0,0,0,0,false,0,0,false,false
A,1925-09,45,Grabski,opposition,0.03332884809008158,100,47.34611213008358,89.6750860585145,6.8072376076623815,6.8072376076623815,44.92827792452746,-0.5338437319568852,47.99523873598713,1.507819012170156,1,1,0,1,22,61.90032573861742,66.71292825144347,0.45852328041274726,0.2851137519022959,41.86686148597449,55,73.23000000000008,0,22,true,10.999999999999993,1,20,25,20,25,1.6000000000000012,0,0,0,0,false,0,0,false,false
A,1925-10,46,Grabski,opposition,0.023330193663057105,100,47.5412786256158,89.2134312562679,6.987420518979443,6.987420518979443,45.00789456062495,-0.5148083180487463,47.996667115190995,1.4837543029257247,1,1,0,1,22,61.99041719427595,67.40138899112615,0.5675666385345648,0.35370679448629,41.91253440834555,55,73.38000000000008,0,24,true,11.199999999999992,1,20,25,20,25,1.6300000000000012,0,0,0,0,false,0,0,false,false
A,1925-11,47,Grabski,opposition,0.01633113556413997,100,47.67819513212117,88.75676481225383,7.16657880619496,7.16657880619496,45.081656201856475,-0.511880820615763,47.997666980633696,1.4606715628133946,1,1,0,1,22,62.079996337883706,68.07748286629074,0.6835601666209518,0.4269490535392109,41.95876363641553,55,73.53000000000009,0,26,true,11.399999999999991,1,20,25,20,25,1.6600000000000013,0,0,0,0,false,0,0,false,false
A,1925-12,48,Grabski,opposition,0.011431794894897979,100,47.774246658417894,88.30425879610588,7.345018281751324,7.345018281751324,45.15131034789284,-0.5098270730181825,47.998366886443584,1.4378382406126917,1,1,0,1,22,62.169216075661886,68.74216984299396,0.8065409544698948,0.5048966588731072,42.00558030654533,55,73.68000000000009,0,28,true,11.59999999999999,1,20,25,20,25,1.6900000000000013,0,0,0,0,false,0,0,false,false
A,1926-01,49,Grabski,opposition,0.008002256426428584,100,49.64162970704568,88.0319405595529,7.45295348679463,7.45295348679463,45.2180829481403,-0.3083863001237316,53.99885682051051,1.4152129398052944,1,1,0,1,22,62.22318367818354,69.41356643508452,0.9365534856063599,0.5872788709376314,42.04135371250387,55,73.8300000000001,0,30,true,11.79999999999999,1,20,25,20,25,1.7200000000000013,0,0,0,0,false,0,0,false,false
A,1926-02,50,Grabski,opposition,0.005601579498500008,100,50.94890072723918,87.78512051816497,7.551084930832641,7.551084930832641,45.22883405692893,-0.28037555439431483,53.99919977435736,1.4015970279776448,1,1,0,1,22,62.27224940020254,70.0805127693925,1.0718729305892856,0.6732252968053798,42.07578879116752,55,73.9800000000001,0,32,true,11.99999999999999,1,20,25,20,25,1.7500000000000013,0,0,0,0,false,0,0,false,false
A,1926-03,51,Grabski,opposition,0.003921105648950006,100,51.864062461682465,87.55620634144509,7.642353202014635,7.642353202014635,45.20036703511175,-0.26076648909141237,53.99943984205015,1.3892560259082485,1,1,0,1,22,62.317883535793534,70.7433039495642,1.212288541398953,0.7626197210448556,42.10918623035806,55,74.13000000000011,0,34,true,12.199999999999989,1,20,25,20,25,1.7800000000000014,0,0,0,0,false,0,0,false,false
A,1926-04,52,Grabski,opposition,0.002744773954265004,100,52.504726090008255,87.33990830963538,7.7288168740908025,7.7288168740908025,45.14444516126128,-0.24703906307476303,53.999607889435104,1.3778103170722544,1,1,0,1,22,62.361115371831616,71.40202764235453,1.3576606826088746,0.8553910770545715,42.141756528123274,55,74.28000000000011,0,36,true,12.399999999999988,1,20,25,20,25,1.8100000000000014,0,0,0,0,false,0,0,false,false
A,1926-05,53,Grabski,opposition,0.0019213417679855027,100,52.953225919787144,87.13253794384019,7.811917062118259,7.811917062118259,45.06930337856103,-0.23742910864987618,53.99972552260457,1.3669954154817687,1,1,0,1,22,62.402665465845345,72.05667363398338,1.507899501526633,0.9514998136167796,42.17364704469731,55,74.43000000000012,0,38,true,12.599999999999987,1,20,25,20,25,1.8400000000000014,0,0,0,0,false,0,0,false,false
A,1926-06,54,Grabski,opposition,0.0013449392375898517,100,53.26720050359796,86.93152177492152,7.892662626039376,7.892662626039376,44.980706600967416,-0.23070161120319285,53.9998078658232,1.3566268971920095,1,1,0,1,22,62.4430382478059,72.70719634536457,1.662949996116819,1.0509283779513015,42.2049200383587,55,74.58000000000013,0,40,true,12.799999999999986,1,20,25,20,25,1.8700000000000014,0,0,0,0,false,0,0,false,false
A,1926-07,55,Grabski,opposition,0.0009414574663128961,100,55.287000004341444,87.16972110567333,7.796759823395487,7.796759823395487,44.88269058585948,0.2740080075539694,59.99986550607624,1.346576088746076,1,1,0,1,22,62.452969373292966,73.40719634536458,1.8227815617241463,1.1529313684919051,42.22209350347887,55,74.73000000000013,0,42,true,12.999999999999986,1,20,25,20,25,1.9000000000000015,0,0,0,0,false,0,0,false,false
A,1926-08,56,Grabski,opposition,0.0006590202264190273,100,56.70087175931502,87.43498292554072,7.690253073372694,7.690253073372694,44.72408058572923,0.3043050000651216,59.99990585425337,1.3584860552836666,1,1,0,1,22,62.46478205491555,74.10719634536458,1.9853419932696623,1.2568215509656482,42.23801342098441,55,74.88000000000014,0,44,true,13.199999999999985,1,20,25,20,25,1.9300000000000015,0,0,0,0,false,0,0,false,false
A,1926-09,57,Grabski,opposition,0.00046131415849331905,100,57.69059046091371,87.71959522830248,7.57632349663629,7.57632349663629,44.523054432949785,0.3255130763897253,59.99993409797736,1.3717491462770361,1,1,0,1,22,62.478250747713474,74.80719634536459,2.1505940133908585,1.3625749607860698,42.252392964014405,55,75.03000000000014,0,46,true,13.399999999999984,1,20,25,20,25,1.9600000000000015,0,0,0,0,false,0,0,false,false
A,1926-10,58,Grabski,opposition,0.0003229199109453233,100,58.383399483214845,88.01815663991086,7.457197896716493,7.457197896716493,44.292336719122375,0.34035885691370565,59.99995386858415,1.3859797614151241,1,1,0,1,22,62.493199319798116,75.50719634536459,2.3184977467358774,1.470165798283755,42.26503135204731,55,75.18000000000015,0,48,true,13.599999999999984,1,20,25,20,25,1.9900000000000015,0,0,0,0,false,0,0,false,false
A,1926-11,59,Grabski,opposition,0.0002260439376617263,100,58.86836995065306,88.32688119768393,7.334435049429615,7.334435049429615,44.04083473462593,0.35075099224822265,59.9999677080089,1.4009078319955428,1,1,0,1,22,62.50949145883574,76.2071963453646,2.4890114993447474,1.579566922337375,42.2757880375148,55,75.33000000000015,0,50,true,13.799999999999983,1,20,25,20,25,2.0200000000000014,0,0,0,0,false,0,0,false,false
A,1926-12,60,Grabski,opposition,0.0001582307563632084,100,59.207852184139014,88.64311399923598,7.209126107188687,7.209126107188687,43.77478363610634,0.3580255492597959,59.99997739560624,1.4163440598841968,1,1,0,1,22,62.527022347674595,76.90719634536461,2.662092304220918,1.6907501934055014,42.28456463627679,55,75.48000000000016,0,52,true,13.999999999999982,1,20,25,20,25,2.050000000000001,0,0,0,0,false,0,0,false,false
A,1927-01,61,Grabski,opposition,0.00011076152945424587,100,59.44549178197462,88.96499290936127,7.082034883221957,7.082034883221957,43.498548070582174,0.3631177827620852,59.999984176924364,1.432155699961799,1,1,0,1,22,62.545711727478874,77.6071963453646,2.8376963032346043,1.8036867122021576,42.29129227884564,55,75.63000000000017,0,54,true,14.199999999999982,1,20,25,20,25,2.080000000000001,0,0,0,0,false,0,0,false,false
A,1927-02,62,Grabski,opposition,0.0000775330706179721,100,59.611840924536345,89.29121185981865,6.95369605136659,6.95369605136659,43.215183317122936,0.36668237672961923,59.999988923847056,1.4482496454680636,1,1,0,1,22,62.56549827494616,78.30719634536459,3.0157790144574177,1.9183469860868627,42.29592275616726,55,75.78000000000017,0,56,true,14.39999999999998,1,20,25,20,25,2.1100000000000008,0,0,0,0,false,0,0,false,false
A,1927-03,63,Grabski,opposition,0.000054273149432580466,100,59.72828632118332,89.62085502515659,6.824483886512774,6.824483886512774,42.926828089386845,0.36917761386804515,59.99999224669294,1.4645605929909324,1,1,0,1,22,62.586335135407126,79.00719634536459,3.1962955192982094,2.0347010454040837,42.29842232161492,55,75.93000000000018,0,58,true,14.59999999999998,1,20,25,20,25,2.1400000000000006,0,0,0,0,false,0,0,false,false
A,1927-04,64,Grabski,opposition,0.000037991204602806326,100,59.80979879663383,89.95328054966829,6.694660383326561,6.694660383326561,42.634979499751346,0.3709242948177498,59.999994572685054,1.4810427512578292,1,1,0,1,22,62.60818642789746,79.7071963453646,3.379200593499281,2.1527185251822694,42.29876735234769,55,76.08000000000018,0,60,true,14.79999999999998,1,20,25,20,25,2.1700000000000004,0,0,0,0,false,0,0,false,false
A,1927-05,65,Grabski,opposition,0.000026593843221964425,100,59.86685801790753,90.28803896839847,6.564408939644234,6.564408939644234,42.34068553585233,0.3721469819495074,59.999996200879536,1.4976640274834145,1,1,0,1,22,62.63102454320402,80.40719634536461,3.564448798834516,2.2723687228685936,42.296941312235326,55,76.23000000000019,0,62,true,14.999999999999979,1,20,25,20,25,2.2,0,0,0,0,false,0,0,false,false
A,1927-06,66,Grabski,opposition,0.000018615690255375095,100,59.906799814719975,90.62481594525985,6.433857935050219,6.433857935050219,42.044679795315105,0.37300287026861295,59.99999734061568,1.5144019484199234,1,1,0,1,22,62.654828074970744,81.10719634536463,3.7519945472986267,2.393620639492781,42.29293262588759,55,76.3800000000002,0,64,true,15.199999999999978,1,20,25,20,25,2.23,0,0,0,0,false,0,0,false,false
A,1927-07,67,Grabski,opposition,0.000013030983178762566,100,59.93475931183327,90.69151761977324,6.40809723602294,6.40809723602294,41.7474758008735,0.07360199722079962,59.999998138430975,1.531240797262993,1,1,0,1,22,62.65970988304267,81.80719634536462,3.941792146040003,2.5164719815501257,42.286974515461935,55,76.5300000000002,0,66,true,15.399999999999977,1,20,25,20,25,2.26,0,0,0,0,false,0,0,false,false
B,1922-01,1,Ponikowski,external_support,5.199999999999999,98.85931558935361,54.879999999999995,100,3,3,44.85,0,54.6,2,1,0,0,0,10,35.02281368821293,35.7,0,0,35.01320677946768,55,60.15,8,10,false,0.29999999999999993,2,20,25,20,25,0.28,2,1,0,0,false,0,0,false,false
B,1922-02,2,Ponikowski,external_support,6.039999999999999,98.0761976612599,54.75999999999999,99.98907452471482,3.00382391634981,3.00382391634981,44.7036,-0.010925475285171161,54.48,2,1,0,0,0,10,35.06320169316264,36.40104988906513,0,0,35.031106720259025,55,60.3,6,10,false,2.6,2,20,25,20,25,0.31000000000000005,2,2,0,0,false,0,0,false,false
B,1922-03,3,Ponikowski,external_support,6.627999999999998,97.53535656675545,54.65079999999999,99.9700861807984,3.0104705628982824,3.0104705628982824,44.5608,-0.018990418709920957,54.396,1.9994537262357412,1,0,0,0,10,35.11581788510177,37.10141945348079,0,0,35.052020893425684,55,60.449999999999996,4,10,false,1.9,2,35,25,20,25,0.3400000000000001,3,3,0,0,false,0,0,false,false
B,1922-04,4,Ponikowski,external_support,7.039599999999998,97.16030328962366,54.556719999999984,99.94513849837014,3.019204864511367,3.019204864511367,44.421276,-0.024955147465956527,54.3372,1.9985043090399202,1,0,0,0,10,35.17697897011584,37.800042428664966,0,0,35.07479756943025,55,60.599999999999994,2,10,false,2.1999999999999997,2,35,40,20,25,0.3700000000000001,3,4,0,0,false,0,0,false,false
B,1922-05,5,Ponikowski,external_support,7.327719999999998,96.89947760000865,54.478515999999985,99.91578783574015,3.029483235300421,3.029483235300421,44.2845744,-0.02936677368301099,54.29604,1.997256924918507,1,0,0,0,10,35.24412860351019,38.49628213624888,0,0,35.09864088215306,55,60.74999999999999,0,10,false,1.4999999999999996,2,50,40,20,25,0.40000000000000013,4,5,0,0,false,0,0,false,false
B,1922-06,6,Ponikowski (obowiązki),opposition,7.529403999999998,96.71773127283399,54.415129599999986,99.88318887197079,3.0409024890203966,3.0409024890203966,44.15021892,-0.03262643919993101,54.267228,1.9957893917870073,1,0,0,0,10,35.3154836049135,39.18977921553105,0,0,35.12299808461528,49,60.71999999999999,0,10,false,3.7999999999999994,2,50,40,20,25,0.43000000000000016,4,6,0,0,false,0,0,false,false
B,1922-07,7,Nowak,opposition,9.770582799999998,94.7430516876148,54.364708599999986,99.84819858650013,3.0531634110564614,3.0531634110564614,44.017765032,-0.03503120581732831,54.2470596,1.9941594435985395,1,0,0,0,10,35.426753032179235,39.88035124418532,0,0,35.159247748250294,53,60.809999999999995,0,10,false,3.099999999999999,2,50,40,35,25,0.49750000000000016,5,7,0,0,false,0,0,false,false
B,1922-08,8,Nowak,opposition,11.339407959999999,93.408077073091,54.262178535999986,99.79669193569569,3.07121814618114,3.07121814618114,43.886823774,-0.05158495749908185,54.02294172,1.9924099293250066,1,0,0,0,10,35.56761885827976,40.56319729467987,0,0,35.20414813974113,53,60.9,0,10,false,3.399999999999999,2,50,40,35,40,0.5650000000000002,5,8,0,0,false,0,0,false,false
B,1922-09,9,Nowak,opposition,12.437585572,92.49576062214805,54.14334273639999,99.73301894636569,3.093549093062485,3.093549093062485,43.75895841792,-0.06380270537527226,53.866059204,1.9898345967847846,1,0,0,0,10,35.72886911927747,41.23830192235765,0,0,35.25478452384373,53,60.99,0,10,false,2.699999999999999,2,50,40,50,40,0.6700000000000002,6,9,0,0,false,0,0,false,false
B,1922-10,10,Nowak,opposition,13.206309900399999,91.86767070801992,54.02721234831999,99.66032975825657,3.1190584139543707,3.1190584139543707,43.634658135828,-0.07288377397681575,53.7562414428,1.9866509473182845,1,0,0,0,10,35.904270365563015,41.90599750706546,0,0,35.30919401257598,53,61.080000000000005,0,10,false,2.9999999999999987,2,50,40,50,55,0.7750000000000001,6,10,0,0,false,0,0,false,false
B,1922-11,11,Nowak,opposition,13.744416930279998,91.43305913972652,53.92285934681199,99.58094985801857,3.146936071143235,3.146936071143235,43.513841765378395,-0.0796504491110408,53.67936900996,1.9830164879128283,1,0,0,0,10,36.089548011362915,42.56676903641726,0,0,35.366037233245976,53,61.17000000000001,0,10,false,3.2999999999999985,2,50,40,50,55,0.8800000000000001,6,11,0,0,false,0,0,false,false
B,1922-12,12,Sikorski,external_support,14.121091851195999,91.13126970043977,53.833669034859994,99.49661212595282,3.176578493981238,3.176578493981238,43.39615598497404,-0.08469263668000795,53.625558306972,0.9790474929009285,1,0,-1,0,10,36.28174382877312,43.22114769154382,0,0,35.42439193928747,57,63.38000000000001,8,10,false,4.599999999999999,2,50,40,50,55,0.9850000000000001,7,12,1,0,false,0,0,false,false
B,1923-01,13,Sikorski,external_support,18.8847642958372,87.47967043211912,53.75993556886611,99.40861253951228,3.2075341763869916,3.2075341763869916,43.281145913928235,-0.0884448068735819,53.5878908148804,1.974830606297641,1,0,0,0,10,36.547628261333614,43.86965384351495,0,0,35.505493599091885,57,63.59000000000001,6,10,false,4.899999999999999,2,50,55,50,55,1.09,7,13,1,0,false,0,0,false,false
B,1923-02,14,Sikorski,external_support,22.219335007086038,85.0929192127991,53.56541196933116,99.29055128955805,3.249101437440511,3.249101437440511,43.168347846862254,-0.11876360301005535,53.11152357041628,1.9704306269756138,1,0,0,0,10,36.86655350760439,44.49676340609546,0,0,35.602845058837254,57,63.80000000000001,4,10,false,5.199999999999998,2,50,55,50,55,1.195,7,14,0,0,false,0,0,false,false
B,1923-03,15,Sikorski,external_support,24.553534504960226,83.49823263815794,53.329208328319226,99.15077455253395,3.2983728508056847,3.2983728508056847,43.06138548778232,-0.1407754667576398,52.7780664992914,0.9645275644779026,1,0,0,0,10,37.22122456152382,45.10741829769835,0,0,35.710972390396215,57,64.01,2,10,false,5.499999999999998,2,50,55,50,55,1.3,7,15,0,0,false,0,0,false,false
B,1923-04,16,Sikorski,external_support,26.187474153472156,82.41705501887833,53.09383979467465,98.9950324680465,3.3533494556951666,3.3533494556951666,42.96150923793274,-0.15707601396994808,52.54464654950398,0.9575387276266973,1,0,0,0,10,37.60037176359099,45.70561612122231,0,0,35.82632954648738,57,64.22,0,10,false,4.799999999999998,2,50,55,50,55,1.405,8,16,1,0,false,0,0,true,false
B,1923-05,17,Chjeno-Piast,opposition,27.331231907430507,81.67674060956841,52.88006363166809,98.82747747259099,3.412589042720265,3.412589042720265,42.8686940440925,-0.1692559629288536,52.381252584652785,0.9497516234023251,1,0,0,0,10,37.99645674491217,46.294535900032585,0,0,35.94655948943082,61,64.55,0,10,false,5.099999999999998,2,50,55,50,55,1.51,8,17,1,0,false,0,0,true,false
B,1923-06,18,Chjeno-Piast,opposition,28.131862335201355,81.16638446097755,52.69610758494474,98.65118395766771,3.475023834947216,3.475023834947216,42.782292135142455,-0.1783851206484314,52.26687680925695,-1.0586261263704508,1,2,0,0,18,38.4043464518061,46.87666400279433,0,0,36.07006771402429,67,65.06,0,10,false,5.399999999999998,2,50,55,50,55,1.615,8,17,1,0,false,0,0,true,false
B,1923-07,19,Chjeno-Piast,opposition,37.69230363464095,75.53072848280493,52.54331943940527,98.46845502280902,3.5398533936355188,3.5398533936355188,42.701408907594114,-0.18522731053800845,52.186813766479865,-0.0674408021166144,1,2,0,1,22,38.92614666149415,47.98691004614386,0,0,36.76255428195304,63,65.45,0,10,false,5.6999999999999975,2,50,55,50,55,1.72,8,17,1,0,false,0,0,true,false
B,1923-08,20,Chjeno-Piast,opposition,44.38461254424867,72.0298362598215,49.14955449854446,98.23941308296952,3.6212649268267874,3.6212649268267874,42.62510932441196,-0.23260438054648144,41.2307696365359,-1.0765772488595489,1,4,1,1,22,39.52625570289336,48.53589863127895,0,0,37.05324493233012,63,65.84,0,10,false,5.999999999999997,2,50,55,50,55,1.825,8,18,1,0,false,0,0,true,false
B,1923-09,21,Chjeno-Piast,opposition,49.069228780974065,69.76624273867156,46.573149772653665,97.9333796355454,3.7302962241819286,3.7302962241819286,42.65062268945562,-0.31151799244326117,40.561538745575135,-2.088029345851524,0.5,4,1,1,22,40.185446496797496,49.05254504607179,0,0,37.25590472362239,63,66.23,0,10,false,6.299999999999997,2,50,55,50,55,1.93,8,18,0,0,false,0,0,true,false
B,1923-10,22,Chjeno-Piast,opposition,70.34846014668184,61.051329674743634,44.62912797742834,97.5727176249638,3.8591917082072165,3.8591917082072165,42.75342819627601,-0.3682728115008225,40.093077121902596,-2.10333101822273,0.5,4,1,1,22,47.42886764531527,49.54993975068692,0,0,39.53777798257618,63,66.62,0,10,false,6.599999999999997,2,50,55,50,55,2.035,8,18,0,0,false,0,0,true,false
B,1923-11,23,Chjeno-Piast,opposition,85.24392210267729,56.14219285551228,45.62993577979938,96.73343235078954,4.160249066361436,4.160249066361436,39.91455435695316,-0.860163880440626,47.96515398533182,-1.12136411875181,1,2,1,1,22,50.45655246728214,50.45476639475399,0,0,38.35176251103868,67,67.13000000000001,0,8,false,6.899999999999997,2,50,55,50,55,1.81016875,8,19,0,13.100381250000002,false,0,0,true,true
B,1923-12,24,Grabski,external_support,59.6707454718741,56.14219285551228,45.88363738277924,95.89690650177354,4.462920066490804,4.462920066490804,40.04565628355918,-0.864774286083911,46.47560778973227,1.8366716175394773,1,2,3,2,34,51.48504411023657,43.365320843283165,0,0,38.538119026694226,71,67.76,0,6,false,7.199999999999997,2,50,55,50,55,1.5968290625000001,8,19,1,12.4453621875,true,0,0,true,false
B,1924-01,25,Grabski,external_support,41.76952183031187,56.14219285551228,46.82842380378924,95.09010838356936,4.757381433048279,4.757381433048279,40.1691471620758,-0.8413181901642132,49.03292545281259,2.7948453250886773,1,2,3,2,34,52.50943093640506,42.769063502060185,0,0,38.80972781464413,75,68.51,0,6,false,7.4999999999999964,2,50,55,50,55,1.3949809375000002,8,19,0,11.790343125,true,0,0,true,false
B,1924-02,26,Grabski,external_support,29.238665281218303,56.14219285551228,48.02681100774311,94.32225973126143,5.040004970739201,5.040004970739201,40.26429444796212,-0.8074958219740631,50.82304781696881,1.754505419178468,1,2,2,2,34,53.527898848140275,42.20544144925513,0,0,39.077978076301214,75,69.26,0,6,false,7.799999999999995,2,50,55,50,55,1.2046243750000003,8,20,0,11.1353240625,true,0,0,true,false
B,1924-03,27,Grabski,external_support,20.46706569685281,56.88785315734834,49.241607746983625,93.89265929163092,5.199416072953115,5.199416072953115,40.323490117729825,-0.45546029203975513,52.07613347187817,2.716112986563071,1,2,2,2,34,54.469847336100266,41.359003780089374,0,0,39.32059601143247,75,70.01,0,4,false,8.099999999999994,2,50,55,50,55,1.3096243750000003,8,20,0,0,true,0,0,true,false
B,1924-04,28,Grabski,external_support,14.326945987796966,57.683995871258254,50.35511345198295,93.48772554816269,5.350361643440875,5.350361643440875,40.34624188532032,-0.4312730585364589,52.953293430314716,2.6946329645815457,1,2,2,2,34,55.39164020391898,40.52894679650102,0,0,39.55594898537462,75,70.76,0,4,false,8.399999999999993,2,50,55,50,55,1.4146243750000003,8,20,0,0,true,0,0,true,false
B,1924-05,29,Grabski,external_support,10.028862191457875,57.683995871258254,51.31877103675415,93.10610740791957,5.493232109378441,5.493232109378441,40.33558848176083,-0.40820133125018965,53.5673054012203,3.674386277408134,1,2,2,2,34,56.3093955194626,39.70960156361592,0,0,39.788901720459826,71,71.39,0,4,false,8.699999999999992,2,50,55,50,55,1.5196243750000002,8,20,0,0,true,0,0,false,false
B,1924-06,30,Grabski,external_support,7.020203534020513,57.683995871258254,52.12227385998416,92.73950539899404,5.631043372995959,5.631043372995959,40.296025350658205,-0.3937464674786217,53.997113780854214,1.6553053703959781,1,2,0,2,34,57.22462123384619,38.90608833141533,0,0,40.01980111406212,71,72.02,0,4,false,8.999999999999991,2,50,55,50,55,1.6246243750000002,8,20,0,0,true,0,0,false,false
B,1924-07,31,Grabski,external_support,4.914142473814358,60.683995871258254,52.77498559596829,92.38552434069032,5.764636246791518,5.764636246791518,40.23235713485868,-0.38169392513017153,54.29797964659795,1.6369752699497022,1,2,0,2,34,58.07773775331881,38.117603005916536,0,0,40.230097251917115,71,72.64999999999999,0,4,false,9.29999999999999,2,50,55,50,55,1.7296243750000002,8,20,0,0,true,0,0,false,false
B,1924-08,32,Grabski,external_support,3.439899731670051,63.683995871258254,53.29506564296337,92.06411209981985,5.886402383973161,5.886402383973161,40.14910756697963,-0.34790324909040965,54.508585752618565,1.6192762170345163,1,2,0,2,34,58.86494090448446,37.30940735511014,0,0,40.41854787956153,71,73.27999999999999,0,4,false,9.599999999999989,2,50,55,50,55,1.8346243750000002,8,20,0,0,true,0,0,false,false
B,1924-09,33,Grabski,external_support,2.4079298121690353,66.68399587125825,53.70334895812425,91.77309555564442,5.99703810090808,5.99703810090808,41.05025559769073,-0.3161020483854834,54.656010026832995,1.6032056049909924,1,2,0,2,34,59.58657884552676,36.47846618317947,0,0,40.59164791244848,71,73.90999999999998,0,4,false,9.899999999999988,2,50,55,50,55,1.9396243750000002,8,20,0,0,true,0,0,false,false
B,1924-10,34,Grabski,external_support,1.6855508685183247,69.68399587125825,54.0201063763219,91.51064487721402,6.097130330438405,6.097130330438405,41.939155128947,-0.28597779865807027,54.759207018783094,1.5886547777822209,1,2,0,2,34,60.24294504286675,35.622166885543145,0,0,40.74952538797832,71,74.53999999999998,0,4,false,10.199999999999987,2,50,55,50,55,2.044624375,8,20,0,0,true,0,0,false,false
B,1924-11,35,Grabski,external_support,1.1798856079628273,72.68399587125825,54.26350793736978,91.27525530556822,6.187159583523192,6.187159583523192,42.81855193765735,-0.25722643738510553,54.83144491314817,1.575532243860701,1,2,0,2,34,60.834279751983985,34.73811782366667,0.011395682268216306,0.006743737774726163,40.892299191667796,67,75.04999999999998,0,4,false,10.499999999999986,2,50,55,50,55,2.149624375,8,20,0,0,true,0,0,false,false
B,1924-12,36,Grabski,external_support,0.8259199255739791,75.68399587125825,54.449058987919955,91.06570976034885,6.267510978412478,6.267510978412478,43.69064669953625,-0.22957541396938733,54.882011439203715,1.563762765278411,1,2,0,2,34,61.360775532003466,33.8240259145062,0.050495241115102125,0.03009139982158401,41.02007833905801,55,75.19999999999999,0,4,false,10.799999999999985,2,50,55,50,55,2.254624375,8,20,0,0,true,0,0,false,false
B,1925-01,37,Grabski,external_support,0.5781439479017854,78.68399587125825,54.589563693776746,90.88103565124212,6.338488230286375,6.338488230286375,44.55717492989865,-0.2027921482111347,54.9174080074426,1.5532854880174427,1,2,0,2,34,61.82258424051525,32.87762394282242,0.11422138786844258,0.06846993348952558,41.13296207879943,55,75.35,0,6,true,11.099999999999984,2,50,55,50,55,2.359624375,8,20,0,0,true,0,0,false,false
B,1925-02,38,Grabski,external_support,0.40470076353124973,81.68399587125825,54.69535026720666,90.72046287726205,6.400327832454524,6.400327832454524,45.41948801908535,-0.17668457762328282,54.94218560520982,1.5440517825621058,1,2,0,2,34,62.21982412417416,31.89662775760565,0.1995180315734236,0.1201807280273846,41.230151070200876,55,75.5,0,8,true,11.399999999999983,2,50,55,50,55,2.464624375,8,20,0,0,true,0,0,false,false
B,1925-03,39,Grabski,external_support,0.2832905344718748,84.68399587125825,54.77460416413872,90.58338627273618,6.453212055112166,6.453212055112166,45.278627511069146,-0.15109777902183408,54.959529923646876,1.5360231438631025,1,2,0,2,34,62.552586318077815,30.878710346657922,0.30334673988295685,0.18341746891854752,41.306554586981434,55,75.65,0,10,true,11.699999999999982,2,50,55,50,55,2.569624375,8,20,0,0,true,0,0,false,false
B,1925-04,40,Grabski,external_support,0.19830337413031235,87.68399587125825,54.83372419886294,90.46933366357467,6.497280194810915,6.497280194810915,45.135389386144986,-0.1259089705678532,54.97167094655281,1.529169313636809,1,2,0,2,34,62.82094047050202,29.82148446756102,0.4226836215218514,0.25628369107175064,41.36225101227583,55,75.80000000000001,0,12,true,11.99999999999998,2,50,55,50,55,2.674624375,8,20,0,0,true,0,0,false,false
B,1925-05,41,Grabski,external_support,0.13881236189121862,90.68399587125825,54.877657837980145,90.37793957948068,6.532637954327361,6.532637954327361,44.9903776601791,-0.10102217004698995,54.98016966258697,1.5234666831787336,1,2,0,2,34,63.02493943283508,28.72248863567769,0.5545165536547026,0.3368101025717944,41.397289649764076,55,75.95000000000002,0,14,true,12.29999999999998,2,50,55,50,55,2.779624375,8,20,0,0,true,0,0,false,false
B,1925-06,42,Grabski,external_support,0.09716865332385304,93.68399587125825,51.31019611572936,89.94741236562213,6.699365062238442,6.699365062238442,44.844047925039696,-0.4763631654602319,42.98611876381088,1.518896978974034,1,2,0,2,34,63.23462306936546,28.381223974348735,0.6956309385205955,0.42331607068811467,41.43377023074535,55,76.10000000000002,0,16,true,12.599999999999978,2,50,55,50,55,2.884624375,8,21,1,0,true,0,0,false,false
B,1925-07,43,Grabski,external_support,0.06801805732669712,96.68399587125825,48.81422222141084,89.49239081120095,6.87642134419134,6.87642134419134,44.80474204156781,-0.5058750912939937,42.990283134667614,-0.5026293817188936,1,4,0,2,34,63.389471292916745,28.089605708291646,0.8462407764315694,0.5154828051940195,41.45252201789528,55,76.25000000000003,0,18,true,12.899999999999977,2,50,55,50,55,2.989624375,8,21,1,0,true,0,0,false,false
B,1925-08,44,Grabski,external_support,0.04761264012868798,99.68399587125825,47.06791501326778,89.02764367059756,7.05818148908941,7.05818148908941,44.84031537492549,-0.5193146997087714,42.99319819426733,-0.5253804594399525,1,4,0,2,34,63.486671447940616,27.811957333801846,1.0037525893086743,0.6114804039933158,41.453147339371746,55,76.40000000000003,0,6,false,13.199999999999976,2,50,55,50,55,3.094624375,8,21,1,0,true,0,0,false,false
B,1925-09,45,Grabski,external_support,0.03332884809008158,100,47.34611213008358,88.56335622231285,7.240709746830231,7.240709746830231,44.92827792452746,-0.5215093078309173,47.99523873598713,0.4513821835298777,1,3,0,2,34,63.57793557681103,27.524498460741686,1.165463173737156,0.7099601863458773,41.45175047984813,55,76.55000000000004,0,4,false,13.499999999999975,2,50,55,50,55,3.199624375,8,21,0,0,true,0,0,false,false
B,1925-10,46,Grabski,external_support,0.023330193663057105,100,47.5412786256158,88.10742469773724,7.4208926581472925,7.4208926581472925,45.00789456062495,-0.5148083180487463,47.996667115190995,0.4281678111156424,1,3,0,2,34,63.66802703246956,27.211143168233065,1.3310842146510669,0.8107659179871582,41.44968913723054,55,76.70000000000005,0,4,false,13.799999999999974,2,50,55,50,55,3.304624375,8,21,0,0,true,0,0,false,false
B,1925-11,47,Grabski,external_support,0.01633113556413997,100,47.67819513212117,87.65641968917105,7.60005094536281,7.60005094536281,45.081656201856475,-0.511880820615763,47.997666980633696,0.4053712348868621,1,3,0,2,34,63.75760617607732,26.880673280336232,1.5005469701166763,0.9138476303098413,41.44700762755917,55,76.85000000000005,0,4,false,14.099999999999973,2,50,55,50,55,3.409624375,8,21,0,0,true,0,0,false,false
B,1925-12,48,Grabski,external_support,0.011431794894897979,100,47.774246658417894,87.2095235303572,7.778490420919174,7.778490420919174,45.15131034789284,-0.5098270730181825,47.998366886443584,0.38282098445855217,1,3,0,2,34,63.8468259138555,26.535844269007637,1.6738130270974405,1.019169141827256,41.44374180739144,55,77.00000000000006,0,4,false,14.399999999999972,2,50,55,50,55,3.514624375,8,21,0,0,true,0,0,false,false
B,1926-01,49,Grabski,external_support,0.008002256426428584,100,49.64162970704568,86.9405813073864,7.88642562596248,7.88642562596248,45.2180829481403,-0.3083863001237316,53.99885682051051,0.3604761765178601,1,3,0,2,34,63.90079351637715,25.8123836755609,1.850985469557392,1.126149026469112,41.42872394853935,55,77.15000000000006,0,4,false,14.69999999999997,2,50,55,50,55,3.619624375,8,21,0,0,true,0,0,false,false
B,1926-02,50,Grabski,external_support,0.005601579498500008,100,50.94890072723918,86.69682117055217,7.98455707000049,7.98455707000049,45.22883405692893,-0.28037555439431483,53.99919977435736,0.34702906536931977,1,3,0,2,34,63.94985923839616,25.040271553564228,2.0304520911513486,1.234226099022473,41.41172336590986,55,77.30000000000007,0,4,false,14.99999999999997,2,50,55,50,55,3.724624375,8,21,0,0,true,0,0,false,false
B,1926-03,51,Grabski,external_support,0.003921105648950006,100,51.864062461682465,86.47074491383187,8.075825341182485,8.075825341182485,45.20036703511175,-0.26076648909141237,53.99943984205015,0.3348410585276085,1,3,0,2,34,63.99549337398715,24.235487276180216,2.2119958664053847,1.3432660402845085,41.39308581549315,55,77.45000000000007,0,4,false,15.299999999999969,2,50,55,50,55,3.829624375,8,21,0,0,true,0,0,false,false
B,1926-04,52,Grabski,external_support,0.002744773954265004,100,52.504726090008255,86.25712839576296,8.162289013258652,8.162289013258652,45.14444516126128,-0.24703906307476303,53.999607889435104,0.32353724569159326,1,3,0,2,34,64.03872521002523,23.409130354396726,2.3954643492702212,1.4531736751899391,41.37305334553782,55,77.60000000000008,0,4,false,15.599999999999968,2,50,55,50,55,3.934624375,8,21,0,0,true,0,0,false,false
B,1926-05,53,Grabski,external_support,0.0019213417679855027,100,52.953225919787144,86.05232886466592,8.245389201286109,8.245389201286109,45.06930337856103,-0.23742910864987618,53.99972552260457,0.31285641978814827,1,3,0,2,34,64.08027530403896,22.568943402071383,2.5807501791546312,1.5638806307708615,41.35179540315661,55,77.75000000000009,0,4,false,15.899999999999968,2,50,55,50,55,4.039624375,8,21,0,0,true,0,0,false,false
B,1926-06,54,Grabski,external_support,0.0013449392375898517,100,53.26720050359796,85.85380475549728,8.326134765207227,8.326134765207227,44.980706600967416,-0.23070161120319285,53.9998078658232,0.3026164432332963,1,3,0,2,34,64.12064808599952,21.72033738890942,2.7677774833262916,1.6753368586069464,41.32938970865964,55,77.90000000000009,0,4,false,16.19999999999997,2,50,55,50,55,4.144624375,8,21,0,0,true,0,0,false,false
B,1926-07,55,Grabski,external_support,0.0009414574663128961,100,55.287000004341444,86.0890510553171,8.230231962563337,8.230231962563337,44.88269058585948,0.2740080075539694,59.99986550607624,0.29269023777486414,1,3,0,2,34,64.07558135516767,20.42033738890942,2.9547850611170103,1.7853712093671694,41.293514247358836,55,78.0500000000001,0,4,false,16.49999999999997,2,50,55,50,55,4.249624375000001,8,21,0,0,true,0,0,false,false
B,1926-08,56,Grabski,external_support,0.0006590202264190273,100,56.70087175931502,86.35102434218705,8.123725212540545,8.123725212540545,44.72408058572923,0.3043050000651216,59.99990585425337,0.3044525527658548,1,3,0,2,34,64.02413485744604,19.120337388909423,3.139646321089264,1.893754286946924,41.257084632768546,55,78.2000000000001,0,4,false,16.799999999999972,2,50,55,50,55,4.354624375000001,8,21,0,0,true,0,0,false,false
B,1926-09,57,Grabski,external_support,0.00046131415849331905,100,57.69059046091371,86.63210821801734,8.009795635804142,8.009795635804142,44.523054432949785,0.3255130763897253,59.99993409797736,0.3175512171093522,1,3,0,2,34,63.967624701324425,17.82033738890942,3.322137624646896,2.0003691158861545,41.219862781256616,55,78.35000000000011,0,4,false,17.099999999999973,2,50,55,50,55,4.4596243750000015,8,21,0,0,true,0,0,false,false
B,1926-10,58,Grabski,external_support,0.0003229199109453233,100,58.383399483214845,86.92696827126842,7.890670035884345,7.890670035884345,44.292336719122375,0.34035885691370565,59.99995386858415,0.3316054109008668,1,3,0,2,34,63.90700547277384,16.520337388909418,3.5020734527785615,2.1051220569310902,41.181682032853736,55,78.50000000000011,0,4,false,17.399999999999974,2,50,55,50,55,4.564624375000002,8,21,0,0,true,0,0,false,false
B,1926-11,59,Grabski,external_support,0.0002260439376617263,100,58.86836995065306,87.23186547501119,7.7679071885974675,7.7679071885974675,44.04083473462593,0.35075099224822265,59.9999677080089,0.34634841356342116,1,3,0,2,34,63.842968871992,15.22033738890942,3.67929598361501,2.2079363651285244,41.14242572458263,55,78.65000000000012,0,4,false,17.699999999999974,2,50,55,50,55,4.669624375000002,8,21,0,0,true,0,0,false,false
B,1926-12,60,Grabski,external_support,0.0001582307563632084,100,59.207852184139014,87.54417784050766,7.642598246356539,7.642598246356539,43.77478363610634,0.3580255492597959,59.99997739560624,0.3615932737505596,1,3,0,2,34,63.77601590723889,13.920337388909417,3.8536674927015158,2.3087475096541064,41.10201219166006,55,78.80000000000013,0,4,false,17.999999999999975,2,50,55,50,55,4.774624375000003,8,21,0,0,true,0,0,false,false
B,1927-01,61,Grabski,external_support,0.00011076152945424587,100,59.44549178197462,87.8620663180194,7.5155070223898095,7.5155070223898095,43.498548070582174,0.3631177827620852,59.999984176924364,0.3772088920253829,1,3,0,2,34,63.70650953803763,12.620337388909414,4.02506482037256,2.4074997774282405,41.0603842682484,55,78.95000000000013,0,4,false,18.299999999999976,2,50,55,50,55,4.879624375000003,8,21,0,0,true,0,0,false,false
B,1927-02,62,Grabski,external_support,0.0000775330706179721,100,59.611840924536345,88.18424103103806,7.387168190534442,7.387168190534442,43.215183317122936,0.36668237672961923,59.999988923847056,0.39310331590097025,1,3,0,2,34,63.6347129502325,11.320337388909415,4.193375349940344,2.50414381053635,41.0175019379187,55,79.10000000000014,0,4,false,18.599999999999977,2,50,55,50,55,4.984624375000004,8,21,0,0,true,0,0,false,false
B,1927-03,63,Grabski,external_support,0.000054273149432580466,100,59.72828632118332,88.5097975078841,7.257956025680627,7.257956025680627,42.926828089386845,0.36917761386804515,59.99999224669294,0.4092120515519029,1,3,0,2,34,63.560817319245594,10.020337388909416,4.35849408814334,2.598634821772168,40.97333718893093,55,79.25000000000014,0,4,false,18.899999999999977,2,50,55,50,55,5.089624375000004,8,21,0,0,true,0,0,false,false
B,1927-04,64,Grabski,external_support,0.000037991204602806326,100,59.80979879663383,88.83810185013485,7.128132522494414,7.128132522494414,42.634979499751346,0.3709242948177498,59.999994572685054,0.4254898753942049,1,3,0,2,34,63.48496190962199,8.720337388909416,4.5203215484606245,2.6909313019004326,40.92787041289916,55,79.40000000000015,0,4,false,19.199999999999978,2,50,55,50,55,5.1946243750000045,8,21,0,0,true,0,0,false,false
B,1927-05,65,Grabski,external_support,0.000026593843221964425,100,59.86685801790753,89.16871016499137,6.997881078812086,6.997881078812086,42.34068553585233,0.3721469819495074,59.999996200879536,0.4419050925067425,1,3,0,2,34,63.40724860268893,7.420337388909412,4.678762218331288,2.7809940829920974,40.88108788383578,55,79.55000000000015,0,4,false,19.49999999999998,2,50,55,50,55,5.299624375000005,8,21,0,0,true,0,0,false,false
B,1927-06,66,Grabski,external_support,0.000018615690255375095,100,59.906799814719975,89.5013120132883,6.867330074218072,6.867330074218072,42.044679795315105,0.37300287026861295,59.99999734061568,0.45843550824956836,1,3,0,2,34,63.32775238225603,6.120337388909413,4.83372345043698,2.868785659284747,40.83297999346721,55,79.70000000000016,0,4,false,19.79999999999998,2,50,55,50,55,5.404624375000005,8,21,0,0,true,0,0,false,false
B,1927-07,67,Grabski,external_support,0.000013030983178762566,100,59.93475931183327,89.5671867664689,6.841569375190792,6.841569375190792,41.7474758008735,0.07360199722079962,59.999998138430975,0.47506560066441494,1,3,0,2,34,63.31173279686597,4.8203373889094125,4.987981365439352,2.955900469038454,40.78309184094432,55,79.85000000000016,0,4,false,20.09999999999998,2,50,55,50,55,5.509624375000006,8,21,0,0,true,0,0,false,false
B,1927-08,68,Grabski,external_support,0.000009121688225133795,100,59.95433112735378,89.63348564280847,6.8156618888036675,6.8156618888036675,41.4494330215185,0.07402138967749902,59.999998696901685,0.47835933832344457,1,3,0,2,34,63.2952694318598,3.520337388909414,5.141515115892309,3.042329700923897,40.73141871813247,55,80.00000000000017,0,4,false,20.39999999999998,2,50,55,50,55,5.614624375000006,8,21,0,0,true,0,0,false,false
B,1927-09,69,Grabski,external_support,0.000006385181757593656,100,59.968031515496996,89.70009673800448,6.789651650385061,6.789651650385061,41.15080308769789,0.07431496691030673,59.99999908783118,0.4816742821404234,1,3,0,2,34,63.278387214189756,2.2203373889094133,5.294304923022084,3.1280652158529225,40.67795732930917,55,80.15000000000018,0,4,false,20.69999999999998,2,50,55,50,55,5.719624375000007,8,21,0,0,true,0,0,false,false
B,1927-10,70,Grabski,external_support,0.000004469627230315559,100,59.977621869292435,89.76694167413511,6.763569484928701,6.763569484928701,40.85176214223298,0.07452047273245493,59.99999936148183,0.4850048369002238,1,3,0,2,34,63.26110410504252,0.9203373889094136,5.44633177616819,3.213099369121094,40.62270536744892,55,80.30000000000018,0,4,false,20.999999999999982,2,50,55,50,55,5.824624375000007,8,21,0,0,true,0,0,false,false
B,1927-11,71,Grabski,external_support,0.0000031287390612208913,100,59.98433517441589,89.8339655579376,6.737436970114916,6.737436970114916,40.55243348615421,0.07466432803938651,59.99999955303728,0.4883470837067554,1,3,0,2,34,63.24343306247916,0.5280993935177691,5.597577216379529,3.3015879937851222,40.585742049121976,55,80.45000000000019,0,4,false,21.299999999999983,2,50,55,50,55,5.9296243750000075,8,21,0,0,true,0,0,false,false
B,1927-12,72,Grabski,external_support,0.0000021901173428546237,100,59.98903452822894,89.90112994709575,6.711269210449233,6.711269210449233,40.252903430921734,0.07476502761623834,59.99999968712609,0.49169827789688014,1,3,0,2,34,63.22569309600298,0.297134926512693,5.748037623800896,3.390333223279912,40.550461135791394,55,80.6000000000002,0,4,false,21.599999999999984,2,50,55,50,55,6.034624375000008,8,21,0,0,true,0,0,false,false
B,1928-01,73,Grabski,external_support,0.0000015330821399982365,100,59.992324104056735,89.96840792331069,6.685076779176031,6.685076779176031,39.95323239507486,0.07483551792343413,59.99999978098827,0.4950564973547875,1,3,0,2,34,63.20794636735596,0.13167568521766687,5.8977122582840655,3.478614984670856,40.51473197343772,55,80.7500000000002,0,4,false,21.899999999999984,2,50,55,50,55,6.139624375000008,8,21,0,0,true,0,0,false,false
C,1922-01,1,Ponikowski,external_support,5.199999999999999,98.85931558935361,54.879999999999995,100,3,3,44.85,0,54.6,2,1,0,0,0,10,35.02281368821293,35.7,0,0,35.01320677946768,55,60.15,8,10,false,0.29999999999999993,2,20,25,20,25,0.28,2,1,0,0,false,0,0,false,false
C,1922-02,2,Ponikowski,external_support,6.039999999999999,98.0761976612599,54.75999999999999,99.98907452471482,3.00382391634981,3.00382391634981,44.7036,-0.010925475285171161,54.48,2,1,0,0,0,10,35.06320169316264,36.40104988906513,0,0,35.031106720259025,55,60.3,6,10,false,2.6,2,20,25,20,25,0.31000000000000005,2,2,0,0,false,0,0,false,false
C,1922-03,3,Ponikowski,external_support,6.627999999999998,97.53535656675545,54.65079999999999,99.9700861807984,3.0104705628982824,3.0104705628982824,44.5608,-0.018990418709920957,54.396,1.9994537262357412,1,0,0,0,10,35.11581788510177,37.10141945348079,0,0,35.052020893425684,55,60.449999999999996,4,10,false,1.9,2,35,25,20,25,0.3400000000000001,3,3,0,0,false,0,0,false,false
C,1922-04,4,Ponikowski,external_support,7.039599999999998,97.16030328962366,54.556719999999984,99.94513849837014,3.019204864511367,3.019204864511367,44.421276,-0.024955147465956527,54.3372,1.9985043090399202,1,0,0,0,10,35.17697897011584,37.800042428664966,0,0,35.07479756943025,55,60.599999999999994,2,10,false,2.1999999999999997,2,35,40,20,25,0.3700000000000001,3,4,0,0,false,0,0,false,false
C,1922-05,5,Ponikowski,external_support,7.327719999999998,96.89947760000865,54.478515999999985,99.91578783574015,3.029483235300421,3.029483235300421,44.2845744,-0.02936677368301099,54.29604,1.997256924918507,1,0,0,0,10,35.24412860351019,38.49628213624888,0,0,35.09864088215306,55,60.74999999999999,0,10,false,1.4999999999999996,2,50,40,20,25,0.40000000000000013,4,5,0,0,false,0,0,false,false
C,1922-06,6,Ponikowski (obowiązki),opposition,7.529403999999998,96.71773127283399,54.415129599999986,99.88318887197079,3.0409024890203966,3.0409024890203966,44.15021892,-0.03262643919993101,54.267228,1.9957893917870073,1,0,0,0,10,35.3154836049135,39.18977921553105,0,0,35.12299808461528,49,60.71999999999999,0,10,false,3.7999999999999994,2,50,40,20,25,0.43000000000000016,4,6,0,0,false,0,0,false,false
C,1922-07,7,Nowak,opposition,9.770582799999998,94.7430516876148,54.364708599999986,99.84819858650013,3.0531634110564614,3.0531634110564614,44.017765032,-0.03503120581732831,54.2470596,1.9941594435985395,1,0,0,0,10,35.426753032179235,39.88035124418532,0,0,35.159247748250294,53,60.809999999999995,0,10,false,3.099999999999999,2,50,40,35,25,0.49750000000000016,5,7,0,0,false,0,0,false,false
C,1922-08,8,Nowak,opposition,11.339407959999999,93.408077073091,54.262178535999986,99.79669193569569,3.07121814618114,3.07121814618114,43.886823774,-0.05158495749908185,54.02294172,1.9924099293250066,1,0,0,0,10,35.56761885827976,40.56319729467987,0,0,35.20414813974113,53,60.9,0,10,false,3.399999999999999,2,50,40,35,40,0.5650000000000002,5,8,0,0,false,0,0,false,false
C,1922-09,9,Nowak,opposition,12.437585572,92.49576062214805,54.14334273639999,99.73301894636569,3.093549093062485,3.093549093062485,43.75895841792,-0.06380270537527226,53.866059204,1.9898345967847846,1,0,0,0,10,35.72886911927747,41.23830192235765,0,0,35.25478452384373,53,60.99,0,10,false,2.699999999999999,2,50,40,50,40,0.6700000000000002,6,9,0,0,false,0,0,false,false
C,1922-10,10,Nowak,opposition,13.206309900399999,91.86767070801992,54.02721234831999,99.66032975825657,3.1190584139543707,3.1190584139543707,43.634658135828,-0.07288377397681575,53.7562414428,1.9866509473182845,1,0,0,0,10,35.904270365563015,41.90599750706546,0,0,35.30919401257598,53,61.080000000000005,0,10,false,2.9999999999999987,2,50,40,50,55,0.7750000000000001,6,10,0,0,false,0,0,false,false
C,1922-11,11,Nowak,opposition,13.744416930279998,91.43305913972652,53.92285934681199,99.58094985801857,3.146936071143235,3.146936071143235,43.513841765378395,-0.0796504491110408,53.67936900996,1.9830164879128283,1,0,0,0,10,36.089548011362915,42.56676903641726,0,0,35.366037233245976,53,61.17000000000001,0,10,false,3.2999999999999985,2,50,40,50,55,0.8800000000000001,6,11,0,0,false,0,0,false,false
C,1922-12,12,Sikorski,external_support,14.121091851195999,91.13126970043977,53.833669034859994,99.49661212595282,3.176578493981238,3.176578493981238,43.39615598497404,-0.08469263668000795,53.625558306972,0.9790474929009285,1,0,-1,0,10,36.28174382877312,43.22114769154382,0,0,35.42439193928747,57,63.38000000000001,8,10,false,4.599999999999999,2,50,40,50,55,0.9850000000000001,7,12,1,0,false,0,0,false,false
C,1923-01,13,Sikorski,external_support,18.8847642958372,87.47967043211912,53.75993556886611,99.40861253951228,3.2075341763869916,3.2075341763869916,43.281145913928235,-0.0884448068735819,53.5878908148804,1.974830606297641,1,0,0,0,10,36.547628261333614,43.86965384351495,0,0,35.505493599091885,57,63.59000000000001,6,10,false,4.899999999999999,2,50,55,50,55,1.09,7,13,1,0,false,0,0,false,false
C,1923-02,14,Sikorski,external_support,22.219335007086038,85.0929192127991,53.56541196933116,99.29055128955805,3.249101437440511,3.249101437440511,43.168347846862254,-0.11876360301005535,53.11152357041628,1.9704306269756138,1,0,0,0,10,36.86655350760439,44.49676340609546,0,0,35.602845058837254,57,63.80000000000001,4,10,false,5.199999999999998,2,50,55,50,55,1.195,7,14,0,0,false,0,0,false,false
C,1923-03,15,Sikorski,external_support,24.553534504960226,83.49823263815794,53.329208328319226,99.15077455253395,3.2983728508056847,3.2983728508056847,43.06138548778232,-0.1407754667576398,52.7780664992914,0.9645275644779026,1,0,0,0,10,37.22122456152382,45.10741829769835,0,0,35.710972390396215,57,64.01,2,10,false,5.499999999999998,2,50,55,50,55,1.3,7,15,0,0,false,0,0,false,false
C,1923-04,16,Sikorski,external_support,26.187474153472156,82.41705501887833,53.09383979467465,98.9950324680465,3.3533494556951666,3.3533494556951666,42.96150923793274,-0.15707601396994808,52.54464654950398,0.9575387276266973,1,0,0,0,10,37.60037176359099,45.70561612122231,0,0,35.82632954648738,57,64.22,0,10,false,4.799999999999998,2,50,55,50,55,1.405,8,16,1,0,false,0,0,true,false
C,1923-05,17,Chjeno-Piast,opposition,27.331231907430507,81.67674060956841,52.88006363166809,98.82747747259099,3.412589042720265,3.412589042720265,42.8686940440925,-0.1692559629288536,52.381252584652785,0.9497516234023251,1,0,0,0,10,37.99645674491217,46.294535900032585,0,0,35.94655948943082,61,64.55,0,10,false,5.099999999999998,2,50,55,50,55,1.51,8,17,1,0,false,0,0,true,false
C,1923-06,18,Chjeno-Piast,opposition,28.131862335201355,81.16638446097755,52.69610758494474,98.65118395766771,3.475023834947216,3.475023834947216,42.782292135142455,-0.1783851206484314,52.26687680925695,-1.0586261263704508,1,2,0,0,18,38.4043464518061,46.87666400279433,0,0,36.07006771402429,67,65.06,0,10,false,5.399999999999998,2,50,55,50,55,1.615,8,17,1,0,false,0,0,true,false
C,1923-07,19,Chjeno-Piast,opposition,37.69230363464095,75.53072848280493,52.54331943940527,98.46845502280902,3.5398533936355188,3.5398533936355188,42.701408907594114,-0.18522731053800845,52.186813766479865,-0.0674408021166144,1,2,0,1,22,38.92614666149415,47.98691004614386,0,0,36.76255428195304,63,65.45,0,10,false,5.6999999999999975,2,50,55,50,55,1.72,8,17,1,0,false,0,0,true,false
C,1923-08,20,Chjeno-Piast,opposition,44.38461254424867,72.0298362598215,49.14955449854446,98.23941308296952,3.6212649268267874,3.6212649268267874,42.62510932441196,-0.23260438054648144,41.2307696365359,-1.0765772488595489,1,4,1,1,22,39.52625570289336,48.53589863127895,0,0,37.05324493233012,63,65.84,0,10,false,5.999999999999997,2,50,55,50,55,1.825,8,18,1,0,false,0,0,true,false
C,1923-09,21,Chjeno-Piast,opposition,49.069228780974065,69.76624273867156,46.573149772653665,97.9333796355454,3.7302962241819286,3.7302962241819286,42.65062268945562,-0.31151799244326117,40.561538745575135,-2.088029345851524,0.5,4,1,1,22,40.185446496797496,49.05254504607179,0,0,37.25590472362239,63,66.23,0,10,false,6.299999999999997,2,50,55,50,55,1.93,8,18,0,0,false,0,0,true,false
C,1923-10,22,Chjeno-Piast,opposition,70.34846014668184,61.051329674743634,44.62912797742834,97.5727176249638,3.8591917082072165,3.8591917082072165,42.75342819627601,-0.3682728115008225,40.093077121902596,-2.10333101822273,0.5,4,1,1,22,47.42886764531527,49.54993975068692,0,0,39.53777798257618,63,66.62,0,10,false,6.599999999999997,2,50,55,50,55,2.035,8,18,0,0,false,0,0,true,false
C,1923-11,23,Chjeno-Piast,opposition,85.24392210267729,56.14219285551228,45.62993577979938,96.73343235078954,4.160249066361436,4.160249066361436,39.91455435695316,-0.860163880440626,47.96515398533182,-1.12136411875181,1,2,1,1,22,50.45655246728214,50.45476639475399,0,0,38.35176251103868,67,67.13000000000001,0,8,false,6.899999999999997,2,50,55,50,55,1.81016875,8,19,0,13.100381250000002,false,0,0,true,true
C,1923-12,24,Grabski,external_support,59.6707454718741,56.14219285551228,45.88363738277924,95.89690650177354,4.462920066490804,4.462920066490804,40.04565628355918,-0.864774286083911,46.47560778973227,1.8366716175394773,1,2,3,2,34,51.48504411023657,43.365320843283165,0,0,38.538119026694226,71,67.76,0,6,false,7.199999999999997,2,50,55,50,55,1.5968290625000001,8,19,1,12.4453621875,true,0,0,true,false
C,1924-01,25,Grabski,external_support,41.76952183031187,56.14219285551228,46.82842380378924,95.09010838356936,4.757381433048279,4.757381433048279,40.1691471620758,-0.8413181901642132,49.03292545281259,2.7948453250886773,1,2,3,2,34,52.50943093640506,42.769063502060185,0,0,38.80972781464413,75,68.51,0,6,false,7.4999999999999964,2,50,55,50,55,1.3949809375000002,8,20,0,11.790343125,true,0,0,true,false
C,1924-02,26,Grabski,external_support,29.238665281218303,56.14219285551228,48.02681100774311,94.32225973126143,5.040004970739201,5.040004970739201,40.26429444796212,-0.8074958219740631,50.82304781696881,1.754505419178468,1,2,2,2,34,53.527898848140275,42.20544144925513,0,0,39.077978076301214,75,69.26,0,6,false,7.799999999999995,2,50,55,50,55,1.2046243750000003,8,21,0,11.1353240625,true,0,0,true,false
C,1924-03,27,Grabski,external_support,20.46706569685281,56.88785315734834,49.241607746983625,93.89265929163092,5.199416072953115,5.199416072953115,40.323490117729825,-0.45546029203975513,52.07613347187817,2.716112986563071,1,2,2,2,34,54.469847336100266,41.359003780089374,0,0,39.32059601143247,75,70.01,0,4,false,8.099999999999994,2,50,55,50,55,1.3096243750000003,8,21,0,0,true,0,0,true,false
C,1924-04,28,Grabski,external_support,14.326945987796966,57.683995871258254,50.35511345198295,93.48772554816269,5.350361643440875,5.350361643440875,40.34624188532032,-0.4312730585364589,52.953293430314716,2.6946329645815457,1,2,2,2,34,55.39164020391898,40.52894679650102,0,0,39.55594898537462,75,70.76,0,4,false,8.399999999999993,2,50,55,50,55,1.4146243750000003,8,22,0,0,true,0,0,true,false
C,1924-05,29,Grabski,external_support,10.028862191457875,57.683995871258254,51.31877103675415,93.10610740791957,5.493232109378441,5.493232109378441,40.33558848176083,-0.40820133125018965,53.5673054012203,3.674386277408134,1,2,2,2,34,56.3093955194626,39.70960156361592,0,0,39.788901720459826,71,71.39,0,4,false,8.699999999999992,2,50,55,50,55,1.5196243750000002,8,22,0,0,true,0,0,false,false
C,1924-06,30,Grabski,external_support,7.020203534020513,57.683995871258254,52.12227385998416,92.73950539899404,5.631043372995959,5.631043372995959,40.296025350658205,-0.3937464674786217,53.997113780854214,1.6553053703959781,1,2,0,2,34,57.22462123384619,38.90608833141533,0,0,40.01980111406212,71,72.02,0,4,false,8.999999999999991,2,50,55,50,55,1.6246243750000002,8,22,0,0,true,0,0,false,false
C,1924-07,31,Grabski,external_support,4.914142473814358,60.683995871258254,52.77498559596829,92.38552434069032,5.764636246791518,5.764636246791518,40.23235713485868,-0.38169392513017153,54.29797964659795,1.6369752699497022,1,2,0,2,34,58.07773775331881,38.117603005916536,0,0,40.230097251917115,71,72.64999999999999,0,4,false,9.29999999999999,2,50,55,50,55,1.7296243750000002,8,23,0,0,true,0,0,false,false
C,1924-08,32,Grabski,external_support,3.439899731670051,63.683995871258254,53.29506564296337,92.06411209981985,5.886402383973161,5.886402383973161,40.14910756697963,-0.34790324909040965,54.508585752618565,1.6192762170345163,1,2,0,2,34,58.86494090448446,37.30940735511014,0,0,40.41854787956153,71,73.27999999999999,0,4,false,9.599999999999989,2,50,55,50,55,1.8346243750000002,8,23,0,0,true,0,0,false,false
C,1924-09,33,Grabski,external_support,2.4079298121690353,66.68399587125825,53.70334895812425,91.77309555564442,5.99703810090808,5.99703810090808,41.05025559769073,-0.3161020483854834,54.656010026832995,1.6032056049909924,1,2,0,2,34,59.58657884552676,36.47846618317947,0,0,40.59164791244848,71,73.90999999999998,0,4,false,9.899999999999988,2,50,55,50,55,1.9396243750000002,8,23,0,0,true,0,0,false,false
C,1924-10,34,Grabski,external_support,1.6855508685183247,69.68399587125825,54.0201063763219,91.51064487721402,6.097130330438405,6.097130330438405,41.939155128947,-0.28597779865807027,54.759207018783094,1.5886547777822209,1,2,0,2,34,60.24294504286675,35.622166885543145,0,0,40.74952538797832,71,74.53999999999998,0,4,false,10.199999999999987,2,50,55,50,55,2.044624375,8,24,0,0,true,0,0,false,false
C,1924-11,35,Grabski,external_support,1.1798856079628273,72.68399587125825,54.26350793736978,91.27525530556822,6.187159583523192,6.187159583523192,42.81855193765735,-0.25722643738510553,54.83144491314817,1.575532243860701,1,2,0,2,34,60.834279751983985,34.73811782366667,0.011395682268216306,0.006743737774726163,40.892299191667796,67,75.04999999999998,0,4,false,10.499999999999986,2,50,55,50,55,2.149624375,8,24,0,0,true,0,0,false,false
C,1924-12,36,Grabski,external_support,0.8259199255739791,75.68399587125825,54.449058987919955,91.06570976034885,6.267510978412478,6.267510978412478,43.69064669953625,-0.22957541396938733,54.882011439203715,1.563762765278411,1,2,0,2,34,61.360775532003466,33.8240259145062,0.050495241115102125,0.03009139982158401,41.02007833905801,55,75.19999999999999,0,4,false,10.799999999999985,2,50,55,50,55,2.254624375,8,24,0,0,true,0,0,false,false
C,1925-01,37,Grabski,external_support,0.5781439479017854,78.68399587125825,54.589563693776746,90.88103565124212,6.338488230286375,6.338488230286375,44.55717492989865,-0.2027921482111347,54.9174080074426,1.5532854880174427,1,2,0,2,34,61.82258424051525,32.87762394282242,0.11422138786844258,0.06846993348952558,41.13296207879943,55,75.35,0,6,true,11.099999999999984,2,50,55,50,55,2.359624375,8,25,0,0,true,0,0,false,false
C,1925-02,38,Grabski,external_support,0.40470076353124973,81.68399587125825,54.69535026720666,90.72046287726205,6.400327832454524,6.400327832454524,45.41948801908535,-0.17668457762328282,54.94218560520982,1.5440517825621058,1,2,0,2,34,62.21982412417416,31.89662775760565,0.1995180315734236,0.1201807280273846,41.230151070200876,55,75.5,0,8,true,11.399999999999983,2,50,55,50,55,2.464624375,8,25,0,0,true,0,0,false,false
C,1925-03,39,Grabski,external_support,0.2832905344718748,84.68399587125825,54.77460416413872,90.58338627273618,6.453212055112166,6.453212055112166,45.278627511069146,-0.15109777902183408,54.959529923646876,1.5360231438631025,1,2,0,2,34,62.552586318077815,30.878710346657922,0.30334673988295685,0.18341746891854752,41.306554586981434,55,75.65,0,10,true,11.699999999999982,2,50,55,50,55,2.569624375,8,25,0,0,true,0,0,false,false
C,1925-04,40,Grabski,external_support,0.19830337413031235,87.68399587125825,54.83372419886294,90.46933366357467,6.497280194810915,6.497280194810915,45.135389386144986,-0.1259089705678532,54.97167094655281,1.529169313636809,1,2,0,2,34,62.82094047050202,29.82148446756102,0.4226836215218514,0.25628369107175064,41.36225101227583,55,75.80000000000001,0,12,true,11.99999999999998,2,50,55,50,55,2.674624375,8,25,0,0,true,0,0,false,false
C,1925-05,41,Grabski,external_support,0.13881236189121862,90.68399587125825,54.877657837980145,90.37793957948068,6.532637954327361,6.532637954327361,44.9903776601791,-0.10102217004698995,54.98016966258697,1.5234666831787336,1,2,0,2,34,63.02493943283508,28.72248863567769,0.5545165536547026,0.3368101025717944,41.397289649764076,55,75.95000000000002,0,14,true,12.29999999999998,2,50,55,50,55,2.779624375,8,25,0,0,true,0,0,false,false
C,1925-06,42,Grabski,external_support,0.09716865332385304,93.68399587125825,51.31019611572936,89.94741236562213,6.699365062238442,6.699365062238442,44.844047925039696,-0.4763631654602319,42.98611876381088,1.518896978974034,1,2,0,2,34,63.23462306936546,28.381223974348735,0.6956309385205955,0.42331607068811467,41.43377023074535,55,76.10000000000002,0,16,true,12.599999999999978,2,50,55,50,55,2.884624375,8,25,1,0,true,0,0,false,false
C,1925-07,43,Grabski,external_support,0.06801805732669712,96.68399587125825,48.81422222141084,89.49239081120095,6.87642134419134,6.87642134419134,44.80474204156781,-0.5058750912939937,42.990283134667614,-0.5026293817188936,1,4,0,2,34,63.389471292916745,28.089605708291646,0.8462407764315694,0.5154828051940195,41.45252201789528,55,76.25000000000003,0,18,true,12.899999999999977,2,50,55,50,55,2.989624375,8,25,1,0,true,0,0,false,false
C,1925-08,44,Grabski,external_support,0.04761264012868798,99.68399587125825,47.06791501326778,89.02764367059756,7.05818148908941,7.05818148908941,44.84031537492549,-0.5193146997087714,42.99319819426733,-0.5253804594399525,1,4,0,2,34,63.486671447940616,27.811957333801846,1.0037525893086743,0.6114804039933158,41.453147339371746,55,76.40000000000003,0,20,true,13.199999999999976,2,50,55,50,55,3.094624375,8,25,0,0,true,0,0,false,false
C,1925-09,45,Grabski,external_support,0.03332884809008158,100,47.34611213008358,88.56335622231285,7.240709746830231,7.240709746830231,44.92827792452746,-0.5215093078309173,47.99523873598713,0.4513821835298777,1,3,0,2,34,63.57793557681103,27.524498460741686,1.165463173737156,0.7099601863458773,41.45175047984813,55,76.55000000000004,0,20,true,13.499999999999975,2,50,55,50,55,3.199624375,8,25,0,0,true,0,0,false,false
C,1925-10,46,Grabski,external_support,0.023330193663057105,100,47.5412786256158,88.10742469773724,7.4208926581472925,7.4208926581472925,45.00789456062495,-0.5148083180487463,47.996667115190995,0.4281678111156424,1,3,0,2,34,63.66802703246956,27.211143168233065,1.3310842146510669,0.8107659179871582,41.44968913723054,55,76.70000000000005,0,22,true,13.799999999999974,2,50,55,50,55,3.304624375,8,25,0,0,true,0,0,false,false
C,1925-11,47,Skrzyński,member,0.01633113556413997,100,47.67819513212117,87.65641968917105,7.60005094536281,7.60005094536281,45.081656201856475,-0.511880820615763,47.997666980633696,0.4053712348868621,1,3,0,2,34,63.75760617607732,26.880673280336232,1.5005469701166763,0.9138476303098413,41.44700762755917,59,76.97000000000004,0,24,true,14.099999999999973,2,50,55,50,55,3.409624375,8,26,0,0,true,0,0,false,false
C,1925-12,48,Skrzyński,member,0.011431794894897979,100,47.774246658417894,87.2095235303572,7.778490420919174,7.778490420919174,45.15131034789284,-0.5098270730181825,47.998366886443584,-1.6171790155414478,1,5,0,2,34,63.8468259138555,26.535844269007637,1.6738130270974405,1.019169141827256,41.44374180739144,59,77.24000000000004,0,12,false,14.399999999999972,2,50,55,50,55,3.514624375,8,27,1,0,true,0,0,false,false
C,1926-01,49,Skrzyński,member,0.008002256426428584,100,49.64162970704568,86.9405813073864,7.88642562596248,7.88642562596248,45.2180829481403,-0.3083863001237316,53.99885682051051,-1.6395238234821399,1,5,0,2,34,63.90079351637715,25.8123836755609,1.850985469557392,1.126149026469112,41.42872394853935,59,77.51000000000003,0,12,false,14.69999999999997,2,50,55,50,55,3.619624375,8,27,0,0,true,0,0,false,false
C,1926-02,50,Skrzyński,member,0.005601579498500008,100,50.94890072723918,86.69682117055217,7.98455707000049,7.98455707000049,45.22883405692893,-0.28037555439431483,53.99919977435736,-1.6529709346306802,1,5,0,2,34,63.94985923839616,25.040271553564228,2.0304520911513486,1.234226099022473,41.41172336590986,59,77.78000000000003,0,12,false,14.99999999999997,2,50,55,50,55,3.724624375,8,27,0,0,true,0,0,false,false
C,1926-03,51,Skrzyński,member,0.003921105648950006,100,51.864062461682465,86.73083537734352,8.075825341182485,7.575825341182485,45.20036703511175,-0.26076648909141237,53.99943984205015,-0.6651589414723915,1,4,0,2,34,63.774612647828384,23.740271553564227,2.204884820467485,1.338084893596312,41.38023677430744,59,78.05000000000003,0,10,false,15.299999999999969,2,50,55,50,55,3.829624375,8,27,0,0,true,2,0,false,false
C,1926-04,52,Skrzyński,member,0.002744773954265004,100,52.504726090008255,86.77676884036245,8.162289013258652,7.662289013258652,45.14444516126128,-0.24703906307476303,53.999607889435104,-0.6634582311328239,1,4,0,2,34,63.817844483866466,22.945088990424566,2.379154366348523,1.4425030443425606,41.36233847101878,59,78.32000000000002,0,10,false,15.599999999999968,2,50,55,50,55,3.934624375,8,27,0,0,true,2,0,false,false
C,1926-05,53,Skrzyński,member,0.0019213417679855027,100,52.953225919787144,86.8310658381107,8.245389201286109,7.745389201286109,45.06930337856103,-0.23742910864987618,53.99972552260457,-0.6611615579818775,1,4,0,2,34,63.859394577880195,22.134504394030373,2.5552612448230816,1.5477670742424723,41.34321469530422,59,78.59000000000002,0,10,false,15.899999999999968,2,50,55,50,55,4.039624375,8,27,0,0,true,2,0,false,false
C,1926-06,54,Skrzyński,member,0.0013449392375898517,100,53.26720050359796,86.89123836771161,8.326134765207227,7.826134765207227,44.980706600967416,-0.23070161120319285,53.9998078658232,-0.6584467080944649,1,4,0,2,34,63.89976735984075,21.31435427737558,2.7331289026777914,1.653827432135109,41.32294316747394,59,78.86000000000001,0,10,false,16.19999999999997,2,50,55,50,55,4.144624375,8,27,0,0,true,2,0,false,false
C,1926-07,55,Skrzyński,member,0.0009414574663128961,100,55.287000004341444,87.39000103380508,8.230231962563337,7.730231962563337,44.88269058585948,0.2740080075539694,59.99986550607624,-0.6554380816144194,1,4,0,2,34,63.854753914993644,20.014354277375578,2.910967527466724,1.758512989353619,41.2892018728398,59,79.13000000000001,0,10,false,16.49999999999997,2,50,55,50,55,4.249624375000001,8,27,0,0,true,2,0,false,false
C,1926-08,56,Skrzyński,member,0.0006590202264190273,100,56.70087175931502,87.91810317960932,8.123725212540545,7.6237252125405455,44.72408058572923,0.3043050000651216,59.99990585425337,-0.6304999483097462,1,4,0,2,34,63.803374025521535,18.714354277375577,3.0866382895172553,1.8615764275218856,41.254906424916186,59,79.4,0,10,false,16.799999999999972,2,50,55,50,55,4.354624375000001,8,27,0,0,true,2,0,false,false
C,1926-09,57,Skrzyński,member,0.00046131415849331905,100,57.69059046091371,88.46804241151158,8.009795635804142,7.509795635804142,44.523054432949785,0.3255130763897253,59.99993409797736,-0.6040948410195339,1,4,0,2,34,63.74694294096455,17.41435427737558,3.2599160486926517,1.9628990710891705,41.21981874007091,59,79.67,0,10,false,17.099999999999973,2,50,55,50,55,4.4596243750000015,8,27,0,0,true,2,0,false,false
C,1926-10,58,Skrzyński,member,0.0003229199109453233,100,58.383399483214845,89.03455535663187,7.890670035884345,7.390670035884345,44.292336719122375,0.34035885691370565,59.99995386858415,-0.5765978794244213,1,4,0,2,34,63.68641445235921,16.11435427737558,3.4306142348941613,2.062385784816078,41.1837721583347,59,79.94,0,10,false,17.399999999999974,2,50,55,50,55,4.564624375000002,8,27,0,0,true,2,0,false,false
C,1926-11,59,Skrzyński,member,0.0002260439376617263,100,58.86836995065306,89.61394860905895,7.7679071885974675,7.2679071885974675,44.04083473462593,0.35075099224822265,59.9999677080089,-0.5482722321684066,1,4,0,2,34,63.622479564490924,14.814354277375577,3.598574290485052,2.1599584656177573,41.14665001673026,55,80.09,0,10,false,17.699999999999974,2,50,55,50,55,4.669624375000002,8,27,0,0,true,2,0,false,false
C,1926-12,60,Skrzyński,member,0.0001582307563632084,100,59.207852184139014,90.2036312866071,7.642598246356539,7.142598246356539,43.77478363610634,0.3580255492597959,59.99997739560624,-0.5193025695470523,1,4,0,2,34,63.55563869688873,13.514354277375576,3.7636579759689512,2.255551315375199,41.108370650474356,55,80.24000000000001,0,10,false,17.999999999999975,2,50,55,50,55,4.774624375000003,8,27,0,0,true,2,0,false,false
C,1927-01,61,Skrzyński,member,0.00011076152945424587,100,59.44549178197462,90.80178760636575,7.5155070223898095,7.0155070223898095,43.498548070582174,0.3631177827620852,59.999984176924364,-0.4898184356696449,1,4,0,2,34,63.48625432023762,12.214354277375577,3.9257417711481013,2.349107411163471,41.06887689372937,55,80.39000000000001,0,10,false,18.299999999999976,2,50,55,50,55,4.879624375000003,8,27,0,0,true,2,0,false,false
C,1927-02,62,Skrzyński,member,0.0000775330706179721,100,59.611840924536345,91.40714712209285,7.387168190534442,6.887168190534442,43.215183317122936,0.36668237672961923,59.999988923847056,-0.45991061968171243,1,4,0,2,34,63.41458921874856,10.914354277375576,4.084712806959976,2.4405762189481086,41.028128730066335,55,80.54000000000002,0,10,false,18.599999999999977,2,50,55,50,55,4.984624375000004,8,27,0,0,true,2,0,false,false
C,1927-03,63,Skrzyński,member,0.000054273149432580466,100,59.72828632118332,92.01882328810933,7.257956025680627,6.757956025680627,42.926828089386845,0.36917761386804515,59.99999224669294,-0.42964264389535733,1,4,0,2,34,63.340834239158156,9.614354277375574,4.240465913479223,2.5299117922610086,40.98609814774521,55,80.69000000000003,0,10,false,18.899999999999977,2,50,55,50,55,5.089624375000004,8,27,0,0,true,2,0,false,false
C,1927-04,64,Skrzyński,member,0.000037991204602806326,100,59.80979879663383,92.63619992935466,7.128132522494414,6.628132522494414,42.634979499751346,0.3709242948177498,59.999994572685054,-0.39905883559453326,1,4,0,2,34,63.26512837663202,8.314354277375573,4.392901480519187,2.6170714674635422,40.942765538380115,55,80.84000000000003,0,10,false,19.199999999999978,2,50,55,50,55,5.1946243750000045,8,27,0,0,true,2,0,false,false
C,1927-05,65,Skrzyński,member,0.000026593843221964425,100,59.86685801790753,93.25885135137253,6.997881078812086,6.497881078812086,42.34068553585233,0.3721469819495074,59.999996200879536,-0.36819000353226716,1,4,0,2,34,63.187573290368455,7.014354277375573,4.541923908952204,2.7020149185403817,40.898117175983415,55,80.99000000000004,0,10,false,19.49999999999998,2,50,55,50,55,5.299624375000005,8,27,0,0,true,2,0,false,false
C,1927-06,66,Skrzyński,member,0.000018615690255375095,100,59.906799814719975,93.8864860977468,6.867330074218072,6.367330074218072,42.044679795315105,0.37300287026861295,59.99999734061568,-0.33705743243137354,1,4,0,2,34,63.10824377913854,5.714354277375571,4.6874404908626754,2.7847034718768042,40.852143452281496,55,81.14000000000004,0,10,false,19.79999999999998,2,50,55,50,55,5.404624375000005,8,27,0,0,true,2,0,false,false
C,1927-07,67,Skrzyński,member,0.000013030983178762566,100,59.93475931183327,94.23724788492841,6.841569375190792,6.341569375190792,41.7474758008735,0.07360199722079962,59.999998138430975,-0.30567569511266024,1,4,0,2,34,63.09225881299213,4.414354277375572,4.832248544617964,2.8667469701070716,40.80438946642528,55,81.29000000000005,0,10,false,20.09999999999998,2,50,55,50,55,5.509624375000006,8,27,0,0,true,2,0,false,false
C,1927-08,68,Skrzyński,member,0.000009121688225133795,100,59.95433112735378,94.58971534906145,6.8156618888036675,6.3156618888036675,41.4494330215185,0.07402138967749902,59.999998696901685,-0.2881376057535796,1,4,0,2,34,63.07583212660033,3.1143542773755715,4.976327193078816,2.948136347082086,40.75485051028009,55,81.44000000000005,0,10,false,20.39999999999998,2,50,55,50,55,5.614624375000006,8,27,0,0,true,2,0,false,false
C,1927-09,69,Skrzyński,member,0.000006385181757593656,100,59.968031515496996,94.94377881077085,6.789651650385061,6.289651650385061,41.15080308769789,0.07431496691030673,59.99999908783118,-0.2705142325469274,1,4,0,2,34,63.05898859905048,1.814354277375572,5.119656636686078,3.0288632098457757,40.703523288123456,55,81.59000000000006,0,10,false,20.69999999999998,2,50,55,50,55,5.719624375000007,8,27,0,0,true,2,0,false,false
C,1927-10,70,Skrzyński,member,0.000004469627230315559,100,59.977621869292435,95.299362700003,6.763569484928701,6.263569484928701,40.85176214223298,0.07452047273245493,59.99999936148183,-0.25281105946145743,1,4,0,2,34,63.04174615482848,0.6857759495727038,5.26221785022936,3.1096067397707183,40.6539308458689,55,81.74000000000007,0,10,false,20.999999999999982,2,50,55,50,55,5.824624375000007,8,27,0,0,true,2,0,false,false
C,1927-11,71,Skrzyński,member,0.0000031287390612208913,100,59.98433517441589,95.65641541688879,6.737436970114916,6.237436970114916,40.55243348615421,0.07466432803938651,59.99999955303728,-0.23503186499984974,1,4,0,2,34,63.024175822789324,0.45481148256762777,5.403995088328229,3.193387280159996,40.62091426647184,55,81.89000000000007,0,10,false,21.299999999999983,2,50,55,50,55,5.9296243750000075,8,27,0,0,true,2,0,false,false
C,1927-12,72,Skrzyński,member,0.0000021901173428546237,100,59.98903452822894,96.01490220854261,6.711269210449233,6.211269210449233,40.252903430921734,0.07476502761623834,59.99999968712609,-0.21717922915556054,1,4,0,2,34,63.0065916048116,0.22384701556255168,5.544987293637129,3.276703920474418,40.586012519807916,55,82.04000000000008,0,10,false,21.599999999999984,2,50,55,50,55,6.034624375000008,8,27,0,0,true,2,0,false,false
C,1928-01,73,Skrzyński,member,0.0000015330821399982365,100,59.992324104056735,96.37480016451968,6.685076779176031,6.185076779176031,39.95323239507486,0.07483551792343413,59.99999978098827,-0.1992548895728694,1,4,0,2,34,62.98900063139595,0.0960384656916068,5.685193726007831,3.359556223337581,40.55131958414533,55,82.19000000000008,0,10,false,21.899999999999984,2,50,55,50,55,6.139624375000008,8,27,0,0,true,2,0,false,false
H,1922-01,1,Ponikowski,external_support,5.199999999999999,98.85931558935361,54.879999999999995,100,3,3,44.85,0,54.6,2,1,0,0,0,10,35.02281368821293,35.7,0,0,35.01320677946768,55,60.15,8,10,false,0.29999999999999993,2,20,25,20,25,0.28,2,1,0,0,false,0,0,false,false
H,1922-02,2,Ponikowski,external_support,6.039999999999999,98.0761976612599,54.75999999999999,99.98907452471482,3.00382391634981,3.00382391634981,44.7036,-0.010925475285171161,54.48,2,1,0,0,0,10,35.06320169316264,36.40104988906513,0,0,35.031106720259025,55,60.3,6,10,false,2.6,2,20,25,20,25,0.31000000000000005,2,2,0,0,false,0,0,false,false
H,1922-03,3,Ponikowski,external_support,6.627999999999998,97.53535656675545,54.65079999999999,99.9700861807984,3.0104705628982824,3.0104705628982824,44.5608,-0.018990418709920957,54.396,1.9994537262357412,1,0,0,0,10,35.11581788510177,37.10141945348079,0,0,35.052020893425684,55,60.449999999999996,4,10,false,1.9,2,35,25,20,25,0.3400000000000001,3,3,0,0,false,0,0,false,false
H,1922-04,4,Ponikowski,external_support,7.039599999999998,97.16030328962366,54.556719999999984,99.94513849837014,3.019204864511367,3.019204864511367,44.421276,-0.024955147465956527,54.3372,1.9985043090399202,1,0,0,0,10,35.17697897011584,37.800042428664966,0,0,35.07479756943025,55,60.599999999999994,2,10,false,2.1999999999999997,2,35,40,20,25,0.3700000000000001,3,4,0,0,false,0,0,false,false
H,1922-05,5,Ponikowski,external_support,7.327719999999998,96.89947760000865,54.478515999999985,99.91578783574015,3.029483235300421,3.029483235300421,44.2845744,-0.02936677368301099,54.29604,1.997256924918507,1,0,0,0,10,35.24412860351019,38.49628213624888,0,0,35.09864088215306,55,60.74999999999999,0,10,false,1.4999999999999996,2,50,40,20,25,0.40000000000000013,4,5,0,0,false,0,0,false,false
H,1922-06,6,Ponikowski (obowiązki),opposition,7.529403999999998,96.71773127283399,54.415129599999986,99.88318887197079,3.0409024890203966,3.0409024890203966,44.15021892,-0.03262643919993101,54.267228,1.9957893917870073,1,0,0,0,10,35.3154836049135,39.18977921553105,0,0,35.12299808461528,49,60.71999999999999,0,10,false,3.7999999999999994,2,50,40,20,25,0.43000000000000016,4,6,0,0,false,0,0,false,false
H,1922-07,7,Nowak,opposition,9.770582799999998,94.7430516876148,54.364708599999986,99.84819858650013,3.0531634110564614,3.0531634110564614,44.017765032,-0.03503120581732831,54.2470596,1.9941594435985395,1,0,0,0,10,35.426753032179235,39.88035124418532,0,0,35.159247748250294,53,60.809999999999995,0,10,false,3.099999999999999,2,50,40,35,25,0.49750000000000016,5,7,0,0,false,0,0,false,false
H,1922-08,8,Nowak,opposition,11.339407959999999,93.408077073091,54.262178535999986,99.79669193569569,3.07121814618114,3.07121814618114,43.886823774,-0.05158495749908185,54.02294172,1.9924099293250066,1,0,0,0,10,35.56761885827976,40.56319729467987,0,0,35.20414813974113,53,60.9,0,10,false,3.399999999999999,2,50,40,35,40,0.5650000000000002,5,8,0,0,false,0,0,false,false
H,1922-09,9,Nowak,opposition,12.437585572,92.49576062214805,54.14334273639999,99.73301894636569,3.093549093062485,3.093549093062485,43.75895841792,-0.06380270537527226,53.866059204,1.9898345967847846,1,0,0,0,10,35.72886911927747,41.23830192235765,0,0,35.25478452384373,53,60.99,0,10,false,2.699999999999999,2,50,40,50,40,0.6700000000000002,6,9,0,0,false,0,0,false,false
H,1922-10,10,Nowak,opposition,13.206309900399999,91.86767070801992,54.02721234831999,99.66032975825657,3.1190584139543707,3.1190584139543707,43.634658135828,-0.07288377397681575,53.7562414428,1.9866509473182845,1,0,0,0,10,35.904270365563015,41.90599750706546,0,0,35.30919401257598,53,61.080000000000005,0,10,false,2.9999999999999987,2,50,40,50,55,0.7750000000000001,6,10,0,0,false,0,0,false,false
H,1922-11,11,Nowak,opposition,13.744416930279998,91.43305913972652,53.92285934681199,99.58094985801857,3.146936071143235,3.146936071143235,43.513841765378395,-0.0796504491110408,53.67936900996,1.9830164879128283,1,0,0,0,10,36.089548011362915,42.56676903641726,0,0,35.366037233245976,53,61.17000000000001,0,10,false,3.2999999999999985,2,50,40,50,55,0.8800000000000001,6,11,0,0,false,0,0,false,false
H,1922-12,12,Sikorski,external_support,14.121091851195999,91.13126970043977,53.833669034859994,99.49661212595282,3.176578493981238,3.176578493981238,43.39615598497404,-0.08469263668000795,53.625558306972,0.9790474929009285,1,0,-1,0,10,36.28174382877312,43.22114769154382,0,0,35.42439193928747,57,63.38000000000001,8,10,false,4.599999999999999,2,50,40,50,55,0.9850000000000001,7,12,1,0,false,0,0,false,false
H,1923-01,13,Sikorski,external_support,18.8847642958372,87.47967043211912,53.75993556886611,99.40861253951228,3.2075341763869916,3.2075341763869916,43.281145913928235,-0.0884448068735819,53.5878908148804,1.974830606297641,1,0,0,0,10,36.547628261333614,43.86965384351495,0,0,35.505493599091885,57,63.59000000000001,6,10,false,4.899999999999999,2,50,55,50,55,1.09,7,13,1,0,false,0,0,false,false
H,1923-02,14,Sikorski,external_support,22.219335007086038,85.0929192127991,53.56541196933116,99.29055128955805,3.249101437440511,3.249101437440511,43.168347846862254,-0.11876360301005535,53.11152357041628,1.9704306269756138,1,0,0,0,10,36.86655350760439,44.49676340609546,0,0,35.602845058837254,57,63.80000000000001,4,10,false,5.199999999999998,2,50,55,50,55,1.195,7,14,0,0,false,0,0,false,false
H,1923-03,15,Sikorski,external_support,24.553534504960226,83.49823263815794,53.329208328319226,99.15077455253395,3.2983728508056847,3.2983728508056847,43.06138548778232,-0.1407754667576398,52.7780664992914,0.9645275644779026,1,0,0,0,10,37.22122456152382,45.10741829769835,0,0,35.710972390396215,57,64.01,2,10,false,5.499999999999998,2,50,55,50,55,1.3,7,15,0,0,false,0,0,false,false
H,1923-04,16,Sikorski,external_support,26.187474153472156,82.41705501887833,53.09383979467465,98.9950324680465,3.3533494556951666,3.3533494556951666,42.96150923793274,-0.15707601396994808,52.54464654950398,0.9575387276266973,1,0,0,0,10,37.60037176359099,45.70561612122231,0,0,35.82632954648738,57,64.22,0,10,false,4.799999999999998,2,50,55,50,55,1.405,8,16,1,0,false,0,0,true,false
H,1923-05,17,Chjeno-Piast,opposition,27.331231907430507,81.67674060956841,52.88006363166809,98.82747747259099,3.412589042720265,3.412589042720265,42.8686940440925,-0.1692559629288536,52.381252584652785,0.9497516234023251,1,0,0,0,10,37.99645674491217,46.294535900032585,0,0,35.94655948943082,61,64.55,0,10,false,5.099999999999998,2,50,55,50,55,1.51,8,17,1,0,false,0,0,true,false
H,1923-06,18,Chjeno-Piast,opposition,28.131862335201355,81.16638446097755,52.69610758494474,98.65118395766771,3.475023834947216,3.475023834947216,42.782292135142455,-0.1783851206484314,52.26687680925695,-1.0586261263704508,1,2,0,0,18,38.4043464518061,46.87666400279433,0,0,36.07006771402429,67,65.06,0,10,false,5.399999999999998,2,50,55,50,55,1.615,8,17,1,0,false,0,0,true,false
H,1923-07,19,Chjeno-Piast,opposition,37.69230363464095,75.53072848280493,52.54331943940527,98.46845502280902,3.5398533936355188,3.5398533936355188,42.701408907594114,-0.18522731053800845,52.186813766479865,-0.0674408021166144,1,2,0,1,22,38.92614666149415,47.98691004614386,0,0,36.76255428195304,63,65.45,0,10,false,4.6999999999999975,2,50,55,65,55,1.7575,9,18,1,0,false,0,0,true,false
H,1923-08,20,Chjeno-Piast,opposition,44.38461254424867,72.0298362598215,49.14955449854446,98.23941308296952,3.6212649268267874,3.6212649268267874,42.62510932441196,-0.23260438054648144,41.2307696365359,-1.0765772488595489,1,4,1,1,22,39.52625570289336,48.53589863127895,0,0,37.05324493233012,63,65.84,0,10,false,4.999999999999997,2,50,55,65,55,1.9000000000000001,9,19,1,0,false,0,0,true,false
H,1923-09,21,Chjeno-Piast,opposition,49.069228780974065,69.76624273867156,46.573149772653665,97.9333796355454,3.7302962241819286,3.7302962241819286,42.65062268945562,-0.31151799244326117,40.561538745575135,-2.088029345851524,0.5,4,1,1,22,40.185446496797496,49.05254504607179,0,0,37.25590472362239,63,66.23,0,10,false,5.299999999999997,2,50,55,65,70,2.0425,9,20,0,0,false,0,0,true,false
H,1923-10,22,Chjeno-Piast,opposition,70.34846014668184,61.051329674743634,44.62912797742834,97.5727176249638,3.8591917082072165,3.8591917082072165,42.75342819627601,-0.3682728115008225,40.093077121902596,-2.10333101822273,0.5,4,1,1,22,47.42886764531527,49.54993975068692,0,0,39.53777798257618,63,66.62,0,10,false,4.599999999999997,2,50,55,80,70,2.2225,10,21,0,0,false,0,0,true,false
H,1923-11,23,Chjeno-Piast,opposition,85.24392210267729,56.14219285551228,45.62993577979938,96.54518248926347,4.227775576986436,4.227775576986436,39.91455435695316,-1.0530967679406258,47.96515398533182,-1.12136411875181,1,2,1,1,22,50.49031572259464,50.49964678924622,0,0,38.3628088355492,67,67.13000000000001,0,8,false,4.899999999999997,2,50,55,80,70,1.8344800000000003,10,22,0,19.5314775,false,0,0,true,true
H,1923-12,24,Grabski,external_support,59.6707454718741,56.14219285551228,45.88363738277924,95.4588235754133,4.621607366459554,4.621607366459554,40.04565628355918,-1.125233684208911,46.47560778973227,0.8272591244631733,1,0,1,1,22,51.56438776022095,51.47002454613211,0,0,38.68126464539006,71,67.76,0,6,false,5.199999999999997,2,50,55,80,85,1.3745855000000002,10,23,0,21.127342125000002,false,0,0,true,false
H,1924-01,25,Grabski,external_support,41.76952183031187,56.14219285551228,46.82842380378924,94.34601227081514,5.029619891673279,5.029619891673279,40.1691471620758,-1.1657500720392133,49.03292545281259,1.7729411787706653,1,0,1,1,22,52.645550165717566,52.45237575153876,0,0,39.00259653568123,71,68.39,0,6,false,4.4999999999999964,2,50,55,95,85,0.8847041875000003,11,24,0,22.6047391875,false,0,0,true,false
H,1924-02,26,Grabski,external_support,29.238665281218303,56.14219285551228,48.02681100774311,93.29508853950517,5.4194861903173255,5.4194861903173255,40.26429444796212,-1.1139037104115632,50.82304781696881,0.7173006135407567,1,0,0,1,22,53.717639457929344,53.423892434254874,0,0,39.32132778651022,71,69.02,0,6,false,4.799999999999996,2,50,55,95,85,0.4285662812500004,11,25,0,21.34892034375,false,0,0,true,false
H,1924-03,27,Grabski,external_support,20.46706569685281,56.88785315734834,49.241607746983625,92.87016645678439,5.57889729253124,5.57889729253124,40.323490117729825,-0.45546029203975513,52.07613347187817,1.6647544269752585,1,0,0,1,22,54.659587945889335,54.236890957583206,0,0,39.59788640510276,71,69.64999999999999,0,4,false,5.099999999999996,2,50,55,95,100,0.6460662812500004,11,26,0,0,false,0,0,true,false
H,1924-04,28,Grabski,external_support,14.326945987796966,57.683995871258254,50.35511345198295,92.46964244943831,5.729842863019,5.729842863019,40.34624188532032,-0.4312730585364589,52.953293430314716,1.6435083228392195,1,0,0,1,22,55.58138081370805,55.046455231353825,0,0,39.86819111104507,71,70.27999999999999,0,4,false,5.399999999999996,2,50,55,95,100,0.8635662812500005,11,26,0,0,false,0,0,true,false
H,1924-05,29,Grabski,external_support,10.028862191457875,57.683995871258254,51.31877103675415,92.09218013795741,5.872713328956566,5.872713328956566,40.33558848176083,-0.40820133125018965,53.5673054012203,2.6234821224719154,1,0,0,1,22,56.49913612925167,55.85210344365425,0,0,40.137033760856745,67,70.78999999999999,0,4,false,5.699999999999996,2,50,55,95,100,1.0810662812500005,11,26,0,0,false,0,0,false,false
H,1924-06,30,Grabski,external_support,7.020203534020513,57.683995871258254,52.12227385998416,91.72957043184016,6.010524592574083,6.010524592574083,40.296025350658205,-0.3937464674786217,53.997113780854214,2.6046090068978707,1,0,0,1,22,57.41436184363526,56.655824295028914,0,0,40.4047280298166,67,71.3,0,4,false,4.999999999999996,2,50,55,95,100,2.2985662812500003,12,27,0,0,false,0,0,false,false
H,1924-07,31,Grabski,external_support,4.914142473814358,60.683995871258254,52.77498559596829,91.37944423395383,6.144117466369643,6.144117466369643,40.23235713485868,-0.38169392513017153,54.29797964659795,2.586478521592008,1,0,0,1,22,58.26747836310788,57.458060911925806,0,0,40.65277106070067,67,71.81,0,4,false,5.299999999999995,2,50,55,95,100,2.51606628125,12,27,0,0,false,0,0,false,false
H,1924-08,32,Grabski,external_support,3.439899731670051,63.683995871258254,53.29506564296337,91.06153217846315,6.265883603551286,6.265883603551286,40.14910756697963,-0.34790324909040965,54.508585752618565,2.568972211697692,1,0,0,1,22,59.05468151427353,58.25160771910101,0,0,40.87984293680858,67,72.32000000000001,0,4,false,5.599999999999995,2,50,55,95,100,2.73356628125,12,27,0,0,false,0,0,false,false
H,1924-09,33,Grabski,external_support,2.4079298121690353,66.68399587125825,53.70334895812425,90.77368480995582,6.376519320486205,6.376519320486205,41.05025559769073,-0.3161020483854834,54.656010026832995,2.5530766089231576,1,0,0,1,22,59.77631945531583,59.03597859007086,0,0,41.092365483833824,67,72.83000000000001,0,4,false,5.899999999999995,2,50,55,95,100,2.9510662812499997,12,27,0,0,false,0,0,false,false
H,1924-10,34,Grabski,external_support,1.6855508685183247,69.68399587125825,54.0201063763219,90.5140922243755,6.476611550016529,6.476611550016529,41.939155128947,-0.28597779865807027,54.759207018783094,2.5386842404977914,1,0,0,1,22,60.43268565265582,59.810933281754664,0,0,41.29039750360946,67,73.34000000000002,0,4,false,6.199999999999995,2,50,55,95,100,3.1685662812499995,12,27,0,0,false,0,0,false,false
H,1924-11,35,Grabski,external_support,1.1798856079628273,72.68399587125825,54.26350793736978,90.28126604961527,6.566640803101317,6.566640803101317,42.81855193765735,-0.25722643738510553,54.83144491314817,2.5257046112187753,1,0,0,1,22,61.024020361773054,60.57641922579294,0.0202136370019679,0.012320143169798048,41.473991801440235,63,73.73000000000002,0,4,false,6.499999999999995,2,50,55,95,100,3.3860662812499993,12,27,0,0,false,0,0,false,false
H,1924-12,36,Grabski,external_support,0.8259199255739791,75.68399587125825,54.449058987919955,90.07400245934507,6.646992197990603,6.646992197990603,43.69064669953625,-0.22957541396938733,54.882011439203715,2.5140633024807633,1,0,0,1,22,61.550516141792535,61.33253956879628,0.0680113274129761,0.04182040991548855,41.64319384159845,55,73.88000000000002,0,4,false,6.7999999999999945,2,50,55,95,100,3.603566281249999,12,27,0,0,false,0,0,false,false
H,1925-01,37,Grabski,external_support,0.5781439479017854,78.68399587125825,54.589563693776746,89.891339454778,6.7179694498644995,6.7179694498644995,44.55717492989865,-0.2027921482111347,54.9174080074426,2.5037001229672535,1,0,0,1,22,62.01232485030432,62.07953781356016,0.14252931627298368,0.08832620721885517,41.798041315862115,55,74.03000000000003,0,6,true,7.099999999999994,2,50,55,95,100,3.821066281249999,12,27,0,0,false,0,0,false,false
H,1925-02,38,Grabski,external_support,0.40470076353124973,81.68399587125825,54.69535026720666,89.73251532134242,6.779809052032649,6.779809052032649,45.41948801908535,-0.17668457762328282,54.94218560520982,2.4945669727389004,1,0,0,1,22,62.40956473396323,62.8177927590549,0.24105702722073222,0.15039648440370107,41.937674879640284,55,74.18000000000004,0,8,true,7.399999999999994,2,50,55,95,100,4.038566281249999,12,27,0,0,false,0,0,false,false
H,1925-03,39,Grabski,external_support,0.2832905344718748,84.68399587125825,54.77460416413872,89.59693148363144,6.832693274690291,6.832693274690291,45.278627511069146,-0.15109777902183408,54.959529923646876,2.486625766067121,1,0,0,1,22,62.742326927866884,63.54781979971101,0.36057787541374664,0.22626289842986133,42.05694499965994,55,74.33000000000004,0,10,true,7.699999999999994,2,50,55,95,100,4.256066281249999,12,27,0,0,false,0,0,false,false
H,1925-04,40,Grabski,external_support,0.19830337413031235,87.68399587125825,54.83372419886294,89.48412090954001,6.87676141438904,6.87676141438904,45.135389386144986,-0.1259089705678532,54.97167094655281,2.479846574181572,1,0,0,1,22,63.01068108029109,64.2702762483846,0.49808178036402967,0.31403872328747817,42.15587216677772,55,74.48000000000005,0,12,true,7.999999999999993,2,50,55,95,100,4.473566281249999,12,27,0,0,false,0,0,false,false
H,1925-05,41,Grabski,external_support,0.13881236189121862,90.68399587125825,54.877657837980145,89.39372210874971,6.912119173905486,6.912119173905486,44.9903776601791,-0.10102217004698995,54.98016966258697,2.4742060454770005,1,0,0,1,22,63.21468004262415,64.98596940487859,0.6505633172108395,0.41173590173260394,42.23444848651044,55,74.63000000000005,0,14,true,8.299999999999992,2,50,55,95,100,4.6910662812499995,12,27,0,0,false,0,0,false,false
H,1925-06,42,Grabski,external_support,0.09716865332385304,93.68399587125825,51.31019611572936,88.96788334438975,7.078846281816567,7.078846281816567,44.844047925039696,-0.4763631654602319,42.98611876381088,2.4696861054374857,1,0,0,1,22,63.42436367915453,65.74813809015794,0.8150201105775446,0.5178591279466802,42.31563634887837,55,74.78000000000006,0,16,true,8.59999999999999,2,50,55,95,100,4.90856628125,12,27,1,0,false,0,0,false,false
H,1925-07,43,Grabski,external_support,0.06801805732669712,96.68399587125825,48.81422222141084,88.51781698329899,7.255902563769465,7.255902563769465,44.80474204156781,-0.5058750912939937,42.990283134667614,0.44839416721948755,1,2,0,1,22,63.579211902705815,66.50122594896027,0.9919915817459776,0.6322979820786656,42.38033284480005,55,74.93000000000006,0,18,true,8.89999999999999,2,50,55,95,100,5.12606628125,12,27,1,0,false,0,0,false,false
H,1925-08,44,Grabski,external_support,0.04761264012868798,99.68399587125825,47.06791501326778,88.05813094784341,7.437662708667535,7.437662708667535,44.84031537492549,-0.5193146997087714,42.99319819426733,0.42589084916494935,1,2,0,1,22,63.676412057729685,67.24199362438958,1.179004423960702,0.7532547326686513,42.42817119113336,55,75.08000000000007,0,20,true,9.199999999999989,2,50,55,95,100,5.34356628125,12,27,0,0,false,0,0,false,false
H,1925-09,45,Grabski,external_support,0.03332884809008158,100,47.34611213008358,87.59889959864847,7.620190966408356,7.620190966408356,44.92827792452746,-0.5215093078309173,47.99523873598713,1.4029065473921705,1,1,0,1,22,63.7676761866001,67.96872348285036,1.3734569525534124,0.8794747008210372,42.4751938332836,55,75.23000000000008,0,20,true,9.499999999999988,2,50,55,95,100,5.5610662812500005,12,27,0,0,false,0,0,false,false
H,1925-10,46,Grabski,external_support,0.023330193663057105,100,47.5412786256158,87.14793317699547,7.800373877725417,7.800373877725417,45.00789456062495,-0.5148083180487463,47.996667115190995,1.3799449799324237,1,1,0,1,22,63.85776764225863,68.68190263145556,1.5751397544278865,1.010898706323124,42.5227351934575,55,75.38000000000008,0,22,true,9.799999999999986,2,50,55,95,100,5.778566281250001,12,27,0,0,false,0,0,false,false
H,1925-11,47,Grabski,external_support,0.01633113556413997,100,47.67819513212117,86.70183962149939,7.9795321649409345,7.9795321649409345,45.081656201856475,-0.511880820615763,47.997666980633696,1.3573966588497735,1,1,0,1,22,63.94734678586639,69.38273416083383,1.784057259942491,1.1475731736291905,42.570832859330345,55,75.53000000000009,0,24,true,10.099999999999985,2,50,55,95,100,5.996066281250001,12,27,0,0,false,0,0,false,false
H,1925-12,48,Grabski,external_support,0.011431794894897979,100,47.774246658417894,86.25981017030418,8.157971640497298,8.157971640497298,45.15131034789284,-0.5098270730181825,47.998366886443584,1.3350919810749695,1,1,0,1,22,64.03656652364457,70.07212580843093,2.0002465588952125,1.2895611871610237,42.61951796726299,55,75.68000000000009,0,26,true,10.399999999999984,2,50,55,95,100,6.213566281250001,12,27,0,0,false,0,0,false,false
H,1926-01,49,Grabski,external_support,0.008002256426428584,100,49.64162970704568,85.99379673322622,8.265906845540604,8.265906845540604,45.2180829481403,-0.3083863001237316,53.99885682051051,1.3129905085152087,1,1,0,1,22,64.09053412616622,70.7586605053013,2.223752134811017,1.4361422798763537,42.657159811024385,55,75.8300000000001,0,28,true,10.699999999999983,2,50,55,95,100,6.4310662812500015,12,27,0,0,false,0,0,false,false
H,1926-02,50,Grabski,external_support,0.005601579498500008,100,50.94890072723918,85.75269114889072,8.364038289578614,8.364038289578614,45.22883405692893,-0.28037555439431483,53.99919977435736,1.2996898366613108,1,1,0,1,22,64.13959984818523,71.43971593386259,2.452849158248844,1.586737192017667,42.69346332749088,55,75.9800000000001,0,30,true,10.999999999999982,2,50,55,95,100,6.648566281250002,12,27,0,0,false,0,0,false,false
H,1926-03,51,Grabski,external_support,0.003921105648950006,100,51.864062461682465,85.52907686688036,8.455306560760608,8.455306560760608,45.20036703511175,-0.26076648909141237,53.99943984205015,1.287634557444536,1,1,0,1,22,64.18523398377623,72.11595726892948,2.687326881188974,1.7412366767681775,42.72872920448428,55,76.13000000000011,0,32,true,11.299999999999981,2,50,55,95,100,6.866066281250002,12,27,0,0,false,0,0,false,false
H,1926-04,52,Grabski,external_support,0.002744773954265004,100,52.504726090008255,85.31778663673192,8.541770232836775,8.541770232836775,45.14444516126128,-0.24703906307476303,53.999607889435104,1.2764538433440178,1,1,0,1,22,64.22846581981432,72.78773147773252,2.9270456682049195,1.8995765345405806,42.76316794005235,55,76.28000000000011,0,34,true,11.59999999999998,2,50,55,95,100,7.083566281250002,12,27,0,0,false,0,0,false,false
H,1926-05,53,Grabski,external_support,0.0019213417679855027,100,52.953225919787144,85.11521737640052,8.624870420864232,8.624870420864232,45.06930337856103,-0.23742910864987618,53.99972552260457,1.265889331836596,1,1,0,1,22,64.27001591382805,73.4552094193609,3.171915666604262,2.0617237460576403,42.79692689442924,55,76.43000000000012,0,36,true,11.899999999999979,2,50,55,95,100,7.3010662812500025,12,27,0,0,false,0,0,false,false
H,1926-06,54,Grabski,external_support,0.0013449392375898517,100,53.26720050359796,84.91885519853408,8.70561598478535,8.70561598478535,44.980706600967416,-0.23070161120319285,53.9998078658232,1.2557608688200261,1,1,0,1,22,64.3103886957886,74.11847087561223,3.421881874351594,2.227666871885275,42.83006832589347,55,76.58000000000013,0,38,true,12.199999999999978,2,50,55,95,100,7.518566281250003,12,27,0,0,false,0,0,false,false
H,1926-07,55,Grabski,external_support,0.0009414574663128961,100,55.287000004341444,85.15153966170122,8.60971318214146,8.60971318214146,44.88269058585948,0.2740080075539694,59.99986550607624,1.2459427599267037,1,1,0,1,22,64.31991435219946,74.81847087561222,3.6769136867916288,2.395910206477298,42.84911022881649,55,76.73000000000013,0,40,true,12.499999999999977,2,50,55,95,100,7.736066281250003,12,27,0,0,false,0,0,false,false
H,1926-08,56,Grabski,external_support,0.0006590202264190273,100,56.70087175931502,85.41066005452421,8.503206432118668,8.503206432118668,44.72408058572923,0.3043050000651216,59.99990585425337,1.2575769830850612,1,1,0,1,22,64.33128468950281,75.51847087561222,3.9349588988454127,2.5663969837496596,42.866898584124876,55,76.88000000000014,0,42,true,12.799999999999976,2,50,55,95,100,7.953566281250003,12,27,0,0,false,0,0,false,false
H,1926-09,57,Grabski,external_support,0.00046131415849331905,100,57.69059046091371,85.68868292163246,8.389276855382265,8.389276855382265,44.523054432949785,0.3255130763897253,59.99993409797736,1.2705330027262107,1,1,0,1,22,64.34428873779605,76.21847087561223,4.195980233150438,2.7391002985150434,42.883146564957734,55,77.03000000000014,0,44,true,13.099999999999975,2,50,55,95,100,8.171066281250003,12,27,0,0,false,0,0,false,false
H,1926-10,58,Grabski,external_support,0.0003229199109453233,100,58.383399483214845,85.98033194332893,8.270151255462467,8.270151255462467,44.292336719122375,0.34035885691370565,59.99995386858415,1.2844341460816233,1,1,0,1,22,64.3587603799611,76.91847087561223,4.459937814354847,2.9139914733947716,42.89765339079349,55,77.18000000000015,0,46,true,13.399999999999974,2,50,55,95,100,8.388566281250002,12,27,0,0,false,0,0,false,false
H,1926-11,59,Grabski,external_support,0.0002260439376617263,100,58.86836995065306,86.28190881075847,8.147388408175589,8.147388408175589,44.04083473462593,0.35075099224822265,59.9999677080089,1.299016597166447,1,1,0,1,22,64.3745701731338,77.61847087561225,4.726789948498669,3.091040535734887,42.910278514063826,55,77.33000000000015,0,48,true,13.699999999999973,2,50,55,95,100,8.606066281250001,12,27,0,0,false,0,0,false,false
H,1926-12,60,Grabski,external_support,0.0001582307563632084,100,59.207852184139014,86.59082008869001,8.02207946593466,8.02207946593466,43.77478363610634,0.3580255492597959,59.99997739560624,1.3140954405379235,1,1,0,1,22,64.39161800242793,78.31847087561226,4.99649366858535,3.270216545960844,42.92092355062867,55,77.48000000000016,0,50,true,13.999999999999972,2,50,55,95,100,8.82356628125,12,27,0,0,false,0,0,false,false
H,1927-01,61,Grabski,external_support,0.00011076152945424587,100,59.44549178197462,86.90524675467157,7.89498824196793,7.89498824196793,43.498548070582174,0.3631177827620852,59.999984176924364,1.3295410044345006,1,1,0,1,22,64.40982681913943,79.01847087561225,5.2690051164851095,3.4514878238888906,42.92951963100035,55,77.63000000000017,0,52,true,14.29999999999997,2,50,55,95,100,9.04106628125,12,27,0,0,false,0,0,false,false
H,1927-02,62,Grabski,external_support,0.0000775330706179721,100,59.611840924536345,87.22391297897433,7.766649410112563,7.766649410112563,43.215183317122936,0.36668237672961923,59.999988923847056,1.3452623377335784,1,1,0,1,22,64.42913748337821,79.71847087561224,5.5442798102695585,3.6348221049934404,42.936018546124835,55,77.78000000000017,0,54,true,14.59999999999997,2,50,55,95,100,9.25856628125,12,27,0,0,false,0,0,false,false
H,1927-03,63,Grabski,external_support,0.000054273149432580466,100,59.72828632118332,87.54592413963245,7.637437245258747,7.637437245258747,42.926828089386845,0.36917761386804515,59.99999224669294,1.3611956489487165,1,1,0,1,22,64.44950461778075,80.41847087561224,5.822272831347545,3.820186648630039,42.940386549375354,55,77.93000000000018,0,56,true,14.899999999999968,2,50,55,95,100,9.476066281249999,12,27,0,0,false,0,0,false,false
H,1927-04,64,Grabski,external_support,0.000037991204602806326,100,59.80979879663383,87.87065324138906,7.507613742072534,7.507613742072534,42.634979499751346,0.3709242948177498,59.999994572685054,1.3772962069816224,1,1,0,1,22,64.47089333331006,81.11847087561226,6.102938955461374,4.007548313329185,42.94260001791097,55,78.08000000000018,0,58,true,15.199999999999967,2,50,55,95,100,9.693566281249998,12,27,0,0,false,0,0,false,false
H,1927-05,65,Grabski,external_support,0.000026593843221964425,100,59.86685801790753,88.19766122544623,7.3773622983902065,7.3773622983902065,42.34068553585233,0.3721469819495074,59.999996200879536,1.393532662069453,1,1,0,1,22,64.49327667919174,81.81847087561225,6.386232744384926,4.19687360953925,42.94264241560146,55,78.23000000000019,0,60,true,15.499999999999966,2,50,55,95,100,9.911066281249997,12,27,0,0,false,0,0,false,false
H,1927-06,66,Grabski,external_support,0.000018615690255375095,100,59.906799814719975,88.52664103332694,7.246811293796192,7.246811293796192,42.044679795315105,0.37300287026861295,59.99999734061568,1.4098830612723114,1,1,0,1,22,64.51663367849962,82.51847087561225,6.672108610112917,4.388128736939236,42.94050216705657,55,78.3800000000002,0,62,true,15.799999999999967,2,50,55,95,100,10.128566281249997,12,27,0,0,false,0,0,false,false
H,1927-07,67,Grabski,external_support,0.000013030983178762566,100,59.93475931183327,88.59179840919995,7.221050594768912,7.221050594768912,41.7474758008735,0.07360199722079962,59.999998138430975,1.4263320516663471,1,1,0,1,22,64.52142914345322,83.21847087561225,6.960520859793735,4.581330771031532,42.936412494433775,55,78.5300000000002,0,64,true,16.09999999999997,2,50,55,95,100,10.346066281249996,12,27,0,0,false,0,0,false,false
H,1927-08,68,Grabski,external_support,0.000009121688225133795,100,59.95433112735378,88.65737528952272,7.195143108381788,7.195143108381788,41.4494330215185,0.07402138967749902,59.999998696901685,1.4295899204599976,1,1,0,1,22,64.52644466108731,83.91847087561227,7.251460477182722,4.776475984369681,42.93036772569473,55,78.6800000000002,0,66,true,16.39999999999997,2,50,55,95,100,10.563566281249996,12,27,0,0,false,0,0,false,false
