variant,run,exposureMode,date,inflation,wage,output,credit,unemployment,budget,coverage,grievance_employedWorkers,grievance_national,wageDemand
current,R0,0,1922-01,5.199999999999999,98.85931558935361,100,54.879999999999995,3,2,1,35.02281368821293,35.01320677946768,false
current,R0,0,1922-02,6.039999999999999,98.0761976612599,99.98907452471482,54.75999999999999,3.00382391634981,2,1,35.06128973498773,35.030478960658264,false
current,R0,0,1922-03,6.627999999999998,97.53535656675545,99.9700861807984,54.65079999999999,3.0104705628982824,1.9994537262357412,1,35.110582603652624,35.05030197601655,false
current,R0,0,1922-04,7.039599999999998,97.16030328962366,99.94513849837014,54.556719999999984,3.019204864511367,1.9985043090399202,1,35.16737653786015,35.071644770839626,false
current,R0,0,1922-05,7.327719999999998,96.89947760000865,99.91578783574015,54.478515999999985,3.029483235300421,1.997256924918507,1,35.229386985859975,35.093800717691245,false
current,R0,0,1922-06,7.529403999999998,96.71773127283399,99.88318887197079,54.415129599999986,3.0409024890203966,1.9957893917870073,1,35.2950323604033,35.11628325933444,false
current,R0,0,1922-07,9.770582799999998,94.7430516876148,99.84819858650013,54.364708599999986,3.0531634110564614,1.9941594435985395,1,35.400171326651,35.15052008826852,false
current,R0,0,1922-08,11.339407959999999,93.408077073091,99.79669193569569,54.262178535999986,3.07121814618114,1.9924099293250066,1,35.53200978518918,35.192456494076396,false
current,R0,0,1922-09,12.437585572,92.49576062214805,99.73301894636569,54.14334273639999,3.093549093062485,1.9898345967847846,1,35.68209457274622,35.23942688106597,false
current,R0,0,1922-10,13.206309900399999,91.86767070801992,99.66032975825657,54.02721234831999,3.1190584139543707,1.9866509473182845,1,35.844741158585826,35.28964858961847,false
current,R0,0,1922-11,13.744416930279998,91.43305913972652,99.58094985801857,53.92285934681199,3.146936071143235,1.9830164879128283,1,36.01607997579129,35.3419152282333,false
current,R0,0,1922-12,14.121091851195999,91.13126970043977,99.49661212595282,53.833669034859994,3.176578493981238,1.9790474929009285,1,36.1934545817825,35.39540363652554,false
current,R0,0,1923-01,18.8847642958372,87.47967043211912,99.40861253951228,53.75993556886611,3.2075341763869916,1.974830606297641,1,36.443861173140114,35.47142340513502,false
current,R0,0,1923-02,22.219335007086038,85.0929192127991,99.29055128955805,53.56541196933116,3.249101437440511,1.9704306269756138,1,36.74200278888413,35.561950906190766,false
current,R0,0,1923-03,24.553534504960226,83.49823263815794,99.15077455253395,53.329208328319226,3.2983728508056847,0.9645275644779026,1,37.07203813612097,35.66198951405561,false
current,R0,0,1923-04,26.187474153472156,82.41705501887833,98.9950324680465,53.09383979467465,3.3533494556951666,0.9575387276266973,1,37.42369703574341,35.768321344177416,false
current,R0,0,1923-05,27.331231907430507,81.67674060956841,98.82747747259099,52.88006363166809,3.412589042720265,0.9497516234023251,1,37.79016222355204,35.87882612158424,false
current,R0,0,1923-06,28.131862335201355,81.16638446097755,98.65118395766771,52.69610758494474,3.475023834947216,0.9413738736295492,1,38.16683453433249,35.99208463445379,false
current,R0,0,1923-07,37.69230363464095,75.53072848280493,98.46845502280902,52.54331943940527,3.5398533936355188,0.9325591978833856,1,38.65621996467639,36.14059501649786,false
current,R0,0,1923-08,44.38461254424867,72.0298362598215,98.23941308296952,52.14955449854446,3.6212649268267874,0.9234227511404511,1,39.21562323947996,36.310833123428075,false
current,R0,0,1923-09,49.069228780974065,69.76624273867156,97.97758737143275,51.67314977265366,3.714546224181929,-0.088029345851524,1,39.820298384706525,36.495016280584665,false
current,R0,0,1923-10,70.34846014668184,61.051329674743634,97.69171541011845,51.19912797742833,3.816666708207217,-0.10112063142836258,1,48.599271791211656,39.26037144703369,true
current,R0,0,1923-11,85.24392210267729,56.14219285551228,97.33162136056615,50.22893577979937,3.945677563236436,-1.1154142294940776,1,49.47642793410141,39.53001352364966,true
current,R0,0,1923-12,95.6707454718741,53.15051043997227,96.92046492984566,49.10293738277924,4.093527510397055,-1.1334189319716927,1,50.41341772530196,39.81836711263556,true
current,R0,0,1924-01,102.96952183031186,51.239220086918706,96.47147907746773,48.00193380378924,4.255665659905542,-1.1539767535077168,1,51.38863332356359,40.11878238508549,true
current,R0,0,1924-02,108.07866528121829,49.98109722563053,95.9938900432383,47.01226800774311,4.428935691192276,-1.1764260461266134,1,52.38901137905098,40.42731808676343,true
current,R0,0,1924-03,111.6550656968528,49.136551330624,95.49489846308141,46.16622764698363,4.610871284151624,-1.2003054978380852,1,53.4062803524385,40.741534554621616,true
current,R0,0,1924-04,114.15854598779696,48.56215264270896,94.9863818401445,45.46670738198296,4.79724858900496,-1.2252550768459294,1,54.43503729958432,41.059879295075255,true
current,R0,0,1924-05,115.91098219145786,48.16799911909001,94.4706063668626,44.90193878775416,4.98729837524955,-1.2506809079927748,1,55.47167731720252,41.3813430342958,true
current,R0,0,1924-06,117.1376875340205,47.89587711884681,93.94962844651756,44.454027685684174,5.180313196613841,-1.2764696816568701,1,56.51375977482559,41.70526050971127,true
current,R0,0,1924-07,117.99638127381435,47.707213941946506,93.42521140565091,44.1036887539583,5.375679551263999,-1.3025185776741217,1,57.559615495986655,42.031189016407616,true
current,R0,0,1924-08,118.59746689167004,47.57603163422708,92.89881203277282,43.83269068955638,5.572885185305718,-1.3287394297174544,1,58.608094863302114,42.35883202449062,true
current,R0,0,1924-09,119.01822682416902,47.48463244727696,92.37160231936032,43.62495947593936,5.771513559185546,-1.3550593983613588,1,59.65840221435658,42.694350037847194,true
current,R0,0,1924-10,119.31275877691832,47.4208616862949,91.8445063021346,43.46692482843248,5.971232521936865,-1.381419884031984,1,60.70998498063068,43.03598121555762,true
current,R0,0,1924-11,119.51893114384282,47.376323972647526,91.31824083763436,43.34746461659519,6.171781166587595,-1.4077746848932697,1,61.762458501177726,43.38272630847319,true
current,R0,0,1924-12,119.66325180068996,47.34519731792177,90.7933545194072,43.25765729730135,6.37295697735047,-1.434087958118282,1,62.81555455481929,43.73451615767205,true
current,R0,0,1925-01,119.76427626048297,47.3234329844995,90.2702620987454,43.190462554090246,6.574604276539638,-1.4603322740296398,1,63.86908589512931,44.09130337944344,true
current,R0,0,1925-02,119.83499338233807,47.30820985316142,89.74927354427435,43.14039550004868,6.776604348130665,-1.4864868950627297,1,64.92292169806608,44.45305549150664,true
current,R0,0,1925-03,119.88449536763665,47.29755948736488,89.23061781683829,43.10322704856394,6.9788672717554086,-1.5125363227862827,1,65.97697050831879,44.815510220672415,true
current,R0,0,1925-04,119.91914675734564,47.290107084105564,88.71446188549844,43.075724072965656,7.181325329750448,-1.5384691091580855,1,67.03116836663668,45.17865229300153,true
current,R0,0,1925-05,119.94340273014194,47.284891799006175,88.20092567962028,43.05543244835559,7.383927778367378,-1.564276905725078,1,68.08547053065655,45.54247123504713,true
current,R0,0,1925-06,119.96038191109935,47.28124178381967,87.33728998694865,39.44050063194465,7.726636758013511,-1.5899537160189858,1,69.13984569498015,45.9067969719142,true
current,R0,0,1925-07,119.97226733776954,47.27868710845582,86.43475299079911,36.90953898502828,8.0883241296958,-1.6331355006525676,1,70.19427195281104,46.27206046117451,true
current,R0,0,1925-08,119.98058713643867,47.27689899995405,85.50872828747491,35.137509269386705,8.463299050024402,-1.6782623504600445,1,71.24873397281195,46.63856344709049,true
current,R0,0,1925-09,119.98641099550707,47.27564740447721,84.56989601272564,33.89683887447753,8.847577126360122,-1.7245635856262544,1,72.3032210247224,47.00651720412735,true
current,R0,0,1925-10,119.99048769685494,47.27477132707263,83.62563302333504,33.028194882269055,9.238368722269115,-1.7715051993637183,1,73.35772559818095,47.376069662685005,true
current,R0,0,1925-11,119.99334138779845,47.2741580922086,82.68101704240303,32.42002178668269,9.633720699137202,-1.818718348833248,1,74.41224243633678,47.74732440124587,true
current,R0,0,1925-12,119.9953389714589,47.27372883726979,81.73952857154295,31.994215009043927,10.032265584757118,-1.8659491478798487,1,75.46676785959139,48.12035394399057,true
current,R0,0,1926-01,119.99673728002124,47.27342836345086,80.96701909717683,33.49609033718698,10.363045955959638,-1.9130235714228525,1,76.52129929232237,48.495290554555304,true
current,R0,0,1926-02,119.99771609601486,47.27321803405027,80.22005086294382,34.547361117630246,10.685941481689406,-1.9516490451411586,1,77.57583493164137,48.8719518311214,true
current,R0,0,1926-03,119.9984012672104,47.27307080458346,79.49262379805239,35.28322129946072,11.003317835821848,-1.9889974568528088,1,78.63037351554969,49.25021009907872,true
current,R0,0,1926-04,119.99888088704728,47.272967744502346,78.78056728450136,35.79830287160619,11.31683092399968,-2.0253688100973806,0.5,79.68491416065963,49.6299759907966,true
current,R0,0,1926-05,119.99921662093308,47.27289560271296,78.08097579190434,36.158845583512914,11.627639833923748,-2.060971635774932,0.5,80.73945624860538,50.01118695211803,true
current,R0,0,1926-06,119.99945163465316,47.272845103591386,77.39181957887013,36.411215409831044,11.936555894610306,-2.0959512104047833,0.5,81.79399934653355,50.39379919734596,true
current,R0,0,1926-07,119.9996161442572,47.27280975427048,77.09863477981233,38.38786723784214,12.069147013708694,-2.1304090210564937,0.5,82.84854315144814,50.77798579299474,true
current,R0,0,1926-08,119.99973130098003,47.27278500977731,76.82942023152101,39.771518582161775,12.191360710710022,-2.1450682610093836,0.5,83.90308745125259,51.16350732741841,true
current,R0,0,1926-09,119.99981191068602,47.272767688647484,76.57709150153865,40.740071068483836,12.306310238153673,-2.1585289884239494,0.5,84.95763209747963,51.55019621315898,true
current,R0,0,1926-10,119.99986833748021,47.27275556386417,76.33671682764799,41.4180553906181,12.416174865044132,-2.1711454249230675,0.5,86.01217698620236,51.937935139471556,true
current,R0,0,1926-11,119.99990783623615,47.27274707651955,76.10485995187805,41.892642723308256,12.522480074243386,-2.1831641586176005,0.5,87.06672204467196,52.326641989162646,true
current,R0,0,1926-12,119.9999354853653,47.27274113538012,75.8791250534439,42.22485267122869,12.626293699946018,-2.194757002406097,0.5,88.12126722196436,52.71625928042395,true
current,R0,0,1927-01,119.9999548397557,47.27273697658343,75.65784087813006,42.45739880529912,12.728363223422068,-2.206043747327805,0.5,89.17581248243269,53.106746776147396,true
current,R0,0,1927-02,119.99996838782899,47.272734065426164,75.43984111844395,42.62018051851671,12.829211879694247,-2.217107956093497,0.5,90.23035780112417,53.498076310467205,true
current,R0,0,1927-03,119.99997787148028,47.2727320276163,75.22431153511178,42.73412731132683,12.929205931972035,-2.2280079440778024,0.5,91.28490316057184,53.89022816735392,true
current,R0,0,1927-04,119.9999845100362,47.2727306011495,75.01068344931925,42.81388978178437,13.02860176358757,-2.238784423244411,0.5,92.33944854854886,54.28318854564042,true
current,R0,0,1927-05,119.99998915702534,47.27272960262279,74.79855949746135,42.86972331194797,13.127578842233202,-2.2494658275340376,0.5,93.3939939564964,54.67694778454705,true
current,R0,0,1927-06,119.99999240991774,47.272728903654105,74.5876618545781,42.90880664365282,13.226262794845475,-2.260072025126932,0.5,94.44853937842332,55.07149912155423,true
current,R0,0,1927-07,119.99999468694242,47.27272841437605,74.15403313093756,42.93616487825943,13.429741559966297,-2.270616907271095,0.5,95.5030848101358,55.4667155933789,true
current,R0,0,1927-08,119.99999628085969,47.27272807188142,73.72322969401826,42.955315574173326,13.633076694355434,-2.2922983434531217,0.5,96.55763024869817,55.862593886407275,true
current,R0,0,1927-09,119.99999739660178,47.27272783213517,73.29514081976461,42.96872101349554,13.836311287591025,-2.313838515299087,0.5,97.61217569205546,56.25913168111939,true
current,R0,0,1927-10,119.99999817762125,47.27272766431281,72.86968511335189,42.97810478754882,14.039475502270173,-2.3352429590117696,0.5,98.66672113876922,56.65632735385801,true
current,R0,0,1927-11,119.99999872433487,47.27272754683715,72.44680161510892,42.98467340595553,14.242590452135541,-2.3565157443324054,0.5,99.72126658783247,57.05417976806779,true
current,R0,0,1927-12,119.99999910703441,47.27272746460419,72.02644361133356,42.989271422438826,14.445670916754274,-2.3776599192445538,0.5,100,57.234759903912476,true
current,R0,0,1928-01,119.99999937492409,47.2727274070411,71.60857432719482,42.99249002249614,14.648727241786471,-2.398677819433322,0.5,100,57.33840133781923,true
current,R0,1,1922-01,5.199999999999999,98.85931558935361,100,54.879999999999995,3,2,1,35.02281368821293,35.01320677946768,false
current,R0,1,1922-02,6.039999999999999,98.0761976612599,99.98907452471482,54.75999999999999,3.00382391634981,2,1,35.06320169316264,35.031106720259025,false
current,R0,1,1922-03,6.627999999999998,97.53535656675545,99.9700861807984,54.65079999999999,3.0104705628982824,1.9994537262357412,1,35.11581788510177,35.052020893425684,false
current,R0,1,1922-04,7.039599999999998,97.16030328962366,99.94513849837014,54.556719999999984,3.019204864511367,1.9985043090399202,1,35.17697897011584,35.07479756943025,false
current,R0,1,1922-05,7.327719999999998,96.89947760000865,99.91578783574015,54.478515999999985,3.029483235300421,1.997256924918507,1,35.24412860351019,35.09864088215306,false
current,R0,1,1922-06,7.529403999999998,96.71773127283399,99.88318887197079,54.415129599999986,3.0409024890203966,1.9957893917870073,1,35.3154836049135,35.12299808461528,false
current,R0,1,1922-07,9.770582799999998,94.7430516876148,99.84819858650013,54.364708599999986,3.0531634110564614,1.9941594435985395,1,35.426753032179235,35.159247748250294,false
current,R0,1,1922-08,11.339407959999999,93.408077073091,99.79669193569569,54.262178535999986,3.07121814618114,1.9924099293250066,1,35.56761885827976,35.20414813974113,false
current,R0,1,1922-09,12.437585572,92.49576062214805,99.73301894636569,54.14334273639999,3.093549093062485,1.9898345967847846,1,35.72886911927747,35.25478452384373,false
current,R0,1,1922-10,13.206309900399999,91.86767070801992,99.66032975825657,54.02721234831999,3.1190584139543707,1.9866509473182845,1,35.904270365563015,35.30919401257598,false
current,R0,1,1922-11,13.744416930279998,91.43305913972652,99.58094985801857,53.92285934681199,3.146936071143235,1.9830164879128283,1,36.089548011362915,35.366037233245976,false
current,R0,1,1922-12,14.121091851195999,91.13126970043977,99.49661212595282,53.833669034859994,3.176578493981238,1.9790474929009285,1,36.28174382877312,35.42439193928747,false
current,R0,1,1923-01,18.8847642958372,87.47967043211912,99.40861253951228,53.75993556886611,3.2075341763869916,1.974830606297641,1,36.547628261333614,35.505493599091885,false
current,R0,1,1923-02,22.219335007086038,85.0929192127991,99.29055128955805,53.56541196933116,3.249101437440511,1.9704306269756138,1,36.86655350760439,35.602845058837254,false
current,R0,1,1923-03,24.553534504960226,83.49823263815794,99.15077455253395,53.329208328319226,3.2983728508056847,0.9645275644779026,1,37.22122456152382,35.710972390396215,false
current,R0,1,1923-04,26.187474153472156,82.41705501887833,98.9950324680465,53.09383979467465,3.3533494556951666,0.9575387276266973,1,37.60037176359099,35.82632954648738,false
current,R0,1,1923-05,27.331231907430507,81.67674060956841,98.82747747259099,52.88006363166809,3.412589042720265,0.9497516234023251,1,37.99645674491217,35.94655948943082,false
current,R0,1,1923-06,28.131862335201355,81.16638446097755,98.65118395766771,52.69610758494474,3.475023834947216,0.9413738736295492,1,38.4043464518061,36.07006771402429,false
current,R0,1,1923-07,37.69230363464095,75.53072848280493,98.46845502280902,52.54331943940527,3.5398533936355188,0.9325591978833856,1,38.92614666149415,36.22922094861969,false
current,R0,1,1923-08,44.38461254424867,72.0298362598215,98.23941308296952,52.14955449854446,3.6212649268267874,0.9234227511404511,1,39.52625570289336,36.41282411558215,false
current,R0,1,1923-09,49.069228780974065,69.76624273867156,97.97758737143275,51.67314977265366,3.714546224181929,-0.088029345851524,1,40.1775714967975,36.61232095238787,false
current,R0,1,1923-10,70.34846014668184,61.051329674743634,97.69171541011845,51.19912797742833,3.816666708207217,-0.10112063142836258,1,49.007605145315274,39.39444089829771,true
current,R0,1,1923-11,85.24392210267729,56.14219285551228,97.33162136056615,50.22893577979937,3.945677563236436,-1.1154142294940776,1,49.94926671571964,39.685262256947645,true
current,R0,1,1923-12,95.6707454718741,53.15051043997227,96.92046492984566,49.10293738277924,4.093527510397055,-1.1334189319716927,1,50.9601814805005,39.99788787892575,true
current,R0,1,1924-01,102.96952183031186,51.239220086918706,96.47147907746773,48.00193380378924,4.255665659905542,-1.1539767535077168,1,52.016466153516376,40.324920830919986,true
current,R0,1,1924-02,108.07866528121829,49.98109722563053,95.9938900432383,47.01226800774311,4.428935691192276,-1.1764260461266134,1,53.10347922464713,40.661901696067495,true
current,R0,1,1924-03,111.6550656968528,49.136551330624,95.49489846308141,46.16622764698363,4.610871284151624,-1.2003054978380852,1,54.21171599451433,41.00598592376985,true
current,R0,1,1924-04,114.15854598779696,48.56215264270896,94.9863818401445,45.46670738198296,4.79724858900496,-1.2252550768459294,1,55.33366159408682,41.354927605103576,true
current,R0,1,1924-05,115.91098219145786,48.16799911909001,94.4706063668626,44.90193878775416,4.98729837524955,-1.2506809079927748,1,56.46532650482731,41.70759118423262,true
current,R0,1,1924-06,117.1376875340205,47.89587711884681,93.94962844651756,44.454027685684174,5.180313196613841,-1.2764696816568701,1,57.60391637313252,42.063195259488715,true
current,R0,1,1924-07,117.99638127381435,47.707213941946506,93.42521140565091,44.1036887539583,5.375679551263999,-1.3025185776741217,1,58.74745527161867,42.4211964094068,true
current,R0,1,1924-08,118.59746689167004,47.57603163422708,92.89881203277282,43.83269068955638,5.572885185305718,-1.3287394297174544,1,59.89453745595499,42.78121400907832,true
current,R0,1,1924-09,119.01822682416902,47.48463244727696,92.37160231936032,43.62495947593936,5.771513559185546,-1.3550593983613588,1,61.04415899394937,43.14934018048016,true
current,R0,1,1924-10,119.31275877691832,47.4208616862949,91.8445063021346,43.46692482843248,5.971232521936865,-1.381419884031984,1,62.19560124159913,43.52375855457559,true
current,R0,1,1924-11,119.51893114384282,47.376323972647526,91.31824083763436,43.34746461659519,6.171781166587595,-1.4077746848932697,1,63.348349084471536,43.90342704998798,true
current,R0,1,1924-12,119.66325180068996,47.34519731792177,90.7933545194072,43.25765729730135,6.37295697735047,-1.434087958118282,1,64.50203304349454,44.288243261453744,true
current,R0,1,1925-01,119.76427626048297,47.3234329844995,90.2702620987454,43.190462554090246,6.574604276539638,-1.4603322740296398,1,65.65638803339914,44.67813424817536,true
current,R0,1,1925-02,119.83499338233807,47.30820985316142,89.74927354427435,43.14039550004868,6.776604348130665,-1.4864868950627297,1,66.81122387213142,45.073048038658094,true
current,R0,1,1925-03,119.88449536763665,47.29755948736488,89.23061781683829,43.10322704856394,6.9788672717554086,-1.5125363227862827,1,67.9664041441965,45.4687075977856,true
current,R0,1,1925-04,119.91914675734564,47.290107084105564,88.71446188549844,43.075724072965656,7.181325329750448,-1.5384691091580855,1,69.12183103151192,45.865086534635566,true
current,R0,1,1925-05,119.94340273014194,47.284891799006175,88.20092567962028,43.05543244835559,7.383927778367378,-1.564276905725078,1,70.27743441984026,46.26216604532912,true
current,R0,1,1925-06,119.96038191109935,47.28124178381967,87.33728998694865,39.44050063194465,7.726636758013511,-1.5899537160189858,1,71.50316407398694,46.682753173021425,true
current,R0,1,1925-07,119.97226733776954,47.27868710845582,86.43475299079911,36.90953898502828,8.0883241296958,-1.6331355006525676,1,72.73843401765896,47.107393672466245,true
current,R0,1,1925-08,119.98058713643867,47.27689899995405,85.50872828747491,35.137509269386705,8.463299050024402,-1.6782623504600445,1,73.98038349782418,47.535455041136174,true
current,R0,1,1925-09,119.98641099550707,47.27564740447721,84.56989601272564,33.89683887447753,8.847577126360122,-1.7245635856262544,1,75.2270095879025,47.96649444903815,true
current,R0,1,1925-10,119.99048769685494,47.27477132707263,83.62563302333504,33.028194882269055,9.238368722269115,-1.7715051993637183,1,76.47690995931555,48.400201861257536,true
current,R0,1,1925-11,119.99334138779845,47.2741580922086,82.68101704240303,32.42002178668269,9.633720699137202,-1.818718348833248,1,77.72910278590543,48.8363602160209,true
current,R0,1,1925-12,119.9953389714589,47.27372883726979,81.73952857154295,31.994215009043927,10.032265584757118,-1.8659491478798487,1,78.98290065196998,49.27481754415488,true
current,R0,1,1926-01,119.99673728002124,47.27342836345086,80.96701909717683,33.49609033718698,10.363045955959638,-1.9130235714228525,1,80.20282227030222,49.70405726565869,true
current,R0,1,1926-02,119.99771609601486,47.27321803405027,80.22005086294382,34.547361117630246,10.685941481689406,-1.9516490451411586,1,81.4188056724861,50.13372722436543,true
current,R0,1,1926-03,119.9984012672104,47.27307080458346,79.49262379805239,35.28322129946072,11.003317835821848,-1.9889974568528088,1,82.63203243346065,50.56408811045949,true
current,R0,1,1926-04,119.99888088704728,47.272967744502346,78.78056728450136,35.79830287160619,11.31683092399968,-2.0253688100973806,0.5,83.84332962265952,50.995322400819894,true
current,R0,1,1926-05,119.99921662093308,47.27289560271296,78.08097579190434,36.158845583512914,11.627639833923748,-2.060971635774932,0.5,85.0532761655673,51.42755782485386,true
current,R0,1,1926-06,119.99945163465316,47.272845103591386,77.39181957887013,36.411215409831044,11.936555894610306,-2.0959512104047833,0.5,86.26227729383875,51.8608837900445,true
current,R0,1,1926-07,119.9996161442572,47.27280975427048,77.09863477981233,38.38786723784214,12.069147013708694,-2.1304090210564937,0.5,87.38311665830253,52.266837427745266,true
current,R0,1,1926-08,119.99973130098003,47.27278500977731,76.82942023152101,39.771518582161775,12.191360710710022,-2.1450682610093836,0.5,88.49876780660765,52.67242237742666,true
current,R0,1,1926-09,119.99981191068602,47.272767688647484,76.57709150153865,40.740071068483836,12.306310238153673,-2.1585289884239494,0.5,89.61078721655652,53.07798214392256,true
current,R0,1,1926-10,119.99986833748021,47.27275556386417,76.33671682764799,41.4180553906181,12.416174865044132,-2.1711454249230675,0.5,90.72026441872447,53.483757179816315,true
current,R0,1,1926-11,119.99990783623615,47.27274707651955,76.10485995187805,41.892642723308256,12.522480074243386,-2.1831641586176005,0.5,91.82796208179371,53.88991580135096,true
current,R0,1,1926-12,119.9999354853653,47.27274113538012,75.8791250534439,42.22485267122869,12.626293699946018,-2.194757002406097,0.5,92.93441407193743,54.29657582949843,true
current,R0,1,1927-01,119.9999548397557,47.27273697658343,75.65784087813006,42.45739880529912,12.728363223422068,-2.206043747327805,0.5,94.03999409414378,54.703819738659206,true
current,R0,1,1927-02,119.99996838782899,47.272734065426164,75.43984111844395,42.62018051851671,12.829211879694247,-2.217107956093497,0.5,95.14496374097135,55.11170526071703,true
current,R0,1,1927-03,119.99997787148028,47.2727320276163,75.22431153511178,42.73412731132683,12.929205931972035,-2.2280079440778024,0.5,96.2495061265579,55.520272807852685,true
current,R0,1,1927-04,119.9999845100362,47.2727306011495,75.01068344931925,42.81388978178437,13.02860176358757,-2.238784423244411,0.5,97.3537494303427,55.92955066849607,true
current,R0,1,1927-05,119.99998915702534,47.27272960262279,74.79855949746135,42.86972331194797,13.127578842233202,-2.2494658275340376,0.5,98.45778337761305,56.33955864448036,true
current,R0,1,1927-06,119.99999240991774,47.272728903654105,74.5876618545781,42.90880664365282,13.226262794845475,-2.260072025126932,0.5,99.56167077584611,56.750310597041384,true
current,R0,1,1927-07,119.99999468694242,47.27272841437605,74.15403313093756,42.93616487825943,13.429741559966297,-2.270616907271095,0.5,100,56.974860509572416,true
current,R0,1,1927-08,119.99999628085969,47.27272807188142,73.72322969401826,42.955315574173326,13.633076694355434,-2.2922983434531217,0.5,100,57.07625071518533,true
current,R0,1,1927-09,119.99999739660178,47.27272783213517,73.29514081976461,42.96872101349554,13.836311287591025,-2.313838515299087,0.5,100,57.179069663181366,true
current,R0,1,1927-10,119.99999817762125,47.27272766431281,72.86968511335189,42.97810478754882,14.039475502270173,-2.3352429590117696,0.5,99.99999999999999,57.283316091267444,true
current,R0,1,1927-11,119.99999872433487,47.27272754683715,72.44680161510892,42.98467340595553,14.242590452135541,-2.3565157443324054,0.5,100,57.388989122901414,true
current,R0,1,1927-12,119.99999910703441,47.27272746460419,72.02644361133356,42.989271422438826,14.445670916754274,-2.3776599192445538,0.5,100,57.496088149442855,true
current,R0,1,1928-01,119.99999937492409,47.2727274070411,71.60857432719482,42.99249002249614,14.648727241786471,-2.398677819433322,0.5,100,57.60461274829846,true
current,R1,0,1922-01,5.199999999999999,98.85931558935361,100,54.879999999999995,3,2,1,35.02281368821293,35.01320677946768,false
current,R1,0,1922-02,6.039999999999999,98.0761976612599,99.98907452471482,54.75999999999999,3.00382391634981,2,1,35.06128973498773,35.030478960658264,false
current,R1,0,1922-03,6.627999999999998,97.53535656675545,99.9700861807984,54.65079999999999,3.0104705628982824,1.9994537262357412,1,35.110582603652624,35.05030197601655,false
current,R1,0,1922-04,7.039599999999998,97.16030328962366,99.94513849837014,54.556719999999984,3.019204864511367,1.9985043090399202,1,35.16737653786015,35.071644770839626,false
current,R1,0,1922-05,7.327719999999998,96.89947760000865,99.91578783574015,54.478515999999985,3.029483235300421,1.997256924918507,1,35.229386985859975,35.093800717691245,false
current,R1,0,1922-06,7.529403999999998,96.71773127283399,99.88318887197079,54.415129599999986,3.0409024890203966,1.9957893917870073,1,35.2950323604033,35.11628325933444,false
current,R1,0,1922-07,9.770582799999998,94.7430516876148,99.84819858650013,54.364708599999986,3.0531634110564614,1.9941594435985395,1,35.400171326651,35.15052008826852,false
current,R1,0,1922-08,11.339407959999999,93.408077073091,99.79669193569569,54.262178535999986,3.07121814618114,1.9924099293250066,1,35.53200978518918,35.192456494076396,false
current,R1,0,1922-09,12.437585572,92.49576062214805,99.73301894636569,54.14334273639999,3.093549093062485,1.9898345967847846,1,35.68209457274622,35.23942688106597,false
current,R1,0,1922-10,13.206309900399999,91.86767070801992,99.66032975825657,54.02721234831999,3.1190584139543707,1.9866509473182845,1,35.844741158585826,35.28964858961847,false
current,R1,0,1922-11,13.744416930279998,91.43305913972652,99.58094985801857,53.92285934681199,3.146936071143235,1.9830164879128283,1,36.01607997579129,35.3419152282333,false
current,R1,0,1922-12,14.121091851195999,91.13126970043977,99.49661212595282,53.833669034859994,3.176578493981238,1.9790474929009285,1,36.1934545817825,35.39540363652554,false
current,R1,0,1923-01,18.8847642958372,87.47967043211912,99.40861253951228,53.75993556886611,3.2075341763869916,1.974830606297641,1,36.443861173140114,35.47142340513502,false
current,R1,0,1923-02,22.219335007086038,85.0929192127991,99.29055128955805,53.56541196933116,3.249101437440511,1.9704306269756138,1,36.74200278888413,35.561950906190766,false
current,R1,0,1923-03,24.553534504960226,83.49823263815794,99.15077455253395,53.329208328319226,3.2983728508056847,0.9645275644779026,1,37.07203813612097,35.66198951405561,false
current,R1,0,1923-04,26.187474153472156,82.41705501887833,98.9950324680465,53.09383979467465,3.3533494556951666,0.9575387276266973,1,37.42369703574341,35.768321344177416,false
current,R1,0,1923-05,27.331231907430507,81.67674060956841,98.82747747259099,49.88006363166809,3.412589042720265,1.9497516234023253,1,37.79016222355204,35.98614546709233,false
current,R1,0,1923-06,28.131862335201355,81.16638446097755,98.60671159280503,47.59610758494475,3.490773834947216,1.9413738736295492,1,38.16683453433249,36.09999310004501,false
current,R1,0,1923-07,37.69230363464095,75.53072848280493,98.3486308985432,45.97331943940528,3.582378393635519,1.9303355796402513,1,38.65621996467639,36.250078368885106,false
current,R1,0,1923-08,26.384612544248665,82.28849850181598,98.02294509911519,47.550554498544464,3.6982824268267875,3.9174315449271604,1,39.01044999464007,36.358277205622606,false
current,R1,0,1923-09,18.469228780974063,87.78650884296312,97.77452192788563,48.99384977265366,3.7869842199043444,3.9011472549557595,1,39.25471981778081,36.432307734203675,false
current,R1,0,1923-10,12.928460146681843,92.09370238903043,97.59090119710378,50.241617977428334,3.852714283837616,4.888726096394281,1,39.4128457700002,36.479434382802914,false
current,R1,0,1923-11,9.04992210267729,95.36916486934994,97.45951836191138,51.28127877979937,3.899833422766832,1.8795450598551888,1,39.5054624726132,36.50592870268016,false
current,R1,0,1923-12,6.334945471874102,97.80415980700182,97.36904912813921,52.12539748277924,3.932323047538705,1.872975918095569,1,39.54937927647317,36.516882317238505,false
current,R1,0,1924-01,4.434461830311871,99.5839861452843,97.30995998135037,52.79772987378925,3.953563063294509,1.8684524564069604,1,39.55769955356748,36.51625070735528,false
current,R1,0,1924-02,3.104123281218309,100.86890484131091,97.2745759753486,53.325377056743115,3.9662898202503194,1.8654979990675187,1,39.53163240832816,36.50427147168936,false
current,R1,0,1924-03,2.172886296852816,101.7882569137165,97.25690302784012,53.73464024128363,3.9726486571467476,1.8637287987674298,1,39.477984700916664,36.482977043012625,false
current,R1,0,1924-04,1.5210204077969713,102.44183872684225,97.25235690847751,54.04906157999295,3.974284676521602,1.8628451513920061,1,39.4047295391114,36.45479216814848,false
current,R1,0,1924-05,1.06471428545788,102.90436255155421,97.2574827237945,54.28871249376115,3.972439954791481,1.8626178454238755,1,39.31784964311579,36.42145516797145,false
current,R1,0,1924-06,0.7452999998205159,103.23062217312894,97.26970369819657,54.47015731706907,3.968041999054883,1.8628741361897247,1,39.22156534365809,36.3842023773142,false
current,R1,0,1924-07,0.5217099998743611,103.46023759457532,97.28711238500354,54.60675112195373,3.9617779310555097,1.8634851849098282,1,39.118713630044915,36.343908182497835,false
current,R1,0,1924-08,0.36519699991205273,103.62157710913587,97.30830459973384,54.709074485371374,3.9541538224004418,1.864355619250177,1,39.01129280640148,36.30118854323897,false
current,R1,0,1924-09,0.2556378999384369,103.73481449871045,97.33225094172224,54.7853962297626,3.9455407654466614,1.8654152299866922,1,38.90070622904068,36.26283616420893,false
current,R1,0,1924-10,0.1789465299569058,103.81422804131849,97.3581991936803,54.84210822383566,3.9362099546440183,1.866612547086112,1,38.787937313391424,36.22915442021373,false
current,R1,0,1924-11,0.12526257096983406,103.8698899054409,97.38560109470441,54.884107360786246,3.9263590479531896,1.8679099596840154,1,38.67367411172337,36.20035571796425,false
current,R1,0,1924-12,0.08768379967888384,103.90888873815027,97.41405787792351,54.915117275421274,3.9161317925738275,1.8692800547352206,1,38.55839746111112,36.17517960282265,false
current,R1,0,1925-01,0.06137865977521869,103.93620535013484,97.4432800194289,54.93795157880452,3.905632538411045,1.8707028938961756,1,38.44244309123121,36.15333155170064,false
current,R1,0,1925-02,0.04296506184265308,103.9553355258026,97.47305762998846,54.9547247453699,3.8949369176419437,1.8721640009714449,1,38.326045253394895,36.13488557125651,false
current,R1,0,1925-03,0.030075543289857152,103.96873083934848,97.50323875417509,54.96701836990365,3.8840996732565043,1.873652881499423,1,38.2093673028347,36.115653401020175,false
current,R1,0,1925-04,0.021052880302900007,103.97810961304194,97.53371351065842,54.976010592633855,3.873160380464334,1.8751619377087543,1,38.0925231022445,36.09567120465806,false
current,R1,0,1925-05,0.014737016212030003,103.98467576147497,97.56440252852562,54.982575828434605,3.862147617936489,1.8766856755329209,1,37.975591984168176,36.0749642548089,false
current,R1,0,1925-06,0.010315911348421001,103.98927255883096,97.20499092237333,51.387360969417855,3.991082002705077,1.878220126426281,1,37.85591380740325,36.05392698968415,false
current,R1,0,1925-07,0.0072211379438947,103.99249055880544,96.79451815328724,48.87084320125204,4.138878394450907,1.8602495461186663,1,37.736139090639085,36.0330806278396,false
current,R1,0,1925-08,0.0050547965607262895,103.99474327729348,96.34926585981067,47.10937360673812,4.299877494079678,1.8397259076643622,1,37.616296792320284,36.01279000372924,false
current,R1,0,1925-09,0.0035383575925084024,103.99632023830691,95.88062163391196,45.87640988081986,4.470118001467881,1.8174632929905337,1,37.49640718517108,35.99331048462087,false
current,R1,0,1925-10,0.0024768503147558816,103.99742413947284,95.39653639704808,45.01338076584612,4.646827152926318,1.7940310816955978,1,37.376484460986894,35.97482081390789,false
current,R1,0,1925-11,0.001733795220329117,103.99819688423318,94.90255415206498,44.40929223058284,4.828064116315102,1.769826819852404,1,37.2565385544599,35.95744610144936,false
current,R1,0,1925-12,0.0012136566542303817,103.99873781239822,94.40253628052268,43.98645254755138,5.012470380828689,1.745127707603249,1,37.136576420087955,35.94127391632922,false
current,R1,0,1926-01,0.0008495596579612671,103.99911646546187,94.08797446533099,45.49048037358634,5.1290950390793295,1.720126814026134,1,37.0166029261241,35.92617709396938,false
current,R1,0,1926-02,0.000594691760572887,103.99938152424701,93.79569030186309,46.543310774720695,5.237822491014708,1.7043987232665494,1,36.89662148039669,35.91194412950832,false
current,R1,0,1926-03,0.00041628423240102085,103.99956706620053,93.51912875079414,47.28029970155167,5.341021841179533,1.6897845150931545,1,36.77663446841068,35.898426966703894,false
current,R1,0,1926-04,0.00029139896268071455,103.9996969459619,93.25372242856625,47.79619730255919,5.440351479961025,1.675956437539707,1,36.65664356003182,35.88552196432271,false
current,R1,0,1926-05,0.00020397927387650017,103.99978786198788,92.99628670143629,48.157329369822556,5.536972292673896,1.6626861214283124,1,36.53664992417218,35.87315657225721,false
current,R1,0,1926-06,0.0001427854917135501,103.99985150330063,92.74459991757497,48.41012443949757,5.631696907468762,1.6498143350718144,1,36.416654379073165,35.86128000459073,false
current,R1,0,1926-07,0.00009994984419948506,103.99989605226591,92.96083458166515,50.38708282408355,5.550094169952158,1.6372299958787486,1,36.31865032794731,35.84938555406577,false
current,R1,0,1926-08,0.00006996489093963954,103.9999272365643,93.20514068485144,51.77095497836316,5.458112276179374,1.6480417290832576,1,36.224194914375005,35.837193931228775,false
current,R1,0,1926-09,0.000048975423657747675,103.99994906558433,93.46943667004315,52.73966638590748,5.358864966280588,1.6602570342425722,1,36.132560595709876,35.82450963329575,false
current,R1,0,1926-10,0.00003428279656042337,103.99996434590379,93.74806400248347,53.41776500087252,5.254531860370937,1.6734718335021577,1,36.043218209513505,35.81119580822058,false
current,R1,0,1926-11,0.00002399795759229636,103.99997504213007,94.03705758737675,53.892434472126865,5.146638693947826,1.6874032001241737,1,35.95578336189646,35.79715665951235,false
current,R1,0,1926-12,0.00001679857031460745,103.9999825294898,94.33363760031071,54.22470341055008,5.036253482851196,1.7018528793688374,1,35.869977022577274,35.78232512959108,false
current,R1,0,1927-01,0.000011758999220225215,103.99998777064224,94.6358546631739,54.45729188342794,4.9241238388632365,1.7166818800155355,1,35.785596677773526,35.76665427812752,false
current,R1,0,1927-02,0.000008231299454157649,103.99999143944925,94.94234166110212,54.62010396562958,4.810773090717442,1.731792733158695,1,35.702495279045245,35.750111246876095,false
current,R1,0,1927-03,0.000005761909617910354,103.99999400761433,95.25213993753265,54.73407252900172,4.696567568867429,1.747117083055106,1,35.62056592074413,35.732673035054844,false
current,R1,0,1927-04,0.000004033336732537247,103.99999580532996,95.56457747236013,54.81385059744391,4.581763704868849,1.7626069968766322,1,35.53973071100132,35.71432354210965,false
current,R1,0,1927-05,0.000002823335712776073,103.99999706373092,95.87918344414912,54.869695297210626,4.466541000977345,1.7782288736180063,1,35.459932703228965,35.69505149764801,false
current,R1,0,1927-06,0.000001976334998943251,103.99999794461162,96.19562828438617,54.90878662334737,4.3510251088885425,1.793959172207456,1,35.38113005568586,35.674849012392045,false
current,R1,0,1927-07,0.0000013834344992602755,103.99999856122813,96.22509472040836,54.93615057705311,4.340303984871056,1.8097814142193087,1,35.26504050925461,35.65399325883012,false
current,R1,0,1927-08,9.684041494821928e-7,103.99999899285967,96.2549651521276,54.95530536243414,4.329439198370089,1.8112547360204183,1,35.14909557798997,35.63248037122199,false
current,R1,0,1927-09,6.778829046375349e-7,103.99999929500177,96.2851214211037,54.96871372465177,4.318473848037303,1.8127482576063798,1,35.033281211241594,35.61030764354704,false
current,R1,0,1927-10,4.745180332462744e-7,103.99999950650124,96.31548079410487,54.978099586919754,4.307438102956876,1.8142560710551847,1,34.91758730669907,35.58747318158922,false
current,R1,0,1927-11,3.3216262327239205e-7,103.99999965455085,96.34598534183415,54.98466969660828,4.296353081507344,1.8157740397052435,1,34.80200660306486,35.56397565939609,false
current,R1,0,1927-12,2.3251383629067442e-7,103.99999975818561,96.37659450250305,54.98926877766091,4.285233566567408,1.8172992670917076,1,34.68653388173065,35.53981414880015,false
current,R1,0,1928-01,1.6275968540347208e-7,103.9999998307299,96.40727987507987,54.99248813738721,4.274089906161769,1.8188297251251526,1,34.57116539173238,35.51498800008356,false
current,R1,1,1922-01,5.199999999999999,98.85931558935361,100,54.879999999999995,3,2,1,35.02281368821293,35.01320677946768,false
current,R1,1,1922-02,6.039999999999999,98.0761976612599,99.98907452471482,54.75999999999999,3.00382391634981,2,1,35.06320169316264,35.031106720259025,false
current,R1,1,1922-03,6.627999999999998,97.53535656675545,99.9700861807984,54.65079999999999,3.0104705628982824,1.9994537262357412,1,35.11581788510177,35.052020893425684,false
current,R1,1,1922-04,7.039599999999998,97.16030328962366,99.94513849837014,54.556719999999984,3.019204864511367,1.9985043090399202,1,35.17697897011584,35.07479756943025,false
current,R1,1,1922-05,7.327719999999998,96.89947760000865,99.91578783574015,54.478515999999985,3.029483235300421,1.997256924918507,1,35.24412860351019,35.09864088215306,false
current,R1,1,1922-06,7.529403999999998,96.71773127283399,99.88318887197079,54.415129599999986,3.0409024890203966,1.9957893917870073,1,35.3154836049135,35.12299808461528,false
current,R1,1,1922-07,9.770582799999998,94.7430516876148,99.84819858650013,54.364708599999986,3.0531634110564614,1.9941594435985395,1,35.426753032179235,35.159247748250294,false
current,R1,1,1922-08,11.339407959999999,93.408077073091,99.79669193569569,54.262178535999986,3.07121814618114,1.9924099293250066,1,35.56761885827976,35.20414813974113,false
current,R1,1,1922-09,12.437585572,92.49576062214805,99.73301894636569,54.14334273639999,3.093549093062485,1.9898345967847846,1,35.72886911927747,35.25478452384373,false
current,R1,1,1922-10,13.206309900399999,91.86767070801992,99.66032975825657,54.02721234831999,3.1190584139543707,1.9866509473182845,1,35.904270365563015,35.30919401257598,false
current,R1,1,1922-11,13.744416930279998,91.43305913972652,99.58094985801857,53.92285934681199,3.146936071143235,1.9830164879128283,1,36.089548011362915,35.366037233245976,false
current,R1,1,1922-12,14.121091851195999,91.13126970043977,99.49661212595282,53.833669034859994,3.176578493981238,1.9790474929009285,1,36.28174382877312,35.42439193928747,false
current,R1,1,1923-01,18.8847642958372,87.47967043211912,99.40861253951228,53.75993556886611,3.2075341763869916,1.974830606297641,1,36.547628261333614,35.505493599091885,false
current,R1,1,1923-02,22.219335007086038,85.0929192127991,99.29055128955805,53.56541196933116,3.249101437440511,1.9704306269756138,1,36.86655350760439,35.602845058837254,false
current,R1,1,1923-03,24.553534504960226,83.49823263815794,99.15077455253395,53.329208328319226,3.2983728508056847,0.9645275644779026,1,37.22122456152382,35.710972390396215,false
current,R1,1,1923-04,26.187474153472156,82.41705501887833,98.9950324680465,53.09383979467465,3.3533494556951666,0.9575387276266973,1,37.60037176359099,35.82632954648738,false
current,R1,1,1923-05,27.331231907430507,81.67674060956841,98.82747747259099,49.88006363166809,3.412589042720265,1.9497516234023253,1,37.99645674491217,36.05387883493891,false
current,R1,1,1923-06,28.131862335201355,81.16638446097755,98.60671159280503,47.59610758494475,3.490773834947216,1.9413738736295492,1,38.4122214518061,36.180561804615515,false
current,R1,1,1923-07,37.69230363464095,75.53072848280493,98.3486308985432,45.97331943940528,3.582378393635519,1.9303355796402513,1,38.94740916149415,36.34568548850693,false
current,R1,1,1923-08,26.384612544248665,82.28849850181598,98.02294509911519,47.550554498544464,3.6982824268267875,3.9174315449271604,1,39.359591208053466,36.472911904026674,false
current,R1,1,1923-09,18.469228780974063,87.78650884296312,97.77452192788563,48.99384977265366,3.7869842199043444,3.9011472549557595,1,39.64821192773299,36.56150431030464,false
current,R1,1,1923-10,12.928460146681843,92.09370238903043,97.59090119710378,50.241617977428334,3.852714283837616,4.888726096394281,1,39.83920291191902,36.61942164439959,false
current,R1,1,1923-11,9.04992210267729,95.36916486934994,97.45951836191138,51.28127877979937,3.899833422766832,1.8795450598551888,1,39.95537918399663,36.65365135625105,false
current,R1,1,1923-12,6.334945471874102,97.80415980700182,97.36904912813921,52.12539748277924,3.932323047538705,1.872975918095569,1,40.015540800242526,36.66993868420944,false
current,R1,1,1924-01,4.434461830311871,99.5839861452843,97.30995998135037,52.79772987378925,3.953563063294509,1.8684524564069604,1,40.03448108521474,36.67279397691279,false
current,R1,1,1924-02,3.104123281218309,100.86890484131091,97.2745759753486,53.325377056743115,3.9662898202503194,1.8654979990675187,1,40.014777318453326,36.662904050513795,false
current,R1,1,1924-03,2.172886296852816,101.7882569137165,97.25690302784012,53.73464024128363,3.9726486571467476,1.8637287987674298,1,39.964309029490046,36.642653530894215,false
current,R1,1,1924-04,1.5210204077969713,102.44183872684225,97.25235690847751,54.04906157999295,3.974284676521602,1.8628451513920061,1,39.89187187737221,36.61473723587745,false
current,R1,1,1924-05,1.06471428545788,102.90436255155421,97.2574827237945,54.28871249376115,3.972439954791481,1.8626178454238755,1,39.804991981376595,36.581400235700414,false
current,R1,1,1924-06,0.7452999998205159,103.23062217312894,97.26970369819657,54.47015731706907,3.968041999054883,1.8628741361897247,1,39.708707681918895,36.54414744504316,false
current,R1,1,1924-07,0.5217099998743611,103.46023759457532,97.28711238500354,54.60675112195373,3.9617779310555097,1.8634851849098282,1,39.60585596830572,36.503853250226804,false
current,R1,1,1924-08,0.36519699991205273,103.62157710913587,97.30830459973384,54.709074485371374,3.9541538224004418,1.864355619250177,1,39.49843514466228,36.46113361096794,false
current,R1,1,1924-09,0.2556378999384369,103.73481449871045,97.33225094172224,54.7853962297626,3.9455407654466614,1.8654152299866922,1,39.38784856730149,36.4227812319379,false
current,R1,1,1924-10,0.1789465299569058,103.81422804131849,97.3581991936803,54.84210822383566,3.9362099546440183,1.866612547086112,1,39.27507965165224,36.3890994879427,false
current,R1,1,1924-11,0.12526257096983406,103.8698899054409,97.38560109470441,54.884107360786246,3.9263590479531896,1.8679099596840154,1,39.16081644998419,36.36030078569322,false
current,R1,1,1924-12,0.08768379967888384,103.90888873815027,97.41405787792351,54.915117275421274,3.9161317925738275,1.8692800547352206,1,39.04553979937194,36.33512467055162,false
current,R1,1,1925-01,0.06137865977521869,103.93620535013484,97.4432800194289,54.93795157880452,3.905632538411045,1.8707028938961756,1,38.92958542949203,36.313276619429615,false
current,R1,1,1925-02,0.04296506184265308,103.9553355258026,97.47305762998846,54.9547247453699,3.8949369176419437,1.8721640009714449,1,38.81318759165572,36.294830638985474,false
current,R1,1,1925-03,0.030075543289857152,103.96873083934848,97.50323875417509,54.96701836990365,3.8840996732565043,1.873652881499423,1,38.696509641095524,36.275598468749145,false
current,R1,1,1925-04,0.021052880302900007,103.97810961304194,97.53371351065842,54.976010592633855,3.873160380464334,1.8751619377087543,1,38.57966544050532,36.25561627238702,false
current,R1,1,1925-05,0.014737016212030003,103.98467576147497,97.56440252852562,54.982575828434605,3.862147617936489,1.8766856755329209,1,38.46273432242901,36.23490932253787,false
current,R1,1,1925-06,0.010315911348421001,103.98927255883096,97.20499092237333,51.387360969417855,3.991082002705077,1.878220126426281,1,38.40752333804837,36.23503878557931,false
current,R1,1,1925-07,0.0072211379438947,103.99249055880544,96.79451815328724,48.87084320125204,4.138878394450907,1.8602495461186663,1,38.36164681715712,36.23845566471302,false
current,R1,1,1925-08,0.0050547965607262895,103.99474327729348,96.34926585981067,47.10937360673812,4.299877494079678,1.8397259076643622,1,38.322304068652706,36.24459572612505,false
current,R1,1,1925-09,0.0035383575925084024,103.99632023830691,95.88062163391196,45.87640988081986,4.470118001467881,1.8174632929905337,1,38.2875347151976,36.25306402364624,false
current,R1,1,1925-10,0.0024768503147558816,103.99742413947284,95.39653639704808,45.01338076584612,4.646827152926318,1.7940310816955978,1,38.255966566742636,36.26358410529769,false
current,R1,1,1925-11,0.001733795220329117,103.99819688423318,94.90255415206498,44.40929223058284,4.828064116315102,1.769826819852404,1,38.226639141910034,36.27596246099548,false
current,R1,1,1925-12,0.0012136566542303817,103.99873781239822,94.40253628052268,43.98645254755138,5.012470380828689,1.745127707603249,1,38.19888013979488,36.290063637633,false
current,R1,1,1926-01,0.0008495596579612671,103.99911646546187,94.08797446533099,45.49048037358634,5.1290950390793295,1.720126814026134,1,38.13721897495635,36.294112696669295,false
current,R1,1,1926-02,0.000594691760572887,103.99938152424701,93.79569030186309,46.543310774720695,5.237822491014708,1.7043987232665494,1,38.071601255196626,36.29772915556763,false
current,R1,1,1926-03,0.00041628423240102085,103.99956706620053,93.51912875079414,47.28029970155167,5.341021841179533,1.6897845150931545,1,38.00321391829303,36.30115388608193,false
current,R1,1,1926-04,0.00029139896268071455,103.9996969459619,93.25372242856625,47.79619730255919,5.440351479961025,1.675956437539707,1,37.93288782930492,36.30455549940071,false
current,R1,1,1926-05,0.00020397927387650017,103.99978786198788,92.99628670143629,48.157329369822556,5.536972292673896,1.6626861214283124,1,37.86120459980172,36.3080520240889,false
current,R1,1,1926-06,0.0001427854917135501,103.99985150330063,92.74459991757497,48.41012443949757,5.631696907468762,1.6498143350718144,1,37.788571362100136,36.311726080684586,false
current,R1,1,1926-07,0.00009994984419948506,103.99989605226591,92.96083458166515,50.38708282408355,5.550094169952158,1.6372299958787486,1,37.690567310974274,36.299831630159616,false
current,R1,1,1926-08,0.00006996489093963954,103.9999272365643,93.20514068485144,51.77095497836316,5.458112276179374,1.6480417290832576,1,37.59611189740197,36.28764000732263,false
current,R1,1,1926-09,0.000048975423657747675,103.99994906558433,93.46943667004315,52.73966638590748,5.358864966280588,1.6602570342425722,1,37.50447757873684,36.2749557093896,false
current,R1,1,1926-10,0.00003428279656042337,103.99996434590379,93.74806400248347,53.41776500087252,5.254531860370937,1.6734718335021577,1,37.41513519254047,36.26164188431443,false
current,R1,1,1926-11,0.00002399795759229636,103.99997504213007,94.03705758737675,53.892434472126865,5.146638693947826,1.6874032001241737,1,37.327700344923414,36.24760273560621,false
current,R1,1,1926-12,0.00001679857031460745,103.9999825294898,94.33363760031071,54.22470341055008,5.036253482851196,1.7018528793688374,1,37.24189400560423,36.232771205684934,false
current,R1,1,1927-01,0.000011758999220225215,103.99998777064224,94.6358546631739,54.45729188342794,4.9241238388632365,1.7166818800155355,1,37.15751366080048,36.21710035422136,false
current,R1,1,1927-02,0.000008231299454157649,103.99999143944925,94.94234166110212,54.62010396562958,4.810773090717442,1.731792733158695,1,37.0744122620722,36.20055732296995,false
current,R1,1,1927-03,0.000005761909617910354,103.99999400761433,95.25213993753265,54.73407252900172,4.696567568867429,1.747117083055106,1,36.992482903771084,36.18311911114869,false
current,R1,1,1927-04,0.000004033336732537247,103.99999580532996,95.56457747236013,54.81385059744391,4.581763704868849,1.7626069968766322,1,36.911647694028275,36.16476961820351,false
current,R1,1,1927-05,0.000002823335712776073,103.99999706373092,95.87918344414912,54.869695297210626,4.466541000977345,1.7782288736180063,1,36.83184968625592,36.145497573741864,false
current,R1,1,1927-06,0.000001976334998943251,103.99999794461162,96.19562828438617,54.90878662334737,4.3510251088885425,1.793959172207456,1,36.753047038712815,36.12529508848589,false
current,R1,1,1927-07,0.0000013834344992602755,103.99999856122813,96.22509472040836,54.93615057705311,4.340303984871056,1.8097814142193087,1,36.63695749228157,36.104439334923974,false
current,R1,1,1927-08,9.684041494821928e-7,103.99999899285967,96.2549651521276,54.95530536243414,4.329439198370089,1.8112547360204183,1,36.52101256101692,36.08292644731583,false
current,R1,1,1927-09,6.778829046375349e-7,103.99999929500177,96.2851214211037,54.96871372465177,4.318473848037303,1.8127482576063798,1,36.40519819426855,36.060753719640886,false
current,R1,1,1927-10,4.745180332462744e-7,103.99999950650124,96.31548079410487,54.978099586919754,4.307438102956876,1.8142560710551847,1,36.28950428972602,36.037919257683065,false
current,R1,1,1927-11,3.3216262327239205e-7,103.99999965455085,96.34598534183415,54.98466969660828,4.296353081507344,1.8157740397052435,1,36.17392358609181,36.01442173548993,false
current,R1,1,1927-12,2.3251383629067442e-7,103.99999975818561,96.37659450250305,54.98926877766091,4.285233566567408,1.8172992670917076,1,36.0584508647576,35.990260224893994,false
current,R1,1,1928-01,1.6275968540347208e-7,103.9999998307299,96.40727987507987,54.99248813738721,4.274089906161769,1.8188297251251526,1,35.94308237475934,35.96543407617742,false
current,R2,0,1922-01,5.199999999999999,98.85931558935361,100,54.879999999999995,3,2,1,35.02281368821293,35.01320677946768,false
current,R2,0,1922-02,6.039999999999999,98.0761976612599,99.98907452471482,54.75999999999999,3.00382391634981,2,1,35.06128973498773,35.030478960658264,false
current,R2,0,1922-03,6.627999999999998,97.53535656675545,99.9700861807984,54.65079999999999,3.0104705628982824,1.9994537262357412,1,35.110582603652624,35.05030197601655,false
current,R2,0,1922-04,7.039599999999998,97.16030328962366,99.94513849837014,54.556719999999984,3.019204864511367,1.9985043090399202,1,35.16737653786015,35.071644770839626,false
current,R2,0,1922-05,7.327719999999998,96.89947760000865,99.91578783574015,54.478515999999985,3.029483235300421,1.997256924918507,1,35.229386985859975,35.093800717691245,false
current,R2,0,1922-06,7.529403999999998,96.71773127283399,99.88318887197079,54.415129599999986,3.0409024890203966,1.9957893917870073,1,35.2950323604033,35.11628325933444,false
current,R2,0,1922-07,9.770582799999998,94.7430516876148,99.84819858650013,54.364708599999986,3.0531634110564614,1.9941594435985395,1,35.400171326651,35.15052008826852,false
current,R2,0,1922-08,11.339407959999999,93.408077073091,99.79669193569569,54.262178535999986,3.07121814618114,1.9924099293250066,1,35.53200978518918,35.192456494076396,false
current,R2,0,1922-09,12.437585572,92.49576062214805,99.73301894636569,54.14334273639999,3.093549093062485,1.9898345967847846,1,35.68209457274622,35.23942688106597,false
current,R2,0,1922-10,13.206309900399999,91.86767070801992,99.66032975825657,54.02721234831999,3.1190584139543707,1.9866509473182845,1,35.844741158585826,35.28964858961847,false
current,R2,0,1922-11,13.744416930279998,91.43305913972652,99.58094985801857,53.92285934681199,3.146936071143235,1.9830164879128283,1,36.01607997579129,35.3419152282333,false
current,R2,0,1922-12,14.121091851195999,91.13126970043977,99.49661212595282,53.833669034859994,3.176578493981238,1.9790474929009285,1,36.1934545817825,35.39540363652554,false
current,R2,0,1923-01,18.8847642958372,87.47967043211912,99.40861253951228,53.75993556886611,3.2075341763869916,1.974830606297641,1,36.443861173140114,35.47142340513502,false
current,R2,0,1923-02,22.219335007086038,85.0929192127991,99.29055128955805,53.56541196933116,3.249101437440511,1.9704306269756138,1,36.74200278888413,35.561950906190766,false
current,R2,0,1923-03,24.553534504960226,83.49823263815794,99.15077455253395,53.329208328319226,3.2983728508056847,0.9645275644779026,1,37.07203813612097,35.66198951405561,false
current,R2,0,1923-04,26.187474153472156,82.41705501887833,98.9950324680465,53.09383979467465,3.3533494556951666,0.9575387276266973,1,37.42369703574341,35.768321344177416,false
current,R2,0,1923-05,27.331231907430507,81.67674060956841,98.82747747259099,51.38006363166809,3.412589042720265,-0.05024837659767489,1,37.79016222355204,35.87882612158424,false
current,R2,0,1923-06,28.131862335201355,81.16638446097755,98.62894777523637,50.146107584944744,3.4828988349472163,-0.05862612637045084,1,38.16683453433249,35.992379194495356,false
current,R2,0,1923-07,37.69230363464095,75.53072848280493,98.40853445533634,49.25831943940528,3.5611158936355194,-0.06855261123818157,1,38.65621996467639,36.14167701993744,false
current,R2,0,1923-08,44.38461254424867,72.0298362598215,98.13114108800876,48.350054498544466,3.659773676826788,-0.07957327723318319,1,39.21562323947996,36.31333242150458,false
current,R2,0,1923-09,49.069228780974065,69.76624273867156,97.81367655023476,47.51349977265367,3.773002349181929,-1.093442945599562,1,39.820298384706525,36.499658337050505,false
current,R2,0,1923-10,34.348460146681845,77.41063789376719,97.46725223718249,48.28737297742834,3.896960995707217,-0.10931617248826209,1,48.272085626831185,39.1625619742243,true
current,R2,0,1923-11,24.04392210267729,83.84127028320988,97.19297519616221,49.27070727979938,3.9954525014731703,0.8733626118591247,1,48.59526022116699,39.26102552971388,true
current,R2,0,1923-12,16.830745471874103,89.0176636123896,96.98380694405007,50.26817743277925,4.070775731461236,0.8596487598081104,1,48.814906948919194,39.32711350171625,true
current,R2,0,1924-01,11.78152183031187,93.03863312746404,96.8297617157363,51.182801838789246,4.126368341824454,1.8491903472025037,1,48.954134286369914,39.3679231588379,true
current,R2,0,1924-02,8.247065281218308,96.07650769082308,96.72039355784186,51.97451563224311,4.165900459413911,1.8414880857868148,1,49.03260413255345,39.38946225779846,true
current,R2,0,1924-03,5.7729456968528154,98.32381930448064,96.6461411144078,52.63474898413362,4.19277003081033,1.836019677892093,1,49.06612774646384,39.396540846988536,true
current,R2,0,1924-04,4.0410619877969705,99.96053290209417,96.59889254520763,53.17113591798795,4.209880904591082,1.8323070557203898,1,49.06691708842196,39.39285888414491,true
current,R2,0,1924-05,2.8287433914578792,101.13903619738232,96.57208761023095,53.59856328295765,4.219592948895782,1.8299446272603817,1,49.03274600250049,39.37759984440354,true
current,R2,0,1924-06,1.9801203740205153,101.98066017040517,96.56058658809377,53.93413199632661,4.223761190307584,1.8286043805115475,1,48.97332619738833,39.35372439995721,true
current,R2,0,1924-07,1.3860842618143607,102.57817999108791,96.56044875877562,54.19448878620801,4.223811148849735,1.8280293294046885,1,48.895980797655696,39.323461472832,true
current,R2,0,1924-08,0.9702589832700524,103.00062716213488,96.56869769748666,54.39455962249117,4.220821178747096,1.828022437938781,1,48.80614343355559,39.28840513414422,true
current,R2,0,1924-09,0.6791812882890367,103.29841648414083,96.58310904175407,54.54708396624572,4.21559798467504,1.8284348848743328,1,48.70755096942826,39.25604719320763,true
current,R2,0,1924-10,0.47542690180232566,103.50789561873903,96.60203314146906,54.66258333772333,4.208740227696656,1.8291554520877036,1,48.602843938216026,39.22718715157995,true
current,R2,0,1924-11,0.33279883126162796,103.65503724749651,96.62425345903577,54.74954552935226,4.200689557441139,1.8301016570734532,1,48.49388239660236,39.20237581332352,true
current,R2,0,1924-12,0.23295918188313955,103.75828554685407,96.64887668223035,54.814697905608725,4.191770339119049,1.8312126729517886,1,48.38197303976442,39.18020225680906,true
current,R2,0,1925-01,0.16307142731819768,103.83068182515349,96.67524902244824,54.86329975846961,4.182219975583412,1.8324438341115177,1,48.26803201423424,39.160947505551434,true
current,R2,0,1925-02,0.11414999912273836,103.88141936071105,96.70289326251432,54.89941768810918,4.172211742741017,1.833762451122412,1,48.15270071964955,39.144808450498665,true
current,R2,0,1925-03,0.07990499938591684,103.9169651496353,96.73146183100037,54.92616788170274,4.161871825668453,1.8351446631257162,1,48.03642772241371,39.127682917560115,true
current,R2,0,1925-04,0.055933499570141786,103.94186167924443,96.76070204887965,54.945920367210334,4.151291941870535,1.8365730915500187,1,47.919526474639675,39.109667327455846,true
current,R2,0,1925-05,0.03915344969909925,103.95929634919638,96.79043051567142,54.96046625206012,4.140538647240796,1.8380351024439825,1,47.802215873203096,39.090829105517415,true
current,R2,0,1925-06,0.027407414789369474,103.97150409860893,96.4333525801905,51.37115177295111,4.269660169639731,1.8395215257835709,1,47.68307075024483,39.07159192054039,true
current,R2,0,1925-07,0.01918519035255863,103.98005122924297,96.02576670619007,48.85898401862209,4.417591411355632,1.821667629009525,1,47.56366921336754,39.05249771995046,true
current,R2,0,1925-08,0.01342963324679104,103.98603505686397,95.58378427183574,47.100713257324884,4.578687601815986,1.8012883353095035,1,47.44408816166162,39.03392582269877,true
current,R2,0,1925-09,0.009400743272753727,103.99022414599925,95.11867260195943,45.87009639113002,4.748997959055811,1.779189213591787,1,47.32438143728164,39.016141709731286,true
current,R2,0,1925-10,0.006580520290927609,103.99315670922157,94.6382978506448,45.008785451492834,4.9257573253935805,1.7559336300979715,1,47.20458673600499,38.99933118252552,true
current,R2,0,1925-11,0.004606364203649326,103.99520960189137,94.14814437281346,44.40595240043625,5.107030362987422,1.7319148925322403,1,47.08473044794825,38.983624274761645,true
current,R2,0,1925-12,0.0032244549425545278,103.99664667498618,93.65203163251967,43.98402848937926,5.291462525999836,1.707407218640673,1,46.96483104769867,38.96911198953309,true
current,R2,0,1926-01,0.002257118459788169,103.99765264978429,93.33992087886467,45.48872320891721,5.4081057657406335,1.6826015816259834,1,46.84490146820514,38.95566956686502,true
current,R2,0,1926-02,0.0015799829218517184,103.99835684372285,93.04992501019902,46.54203853268825,5.516846541474422,1.6669960439432336,1,46.72495076289345,38.9430871662329,true
current,R2,0,1926-03,0.0011059880452962028,103.9988497851541,92.77553700249554,47.279379573394124,5.620055440015385,1.652496250509951,1,46.604985269338826,38.93121789175998,true
current,R2,0,1926-04,0.000774191631707342,103.99919484693643,92.51222285747673,47.79553252173452,5.719391917856634,1.638776850124777,1,46.485009423930734,38.919958911396876,true
current,R2,0,1926-05,0.0005419341421951393,103.9994363915465,92.25682116901838,48.15684953946521,5.816017626546106,1.6256111428738365,1,46.36502633218434,38.90923823941134,true
current,R2,0,1926-06,0.0003793538995365975,103.99960547344112,92.00712645347595,48.40977841960138,5.910745744567584,1.612841058450919,1,46.24503816798111,38.89900548355951,true
current,R2,0,1926-07,0.00026554772967561825,103.99972383109449,92.22163510681546,50.38683351310398,5.829145512539042,1.6003563226737973,1,46.1415795509776,38.88875421417368,true
current,R2,0,1926-08,0.00018588341077293275,103.99980668161213,92.46399383440401,51.770775492740896,5.737165409868181,1.6110817553407728,1,46.040987340237436,38.8782053317128,true
current,R2,0,1926-09,0.0001301183875410529,103.99986467705304,92.72618481469564,52.7395372684163,5.637919379822778,1.6231996917202003,1,45.94274605192671,38.86716346605598,true
current,R2,0,1926-10,0.00009108287127873703,103.99990527390013,93.00259413168965,53.41767218433978,5.533587188067844,1.6363092407347821,1,45.846474777543925,38.8554918578604,true
current,R2,0,1926-11,0.00006375800989511592,103.99993369171197,93.28928795068154,53.892367796551696,5.42569467433314,1.6501297065844824,1,45.75189270686904,38.84309477543044,true
current,R2,0,1926-12,0.00004463060692658114,103.9999535841895,93.58350835887393,54.22465554484589,5.315309929064449,1.664464397534077,1,45.658793147759575,38.829905206482486,true
current,R2,0,1927-01,0.000031241424848606797,103.9999675089283,93.88332134098006,54.45725754247391,5.203180617418278,1.6791754179436964,1,45.567024083126086,38.81587624235644,true
current,R2,0,1927-02,0.000021868997394024757,103.99997725624767,94.18737055412075,54.62007934248899,5.089830106295291,1.694166067049003,1,45.47647370025276,38.800975046950015,true
current,R2,0,1927-03,0.00001530829817581733,103.99998407937231,94.49470489382396,54.73405488367237,4.97562475342973,1.7093685277060373,1,45.38705966944699,38.78517863496493,true
current,R2,0,1927-04,0.00001071580872307213,103.9999888555601,94.80465763292545,54.8138379593217,4.860821009868207,1.7247352446911983,1,45.298721230591234,38.768470916674445,true
current,R2,0,1927-05,0.00000750106610615049,103.99999219889183,95.11676165746357,54.86968625005092,4.7455983917862,1.7402328816462727,1,45.21141337103197,38.7508406292576,true
current,R2,0,1927-06,0.000005250746274305343,103.99999453922413,95.43068999352087,54.90878015000366,4.630082560816536,1.7558380828731786,1,45.12510255406905,38.73227988873133,true
current,R2,0,1927-07,0.00000367552239201374,103.99999617745684,95.45992199664481,54.93614594748017,4.619361480319189,1.7715344996760436,1,45.00831739534791,38.71306587126216,true
current,R2,0,1927-08,0.0000025728656744096177,103.99999732421975,95.48955481706085,54.955302052970445,4.608496724798039,1.7729960998322405,1,44.89166794121582,38.69319471371406,true
current,R2,0,1927-09,0.0000018010059720867322,103.99999812695381,95.51947122610211,54.968711359893334,4.597531396512129,1.7744777408530426,1,44.77514295260737,38.672663711885455,true
current,R2,0,1927-10,0.0000012607041804607124,103.99999868886765,95.54958914142773,54.97809789789515,4.586495667117219,1.7759735613051055,1,44.65873429404723,38.6514709728308,true
current,R2,0,1927-11,8.824929263224987e-7,103.99999908220735,95.57985108940213,54.984668490705474,4.57541065682444,1.7774794570713865,1,44.54243608009737,38.62961517148512,true
current,R2,0,1927-12,6.17745048425749e-7,103.99999935754514,95.61021682722664,54.989267917019035,4.564291149818056,1.7789925544701064,1,44.42624405457574,38.60709538030079,true
current,R2,0,1928-01,4.324215338980243e-7,103.99999955028159,95.64065817718021,54.992487523380966,4.553147495052579,1.7805108413613318,1,44.31015513971856,38.58391094999291,true
current,R2,1,1922-01,5.199999999999999,98.85931558935361,100,54.879999999999995,3,2,1,35.02281368821293,35.01320677946768,false
current,R2,1,1922-02,6.039999999999999,98.0761976612599,99.98907452471482,54.75999999999999,3.00382391634981,2,1,35.06320169316264,35.031106720259025,false
current,R2,1,1922-03,6.627999999999998,97.53535656675545,99.9700861807984,54.65079999999999,3.0104705628982824,1.9994537262357412,1,35.11581788510177,35.052020893425684,false
current,R2,1,1922-04,7.039599999999998,97.16030328962366,99.94513849837014,54.556719999999984,3.019204864511367,1.9985043090399202,1,35.17697897011584,35.07479756943025,false
current,R2,1,1922-05,7.327719999999998,96.89947760000865,99.91578783574015,54.478515999999985,3.029483235300421,1.997256924918507,1,35.24412860351019,35.09864088215306,false
current,R2,1,1922-06,7.529403999999998,96.71773127283399,99.88318887197079,54.415129599999986,3.0409024890203966,1.9957893917870073,1,35.3154836049135,35.12299808461528,false
current,R2,1,1922-07,9.770582799999998,94.7430516876148,99.84819858650013,54.364708599999986,3.0531634110564614,1.9941594435985395,1,35.426753032179235,35.159247748250294,false
current,R2,1,1922-08,11.339407959999999,93.408077073091,99.79669193569569,54.262178535999986,3.07121814618114,1.9924099293250066,1,35.56761885827976,35.20414813974113,false
current,R2,1,1922-09,12.437585572,92.49576062214805,99.73301894636569,54.14334273639999,3.093549093062485,1.9898345967847846,1,35.72886911927747,35.25478452384373,false
current,R2,1,1922-10,13.206309900399999,91.86767070801992,99.66032975825657,54.02721234831999,3.1190584139543707,1.9866509473182845,1,35.904270365563015,35.30919401257598,false
current,R2,1,1922-11,13.744416930279998,91.43305913972652,99.58094985801857,53.92285934681199,3.146936071143235,1.9830164879128283,1,36.089548011362915,35.366037233245976,false
current,R2,1,1922-12,14.121091851195999,91.13126970043977,99.49661212595282,53.833669034859994,3.176578493981238,1.9790474929009285,1,36.28174382877312,35.42439193928747,false
current,R2,1,1923-01,18.8847642958372,87.47967043211912,99.40861253951228,53.75993556886611,3.2075341763869916,1.974830606297641,1,36.547628261333614,35.505493599091885,false
current,R2,1,1923-02,22.219335007086038,85.0929192127991,99.29055128955805,53.56541196933116,3.249101437440511,1.9704306269756138,1,36.86655350760439,35.602845058837254,false
current,R2,1,1923-03,24.553534504960226,83.49823263815794,99.15077455253395,53.329208328319226,3.2983728508056847,0.9645275644779026,1,37.22122456152382,35.710972390396215,false
current,R2,1,1923-04,26.187474153472156,82.41705501887833,98.9950324680465,53.09383979467465,3.3533494556951666,0.9575387276266973,1,37.60037176359099,35.82632954648738,false
current,R2,1,1923-05,27.331231907430507,81.67674060956841,98.82747747259099,51.38006363166809,3.412589042720265,-0.05024837659767489,1,37.99645674491217,35.94655948943082,false
current,R2,1,1923-06,28.131862335201355,81.16638446097755,98.62894777523637,50.146107584944744,3.4828988349472163,-0.05862612637045084,1,38.4082839518061,36.071655086565855,false
current,R2,1,1923-07,37.69230363464095,75.53072848280493,98.40853445533634,49.25831943940528,3.5611158936355194,-0.06855261123818157,1,38.936777911494154,36.23379354580927,false
current,R2,1,1923-08,44.38461254424867,72.0298362598215,98.13114108800876,48.350054498544466,3.659773676826788,-0.07957327723318319,1,39.54551007789336,36.42164526678365,false
current,R2,1,1923-09,49.069228780974065,69.76624273867156,97.81367655023476,47.51349977265367,3.773002349181929,-1.093442945599562,1,40.206799559297494,36.62655955604121,false
current,R2,1,1923-10,34.348460146681845,77.41063789376719,97.46725223718249,48.28737297742834,3.896960995707217,-0.10931617248826209,1,48.720566124684794,39.30981307101957,true
current,R2,1,1923-11,24.04392210267729,83.84127028320988,97.19297519616221,49.27070727979938,3.9954525014731703,0.8733626118591247,1,49.09298647190357,39.424445648705735,true
current,R2,1,1923-12,16.830745471874103,89.0176636123896,96.98380694405007,50.26817743277925,4.070775731461236,0.8596487598081104,1,49.350294814649814,39.50289918429781,true
current,R2,1,1924-01,11.78152183031187,93.03863312746404,96.8297617157363,51.182801838789246,4.126368341824454,1.8491903472025037,1,49.517318457282144,39.55283529495407,true
current,R2,1,1924-02,8.247065281218308,96.07650769082308,96.72039355784186,51.97451563224311,4.165900459413911,1.8414880857868148,1,49.61555436226041,39.58086424988558,true
current,R2,1,1924-03,5.7729456968528154,98.32381930448064,96.6461411144078,52.63474898413362,4.19277003081033,1.836019677892093,1,49.66251276186901,39.59235392704657,true
current,R2,1,1924-04,4.0410619877969705,99.96053290209417,96.59889254520763,53.17113591798795,4.209880904591082,1.8323070557203898,1,49.671857540717504,39.59148099931527,true
current,R2,1,1924-05,2.8287433914578792,101.13903619738232,96.57208761023095,53.59856328295765,4.219592948895782,1.8299446272603817,1,49.642542476948385,39.57781635351393,true
current,R2,1,1924-06,1.9801203740205153,101.98066017040517,96.56058658809377,53.93413199632661,4.223761190307584,1.8286043805115475,1,49.58520679254213,39.554625195366036,true
current,R2,1,1924-07,1.3860842618143607,102.57817999108791,96.56044875877562,54.19448878620801,4.223811148849735,1.8280293294046885,1,49.50788637208057,39.524370469768165,true
current,R2,1,1924-08,0.9702589832700524,103.00062716213488,96.56869769748666,54.39455962249117,4.220821178747096,1.828022437938781,1,49.41804900798047,39.489314131080384,true
current,R2,1,1924-09,0.6791812882890367,103.29841648414083,96.58310904175407,54.54708396624572,4.21559798467504,1.8284348848743328,1,49.319456543853136,39.456956190143806,true
current,R2,1,1924-10,0.47542690180232566,103.50789561873903,96.60203314146906,54.66258333772333,4.208740227696656,1.8291554520877036,1,49.2147495126409,39.42809614851612,true
current,R2,1,1924-11,0.33279883126162796,103.65503724749651,96.62425345903577,54.74954552935226,4.200689557441139,1.8301016570734532,1,49.10578797102724,39.4032848102597,true
current,R2,1,1924-12,0.23295918188313955,103.75828554685407,96.64887668223035,54.814697905608725,4.191770339119049,1.8312126729517886,1,48.9938786141893,39.381111253745225,true
current,R2,1,1925-01,0.16307142731819768,103.83068182515349,96.67524902244824,54.86329975846961,4.182219975583412,1.8324438341115177,1,48.87993758865912,39.361856502487605,true
current,R2,1,1925-02,0.11414999912273836,103.88141936071105,96.70289326251432,54.89941768810918,4.172211742741017,1.833762451122412,1,48.764606294074426,39.345717447434836,true
current,R2,1,1925-03,0.07990499938591684,103.9169651496353,96.73146183100037,54.92616788170274,4.161871825668453,1.8351446631257162,1,48.64833329683858,39.32859191449628,true
current,R2,1,1925-04,0.055933499570141786,103.94186167924443,96.76070204887965,54.945920367210334,4.151291941870535,1.8365730915500187,1,48.53143204906455,39.31057632439202,true
current,R2,1,1925-05,0.03915344969909925,103.95929634919638,96.79043051567142,54.96046625206012,4.140538647240796,1.8380351024439825,1,48.41412144762796,39.291738102453586,true
current,R2,1,1925-06,0.027407414789369474,103.97150409860893,96.4333525801905,51.37115177295111,4.269660169639731,1.8395215257835709,1,48.359537085869164,39.293698367403714,true
current,R2,1,1925-07,0.01918519035255863,103.98005122924297,96.02576670619007,48.85898401862209,4.417591411355632,1.821667629009525,1,48.31410116984982,39.29888954566214,true
current,R2,1,1925-08,0.01342963324679104,103.98603505686397,95.58378427183574,47.100713257324884,4.578687601815986,1.8012883353095035,1,48.27506821337408,39.30676427301103,true
current,R2,1,1925-09,0.009400743272753727,103.99022414599925,95.11867260195943,45.87009639113002,4.748997959055811,1.779189213591787,1,48.24051666761401,39.31693944369042,true
current,R2,1,1925-10,0.006580520290927609,103.99315670922157,94.6382978506448,45.008785451492834,4.9257573253935805,1.7559336300979715,1,48.20910164950625,39.32914691245843,true
current,R2,1,1925-11,0.004606364203649326,103.99520960189137,94.14814437281346,44.40595240043625,5.107030362987422,1.7319148925322403,1,48.179881880246434,39.343198995032886,true
current,R2,1,1925-12,0.0032244549425545278,103.99664667498618,93.65203163251967,43.98402848937926,5.291462525999836,1.707407218640673,1,48.152198561503056,39.35896432323221,true
current,R2,1,1926-01,0.002257118459788169,103.99765264978429,93.33992087886467,45.48872320891721,5.4081057657406335,1.6826015816259834,1,48.090590601879924,39.36467083242159,true
current,R2,1,1926-02,0.0015799829218517184,103.99835684372285,93.04992501019902,46.54203853268825,5.516846541474422,1.6669960439432336,1,48.02501028443513,39.369940042472415,true
current,R2,1,1926-03,0.0011059880452962028,103.9988497851541,92.77553700249554,47.279379573394124,5.620055440015385,1.652496250509951,1,47.95664924015099,39.375014228843305,true
current,R2,1,1926-04,0.000774191631707342,103.99919484693643,92.51222285747673,47.79553252173452,5.719391917856634,1.638776850124777,1,47.88634163366352,39.3800629869258,true
current,R2,1,1926-05,0.0005419341421951393,103.9994363915465,92.25682116901838,48.15684953946521,5.816017626546106,1.6256111428738365,1,47.81467139626186,39.38520503545013,true
current,R2,1,1926-06,0.0003793538995365975,103.99960547344112,92.00712645347595,48.40977841960138,5.910745744567584,1.612841058450919,1,47.74204729106936,39.390523478973485,true
current,R2,1,1926-07,0.00026554772967561825,103.99972383109449,92.22163510681546,50.38683351310398,5.829145512539042,1.6003563226737973,1,47.63858867406586,39.380272209587666,true
current,R2,1,1926-08,0.00018588341077293275,103.99980668161213,92.46399383440401,51.770775492740896,5.737165409868181,1.6110817553407728,1,47.5379964633257,39.36972332712678,true
current,R2,1,1926-09,0.0001301183875410529,103.99986467705304,92.72618481469564,52.7395372684163,5.637919379822778,1.6231996917202003,1,47.43975517501498,39.35868146146996,true
current,R2,1,1926-10,0.00009108287127873703,103.99990527390013,93.00259413168965,53.41767218433978,5.533587188067844,1.6363092407347821,1,47.343483900632194,39.34700985327438,true
current,R2,1,1926-11,0.00006375800989511592,103.99993369171197,93.28928795068154,53.892367796551696,5.42569467433314,1.6501297065844824,1,47.24890182995731,39.334612770844416,true
current,R2,1,1926-12,0.00004463060692658114,103.9999535841895,93.58350835887393,54.22465554484589,5.315309929064449,1.664464397534077,1,47.15580227084784,39.32142320189647,true
current,R2,1,1927-01,0.000031241424848606797,103.9999675089283,93.88332134098006,54.45725754247391,5.203180617418278,1.6791754179436964,1,47.064033206214354,39.30739423777042,true
current,R2,1,1927-02,0.000021868997394024757,103.99997725624767,94.18737055412075,54.62007934248899,5.089830106295291,1.694166067049003,1,46.97348282334103,39.29249304236399,true
current,R2,1,1927-03,0.00001530829817581733,103.99998407937231,94.49470489382396,54.73405488367237,4.97562475342973,1.7093685277060373,1,46.88406879253526,39.276696630378915,true
current,R2,1,1927-04,0.00001071580872307213,103.9999888555601,94.80465763292545,54.8138379593217,4.860821009868207,1.7247352446911983,1,46.7957303536795,39.259988912088424,true
current,R2,1,1927-05,0.00000750106610615049,103.99999219889183,95.11676165746357,54.86968625005092,4.7455983917862,1.7402328816462727,1,46.708422494120235,39.24235862467158,true
current,R2,1,1927-06,0.000005250746274305343,103.99999453922413,95.43068999352087,54.90878015000366,4.630082560816536,1.7558380828731786,1,46.622111677157314,39.223797884145306,true
current,R2,1,1927-07,0.00000367552239201374,103.99999617745684,95.45992199664481,54.93614594748017,4.619361480319189,1.7715344996760436,1,46.50532651843617,39.20458386667614,true
current,R2,1,1927-08,0.0000025728656744096177,103.99999732421975,95.48955481706085,54.955302052970445,4.608496724798039,1.7729960998322405,1,46.388677064304076,39.184712709128036,true
current,R2,1,1927-09,0.0000018010059720867322,103.99999812695381,95.51947122610211,54.968711359893334,4.597531396512129,1.7744777408530426,1,46.27215207569562,39.16418170729943,true
current,R2,1,1927-10,0.0000012607041804607124,103.99999868886765,95.54958914142773,54.97809789789515,4.586495667117219,1.7759735613051055,1,46.15574341713548,39.14298896824477,true
current,R2,1,1927-11,8.824929263224987e-7,103.99999908220735,95.57985108940213,54.984668490705474,4.57541065682444,1.7774794570713865,1,46.03944520318562,39.12113316689911,true
current,R2,1,1927-12,6.17745048425749e-7,103.99999935754514,95.61021682722664,54.989267917019035,4.564291149818056,1.7789925544701064,1,45.923253177664,39.09861337571476,true
current,R2,1,1928-01,4.324215338980243e-7,103.99999955028159,95.64065817718021,54.992487523380966,4.553147495052579,1.7805108413613318,1,45.807164262806815,39.07542894540689,true
current,R3,0,1922-01,5.199999999999999,98.85931558935361,100,54.879999999999995,3,2,1,35.02281368821293,35.01320677946768,false
current,R3,0,1922-02,6.039999999999999,98.0761976612599,99.98907452471482,54.75999999999999,3.00382391634981,2,1,35.06128973498773,35.030478960658264,false
current,R3,0,1922-03,6.627999999999998,97.53535656675545,99.9700861807984,54.65079999999999,3.0104705628982824,1.9994537262357412,1,35.110582603652624,35.05030197601655,false
current,R3,0,1922-04,7.039599999999998,97.16030328962366,99.94513849837014,54.556719999999984,3.019204864511367,1.9985043090399202,1,35.16737653786015,35.071644770839626,false
current,R3,0,1922-05,7.327719999999998,96.89947760000865,99.91578783574015,54.478515999999985,3.029483235300421,1.997256924918507,1,35.229386985859975,35.093800717691245,false
current,R3,0,1922-06,7.529403999999998,96.71773127283399,99.88318887197079,54.415129599999986,3.0409024890203966,1.9957893917870073,1,35.2950323604033,35.11628325933444,false
current,R3,0,1922-07,9.770582799999998,94.7430516876148,99.84819858650013,54.364708599999986,3.0531634110564614,1.9941594435985395,1,35.400171326651,35.15052008826852,false
current,R3,0,1922-08,11.339407959999999,93.408077073091,99.79669193569569,54.262178535999986,3.07121814618114,1.9924099293250066,1,35.53200978518918,35.192456494076396,false
current,R3,0,1922-09,12.437585572,92.49576062214805,99.73301894636569,54.14334273639999,3.093549093062485,1.9898345967847846,1,35.68209457274622,35.23942688106597,false
current,R3,0,1922-10,13.206309900399999,91.86767070801992,99.66032975825657,54.02721234831999,3.1190584139543707,1.9866509473182845,1,35.844741158585826,35.28964858961847,false
current,R3,0,1922-11,13.744416930279998,91.43305913972652,99.58094985801857,53.92285934681199,3.146936071143235,1.9830164879128283,1,36.01607997579129,35.3419152282333,false
current,R3,0,1922-12,14.121091851195999,91.13126970043977,99.49661212595282,53.833669034859994,3.176578493981238,1.9790474929009285,1,36.1934545817825,35.39540363652554,false
current,R3,0,1923-01,18.8847642958372,87.47967043211912,99.40861253951228,53.75993556886611,3.2075341763869916,1.974830606297641,1,36.443861173140114,35.47142340513502,false
current,R3,0,1923-02,22.219335007086038,85.0929192127991,99.29055128955805,53.56541196933116,3.249101437440511,1.9704306269756138,1,36.74200278888413,35.561950906190766,false
current,R3,0,1923-03,24.553534504960226,83.49823263815794,99.15077455253395,53.329208328319226,3.2983728508056847,0.9645275644779026,1,37.07203813612097,35.66198951405561,false
current,R3,0,1923-04,26.187474153472156,82.41705501887833,98.9950324680465,53.09383979467465,3.3533494556951666,0.9575387276266973,1,37.42369703574341,35.768321344177416,false
current,R3,0,1923-05,27.331231907430507,81.67674060956841,98.82747747259099,52.88006363166809,3.412589042720265,0.9497516234023251,1,37.79016222355204,35.87882612158424,false
current,R3,0,1923-06,28.131862335201355,81.16638446097755,98.65118395766771,52.69610758494474,3.475023834947216,0.9413738736295492,1,38.16683453433249,35.99208463445379,false
current,R3,0,1923-07,37.69230363464095,75.53072848280493,98.46845502280902,52.54331943940527,3.5398533936355188,0.9325591978833856,1,38.65621996467639,36.14059501649786,false
current,R3,0,1923-08,44.38461254424867,72.0298362598215,98.23941308296952,52.14955449854446,3.6212649268267874,0.9234227511404511,1,39.21562323947996,36.310833123428075,false
current,R3,0,1923-09,49.069228780974065,69.76624273867156,97.97758737143275,51.67314977265366,3.714546224181929,-0.088029345851524,1,39.820298384706525,36.495016280584665,false
current,R3,0,1923-10,70.34846014668184,61.051329674743634,97.69171541011845,51.19912797742833,3.816666708207217,-0.10112063142836258,1,48.599271791211656,39.26037144703369,true
current,R3,0,1923-11,85.24392210267729,56.14219285551228,97.33162136056615,50.22893577979937,3.945677563236436,-1.1154142294940776,1,49.47642793410141,39.53001352364966,true
current,R3,0,1923-12,95.6707454718741,53.15051043997227,96.92046492984566,49.10293738277924,4.093527510397055,-1.1334189319716927,1,50.41341772530196,39.81836711263556,true
current,R3,0,1924-01,102.96952183031186,51.239220086918706,96.47147907746773,45.00193380378924,4.255665659905542,-0.15397675350771678,1,51.38863332356359,40.225164978796705,true
current,R3,0,1924-02,108.07866528121829,49.98109722563053,95.95047787765343,41.91226800774311,4.4446856911922765,-0.1764260461266134,1,52.38901137905098,40.53425754717445,true
current,R3,0,1924-03,111.6550656968528,49.136551330624,95.37830984529405,39.59622764698362,4.653396284151625,-0.20247610611732858,1,53.4062803524385,40.84997519674881,true
current,R3,0,1924-04,78.15854598779696,58.37497125011535,94.77641874007203,40.86770738198295,4.87426608900496,1.7689154922647028,1,54.238780927436196,41.109739185864534,true
current,R3,0,1924-05,54.710982191457866,67.222118641389,94.25990183524435,42.762638787754156,5.065010705749227,1.7388209370036016,1,54.89433855460842,41.316008948513534,true
current,R3,0,1924-06,38.297687534020504,75.20010048932782,93.83970677491764,44.792517685684174,5.221034919917629,2.7129950917622176,1,55.390336544821864,41.47402885392981,true
current,R3,0,1924-07,26.80838127381435,82.01350648537597,93.5098494789745,46.70583175395831,5.344063920697669,0.6919853387458823,1,55.75006641511435,41.59077439376771,true
current,R3,0,1924-08,18.765866891670044,87.56724698928993,93.25895837124185,48.389830789556385,5.437970485830335,0.6754924739487251,1,55.99872147532855,41.67376701663442,true
current,R3,0,1924-09,13.13610682416903,91.92467632073645,93.07373249932104,49.80990554593936,5.5074855826151525,1.6629479185620923,1,56.16022794891382,41.736491989505005,true
current,R3,0,1924-10,9.19527477691832,95.24221649010724,92.94114523861398,50.972850677432476,5.557344484800909,1.653686624966052,1,56.255383619111676,41.78300829817626,true
current,R3,0,1924-11,6.436692343842823,97.7106651003668,92.8496265502445,51.90513723089518,5.591808812572088,1.6470572619306991,1,56.30117031710434,41.81840622702055,true
current,R3,0,1924-12,4.505684640689976,99.5161175753945,92.7895179111558,52.64049529131134,5.614466979828862,1.6424813275122248,1,56.310847965596444,41.846660327807754,true
current,R3,0,1925-01,3.153979248482983,100.82015328703812,92.75308537813916,53.21317616469723,5.628209250338372,1.63947589555779,1,56.2862433669853,41.868227212271364,true
current,R3,0,1925-02,2.207785473938088,101.7535009860075,92.7343111044049,53.65460393783357,5.635293646270005,1.637654268906958,1,56.233638337405075,41.88496683981214,true
current,R3,0,1925-03,1.5454498317566616,102.41719365299984,92.72860522433342,53.99198919226535,5.637447172835558,1.6367155552202448,1,56.16112252781508,41.89507809137722,true
current,R3,0,1925-04,1.0818148822296632,102.88695362382475,92.73251594857557,54.248028939633045,5.635971087347766,1.636430261216671,1,56.07458610786985,41.90031146625241,true
current,R3,0,1925-05,0.7572704175607642,103.21835791005518,92.74347328116045,54.441165811276235,5.631835465267983,1.6366257974287783,1,55.97827208600391,41.90191332038276,true
current,R3,0,1925-06,0.5300892922925349,103.4516140711053,92.38860368975547,50.986097955366546,5.7657579426106285,1.6371736640580223,1,55.87472366387075,41.90113541056855,true
current,R3,0,1925-07,0.3710625046047744,103.61552165020548,91.9889346385692,48.5743658899878,5.917166408945859,1.6194301844877734,1,55.76625801436459,41.89911257505881,true
current,R3,0,1925-08,0.2597437532233421,103.73056633376487,91.55892285337254,46.89092424785332,6.080777527402848,1.5994467319284602,1,55.654341024351645,41.89664109637778,true
current,R3,0,1925-09,0.18182062725633946,103.81124973457,91.10864375659081,45.715854660900625,6.252904589367076,1.5779461426686268,1,55.54000353231454,41.894278909746006,true
current,R3,0,1925-10,0.1272744390794376,103.86780283655568,90.64510832156853,44.89564364381275,6.430974853140552,1.5554321878295405,1,55.42396944721787,41.8924165558092,true
current,R3,0,1925-11,0.08909210735560633,103.90742668386838,90.17318910938519,44.32313231749654,6.6131928760681795,1.5322554160784265,1,55.30674664670182,41.89132721097868,true
current,R3,0,1925-12,0.062364475148924424,103.93518136964376,89.69626888167676,43.923519859026904,6.798305636686491,1.5086594554692596,1,55.18869120561251,41.891201862829284,true
current,R3,0,1926-01,0.043655132604247096,103.9546184734572,89.39608618966369,45.44459296706436,6.915438649591597,1.4848134440838379,1,55.070052651408794,41.89198584073055,true
current,R3,0,1926-02,0.030558592822972967,103.96822877230424,89.11744381179236,46.50990542296692,7.024531604788829,1.4698043094831845,1,54.95100578823967,41.89351784909666,true
current,R3,0,1926-03,0.021391014976081077,103.97775810219258,88.8540076675768,47.25601703829216,7.127993560755801,1.4558721905896177,1,54.83167304517389,41.89568485449839,true
current,R3,0,1926-04,0.014973710483256754,103.9844296725532,88.60136224393602,47.77857019635523,7.227511748618628,1.4427003833788397,1,54.7121401549973,41.89840764722918,true
current,R3,0,1926-05,0.010481597338279728,103.98910028123285,88.35642731349564,48.14454992613416,7.324267852004614,1.430068112196801,1,54.59246714656032,41.90163072119091,true
current,R3,0,1926-06,0.007337118136795809,103.99236995696305,88.11705300936933,48.400870500373756,7.419089484104958,1.4178213656747822,1,54.47269604785143,41.90531518114898,true
current,R3,0,1926-07,0.005135982695757066,103.99465885231686,88.32232346181776,50.38038923671752,7.3375562780985,1.4058526504684665,1,54.36540735772945,41.90896270576637,true
current,R3,0,1926-08,0.003595187887029946,103.99626113901658,88.55431362288977,51.76611838622138,7.245624189819246,1.416116173090888,1,54.26045748978658,41.91229974243133,true
current,R3,0,1926-09,0.0025166315209209623,103.99738276908434,88.80533133173942,52.73617501471835,7.1464125371023375,1.4277156811444882,1,54.15749966653365,41.91513479601884,true
current,R3,0,1926-10,0.0017616420646446734,103.99816792452741,89.06999047865186,53.415247011357216,7.04210494652163,1.4402665665869712,1,54.05627059768197,41.917333815071515,true
current,R3,0,1926-11,0.0012331494452512714,103.99871754039161,89.34451670236398,53.89062005868811,6.934230029523328,1.453499523932593,1,53.95657141674329,41.9188029606198,true
current,R3,0,1926-12,0.00086320461167589,103.99910227495309,89.62626377915274,54.223397046598315,6.823857865102119,1.4672258351181988,1,53.85825248570133,41.919476543545656,true
current,R3,0,1927-01,0.0006042432281731229,103.99937159083986,89.91337593494718,54.45635203648047,6.711737544237609,1.4813131889576368,1,53.76120148706208,41.919308580289204,true
current,R3,0,1927-02,0.000422970259721186,103.9995601127905,90.20455163930205,54.61942829823948,6.598393455591735,1.4956687967473592,1,53.66533421232806,41.9182668815886,true
current,R3,0,1927-03,0.0002960791818048302,103.99969207856266,90.49887818139968,54.73358711965984,6.484192688710164,1.5102275819651028,1,53.570587508684866,41.91632891444806,true
current,R3,0,1927-04,0.0002072554272633811,103.99978445480241,90.79571571761777,54.81350210138643,6.369392218511974,1.5249439090699837,1,53.476913922571285,41.91347890542473,true
current,R3,0,1927-05,0.00014507879908436677,103.99984911826787,91.09461594662615,54.86944525330769,6.254171936006249,1.5397857858808883,1,53.384277659457226,41.909705812873,true
current,R3,0,1927-06,0.00010155515935905674,103.99989438274156,91.39526504683138,54.908607324951404,6.138657770895233,1.5547307973313074,1,53.292651553753316,41.90500190747905,true
current,R3,0,1927-07,0.00007108861155133971,103.99992606789657,91.42325783074908,54.9360220808112,6.127937878167562,1.5697632523415692,1,53.175376719372395,41.8996444728468,true
current,R3,0,1927-08,0.0000497620280859378,103.99994824751658,91.45163537205559,54.95521332390949,6.117073969253193,1.571162891537454,1,53.0582320547632,41.89362972191555,true
current,R3,0,1927-09,0.000034833419660156455,103.9999637732562,91.480285144531,54.96864783387579,6.106109244209621,1.5725817686027797,1,52.941208495269535,41.88695500362012,true
current,R3,0,1927-10,0.000024383393762109517,103.9999746412767,91.50912835489007,54.97805243871046,6.095073944516656,1.5740142572265499,1,52.82429942181723,41.87961846212918,true
current,R3,0,1927-11,0.000017068375633476662,103.99998224889241,91.5381098299888,54.98463597559551,6.083989240217852,1.5754564177445034,1,52.707500006346514,41.87161879830087,true
current,R3,0,1927-12,0.000011947862943433663,103.99998757422405,91.56719093607917,54.98924467086559,6.072869951049077,1.5769054914994398,1,52.59080672985338,41.86295510269401,true
current,R3,0,1928-01,0.000008363504060403562,103.99999130195653,91.59634462086379,54.99247091117002,6.061726451319205,1.5783595468039586,1,52.474217028397895,41.85362673867046,true
current,R3,1,1922-01,5.199999999999999,98.85931558935361,100,54.879999999999995,3,2,1,35.02281368821293,35.01320677946768,false
current,R3,1,1922-02,6.039999999999999,98.0761976612599,99.98907452471482,54.75999999999999,3.00382391634981,2,1,35.06320169316264,35.031106720259025,false
current,R3,1,1922-03,6.627999999999998,97.53535656675545,99.9700861807984,54.65079999999999,3.0104705628982824,1.9994537262357412,1,35.11581788510177,35.052020893425684,false
current,R3,1,1922-04,7.039599999999998,97.16030328962366,99.94513849837014,54.556719999999984,3.019204864511367,1.9985043090399202,1,35.17697897011584,35.07479756943025,false
current,R3,1,1922-05,7.327719999999998,96.89947760000865,99.91578783574015,54.478515999999985,3.029483235300421,1.997256924918507,1,35.24412860351019,35.09864088215306,false
current,R3,1,1922-06,7.529403999999998,96.71773127283399,99.88318887197079,54.415129599999986,3.0409024890203966,1.9957893917870073,1,35.3154836049135,35.12299808461528,false
current,R3,1,1922-07,9.770582799999998,94.7430516876148,99.84819858650013,54.364708599999986,3.0531634110564614,1.9941594435985395,1,35.426753032179235,35.159247748250294,false
current,R3,1,1922-08,11.339407959999999,93.408077073091,99.79669193569569,54.262178535999986,3.07121814618114,1.9924099293250066,1,35.56761885827976,35.20414813974113,false
current,R3,1,1922-09,12.437585572,92.49576062214805,99.73301894636569,54.14334273639999,3.093549093062485,1.9898345967847846,1,35.72886911927747,35.25478452384373,false
current,R3,1,1922-10,13.206309900399999,91.86767070801992,99.66032975825657,54.02721234831999,3.1190584139543707,1.9866509473182845,1,35.904270365563015,35.30919401257598,false
current,R3,1,1922-11,13.744416930279998,91.43305913972652,99.58094985801857,53.92285934681199,3.146936071143235,1.9830164879128283,1,36.089548011362915,35.366037233245976,false
current,R3,1,1922-12,14.121091851195999,91.13126970043977,99.49661212595282,53.833669034859994,3.176578493981238,1.9790474929009285,1,36.28174382877312,35.42439193928747,false
current,R3,1,1923-01,18.8847642958372,87.47967043211912,99.40861253951228,53.75993556886611,3.2075341763869916,1.974830606297641,1,36.547628261333614,35.505493599091885,false
current,R3,1,1923-02,22.219335007086038,85.0929192127991,99.29055128955805,53.56541196933116,3.249101437440511,1.9704306269756138,1,36.86655350760439,35.602845058837254,false
current,R3,1,1923-03,24.553534504960226,83.49823263815794,99.15077455253395,53.329208328319226,3.2983728508056847,0.9645275644779026,1,37.22122456152382,35.710972390396215,false
current,R3,1,1923-04,26.187474153472156,82.41705501887833,98.9950324680465,53.09383979467465,3.3533494556951666,0.9575387276266973,1,37.60037176359099,35.82632954648738,false
current,R3,1,1923-05,27.331231907430507,81.67674060956841,98.82747747259099,52.88006363166809,3.412589042720265,0.9497516234023251,1,37.99645674491217,35.94655948943082,false
current,R3,1,1923-06,28.131862335201355,81.16638446097755,98.65118395766771,52.69610758494474,3.475023834947216,0.9413738736295492,1,38.4043464518061,36.07006771402429,false
current,R3,1,1923-07,37.69230363464095,75.53072848280493,98.46845502280902,52.54331943940527,3.5398533936355188,0.9325591978833856,1,38.92614666149415,36.22922094861969,false
current,R3,1,1923-08,44.38461254424867,72.0298362598215,98.23941308296952,52.14955449854446,3.6212649268267874,0.9234227511404511,1,39.52625570289336,36.41282411558215,false
current,R3,1,1923-09,49.069228780974065,69.76624273867156,97.97758737143275,51.67314977265366,3.714546224181929,-0.088029345851524,1,40.1775714967975,36.61232095238787,false
current,R3,1,1923-10,70.34846014668184,61.051329674743634,97.69171541011845,51.19912797742833,3.816666708207217,-0.10112063142836258,1,49.007605145315274,39.39444089829771,true
current,R3,1,1923-11,85.24392210267729,56.14219285551228,97.33162136056615,50.22893577979937,3.945677563236436,-1.1154142294940776,1,49.94926671571964,39.685262256947645,true
current,R3,1,1923-12,95.6707454718741,53.15051043997227,96.92046492984566,49.10293738277924,4.093527510397055,-1.1334189319716927,1,50.9601814805005,39.99788787892575,true
current,R3,1,1924-01,102.96952183031186,51.239220086918706,96.47147907746773,45.00193380378924,4.255665659905542,-0.15397675350771678,1,52.016466153516376,40.4313034246312,true
current,R3,1,1924-02,108.07866528121829,49.98109722563053,95.95047787765343,41.91226800774311,4.4446856911922765,-0.1764260461266134,1,53.11135422464713,40.77142678147852,true
current,R3,1,1924-03,111.6550656968528,49.136551330624,95.37830984529405,39.59622764698362,4.653396284151625,-0.20247610611732858,1,54.23297849451433,41.121407753397044,true
current,R3,1,1924-04,78.15854598779696,58.37497125011535,94.77641874007203,40.86770738198295,4.87426608900496,1.7689154922647028,1,55.17591397193869,41.41743120214284,true
current,R3,1,1924-05,54.710982191457866,67.222118641389,94.25990183524435,42.762638787754156,5.065010705749227,1.7388209370036016,1,55.92684390748305,41.655014872707376,true
current,R3,1,1924-06,38.297687534020504,75.20010048932782,93.83970677491764,44.792517685684174,5.221034919917629,2.7129950917622176,1,56.50085400478069,41.83864875328297,true
current,R3,1,1924-07,26.80838127381435,82.01350648537597,93.5098494789745,46.70583175395831,5.344063920697669,0.6919853387458823,1,56.92209837546319,41.97559155408224,true
current,R3,1,1924-08,18.765866891670044,87.56724698928993,93.25895837124185,48.389830789556385,5.437970485830335,0.6754924739487251,1,57.21770671824373,42.074000504724914,true
current,R3,1,1924-09,13.13610682416903,91.92467632073645,93.07373249932104,49.80990554593936,5.5074855826151525,1.6629479185620923,1,57.41397074022141,42.148137539317666,true
current,R3,1,1924-10,9.19527477691832,95.24221649010724,92.94114523861398,50.972850677432476,5.557344484800909,1.653686624966052,1,57.534055861512144,42.202839017764425,true
current,R3,1,1924-11,6.436692343842823,97.7106651003668,92.8496265502445,51.90513723089518,5.591808812572088,1.6470572619306991,1,57.59707472339039,42.24389484041781,true
current,R3,1,1924-12,4.505684640689976,99.5161175753945,92.7895179111558,52.64049529131134,5.614466979828862,1.6424813275122248,1,57.61808145551089,42.27586865699633,true
current,R3,1,1925-01,3.153979248482983,100.82015328703812,92.75308537813916,53.21317616469723,5.628209250338372,1.63947589555779,1,57.600347992154504,42.299691564201915,true
current,R3,1,1925-02,2.207785473938088,101.7535009860075,92.7343111044049,53.65460393783357,5.635293646270005,1.637654268906958,1,57.55128516054009,42.31759421340814,true
current,R3,1,1925-03,1.5454498317566616,102.41719365299984,92.72860522433342,53.99198919226535,5.637447172835558,1.6367155552202448,1,57.47984611423287,42.32805900225107,true
current,R3,1,1925-04,1.0818148822296632,102.88695362382475,92.73251594857557,54.248028939633045,5.635971087347766,1.636430261216671,1,57.39330969428764,42.333292377126256,true
current,R3,1,1925-05,0.7572704175607642,103.21835791005518,92.74347328116045,54.441165811276235,5.631835465267983,1.6366257974287783,1,57.2969956724217,42.334894231256605,true
current,R3,1,1925-06,0.5300892922925349,103.4516140711053,92.38860368975547,50.986097955366546,5.7657579426106285,1.6371736640580223,1,57.26040848895987,42.35610192813947,true
current,R3,1,1925-07,0.3710625046047744,103.61552165020548,91.9889346385692,48.5743658899878,5.917166408945859,1.6194301844877734,1,57.227647072621316,42.3789353158531,true
current,R3,1,1925-08,0.2597437532233421,103.73056633376487,91.55892285337254,46.89092424785332,6.080777527402848,1.5994467319284602,1,57.197535641836865,42.403323329118756,true
current,R3,1,1925-09,0.18182062725633946,103.81124973457,91.10864375659081,45.715854660900625,6.252904589367076,1.5779461426686268,1,57.16926168078188,42.42921866849278,true
current,R3,1,1925-10,0.1272744390794376,103.86780283655568,90.64510832156853,44.89564364381275,6.430974853140552,1.5554321878295405,1,57.142262727571946,42.45658951619212,true
current,R3,1,1925-11,0.08909210735560633,103.90742668386838,90.17318910938519,44.32313231749654,6.6131928760681795,1.5322554160784265,1,57.11614893851971,42.48541429679222,true
current,R3,1,1925-12,0.062364475148924424,103.93518136964376,89.69626888167676,43.923519859026904,6.798305636686491,1.5086594554692596,1,57.09064987773955,42.515678293510994,true
current,R3,1,1926-01,0.043655132604247096,103.9546184734572,89.39608618966369,45.44459296706436,6.915438649591597,1.4848134440838379,1,57.03057782998839,42.53569160769751,true
current,R3,1,1926-02,0.030558592822972967,103.96822877230424,89.11744381179236,46.50990542296692,7.024531604788829,1.4698043094831845,1,56.96607744441788,42.55513304287517,true
current,R3,1,1926-03,0.021391014976081077,103.97775810219258,88.8540076675768,47.25601703829216,7.127993560755801,1.4558721905896177,1,56.89847567933559,42.57428505271482,true
current,R3,1,1926-04,0.014973710483256754,103.9844296725532,88.60136224393602,47.77857019635523,7.227511748618628,1.4427003833788397,1,56.82870188309041,42.59334541461975,true
current,R3,1,1926-05,0.010481597338279728,103.98910028123285,88.35642731349564,48.14454992613416,7.324267852004614,1.430068112196801,1,56.75740692634642,42.61245261555401,true
current,R3,1,1926-06,0.007337118136795809,103.99236995696305,88.11705300936933,48.400870500373756,7.419089484104958,1.4178213656747822,1,56.685046643687706,42.631703626781885,true
current,R3,1,1926-07,0.005135982695757066,103.99465885231686,88.32232346181776,50.38038923671752,7.3375562780985,1.4058526504684665,1,56.57775795356572,42.635351151399284,true
current,R3,1,1926-08,0.003595187887029946,103.99626113901658,88.55431362288977,51.76611838622138,7.245624189819246,1.416116173090888,1,56.472808085622844,42.638688188064236,true
current,R3,1,1926-09,0.0025166315209209623,103.99738276908434,88.80533133173942,52.73617501471835,7.1464125371023375,1.4277156811444882,1,56.36985026236992,42.64152324165175,true
current,R3,1,1926-10,0.0017616420646446734,103.99816792452741,89.06999047865186,53.415247011357216,7.04210494652163,1.4402665665869712,1,56.268621193518236,42.64372226070442,true
current,R3,1,1926-11,0.0012331494452512714,103.99871754039161,89.34451670236398,53.89062005868811,6.934230029523328,1.453499523932593,1,56.16892201257955,42.64519140625271,true
current,R3,1,1926-12,0.00086320461167589,103.99910227495309,89.62626377915274,54.223397046598315,6.823857865102119,1.4672258351181988,1,56.07060308153758,42.64586498917856,true
current,R3,1,1927-01,0.0006042432281731229,103.99937159083986,89.91337593494718,54.45635203648047,6.711737544237609,1.4813131889576368,1,55.97355208289833,42.64569702592211,true
current,R3,1,1927-02,0.000422970259721186,103.9995601127905,90.20455163930205,54.61942829823948,6.598393455591735,1.4956687967473592,1,55.877684808164325,42.64465532722151,true
current,R3,1,1927-03,0.0002960791818048302,103.99969207856266,90.49887818139968,54.73358711965984,6.484192688710164,1.5102275819651028,1,55.78293810452113,42.642717360080965,true
current,R3,1,1927-04,0.0002072554272633811,103.99978445480241,90.79571571761777,54.81350210138643,6.369392218511974,1.5249439090699837,1,55.68926451840754,42.639867351057646,true
current,R3,1,1927-05,0.00014507879908436677,103.99984911826787,91.09461594662615,54.86944525330769,6.254171936006249,1.5397857858808883,1,55.596628255293474,42.636094258505906,true
current,R3,1,1927-06,0.00010155515935905674,103.99989438274156,91.39526504683138,54.908607324951404,6.138657770895233,1.5547307973313074,1,55.505002149589565,42.63139035311195,true
current,R3,1,1927-07,0.00007108861155133971,103.99992606789657,91.42325783074908,54.9360220808112,6.127937878167562,1.5697632523415692,1,55.387727315208636,42.6260329184797,true
current,R3,1,1927-08,0.0000497620280859378,103.99994824751658,91.45163537205559,54.95521332390949,6.117073969253193,1.571162891537454,1,55.270582650599444,42.620018167548444,true
current,R3,1,1927-09,0.000034833419660156455,103.9999637732562,91.480285144531,54.96864783387579,6.106109244209621,1.5725817686027797,1,55.15355909110577,42.61334344925303,true
current,R3,1,1927-10,0.000024383393762109517,103.9999746412767,91.50912835489007,54.97805243871046,6.095073944516656,1.5740142572265499,1,55.03665001765346,42.60600690776208,true
current,R3,1,1927-11,0.000017068375633476662,103.99998224889241,91.5381098299888,54.98463597559551,6.083989240217852,1.5754564177445034,1,54.91985060218275,42.59800724393377,true
current,R3,1,1927-12,0.000011947862943433663,103.99998757422405,91.56719093607917,54.98924467086559,6.072869951049077,1.5769054914994398,1,54.803157325689604,42.58934354832691,true
current,R3,1,1928-01,0.000008363504060403562,103.99999130195653,91.59634462086379,54.99247091117002,6.061726451319205,1.5783595468039586,1,54.68656762423413,42.580015184303356,true
current,R4,0,1922-01,5.199999999999999,98.85931558935361,100,54.879999999999995,3,2,1,35.02281368821293,35.01320677946768,false
current,R4,0,1922-02,6.039999999999999,98.0761976612599,99.98907452471482,54.75999999999999,3.00382391634981,2,1,35.06128973498773,35.030478960658264,false
current,R4,0,1922-03,6.627999999999998,97.53535656675545,99.9700861807984,54.65079999999999,3.0104705628982824,1.9994537262357412,1,35.110582603652624,35.05030197601655,false
current,R4,0,1922-04,7.039599999999998,97.16030328962366,99.94513849837014,54.556719999999984,3.019204864511367,1.9985043090399202,1,35.16737653786015,35.071644770839626,false
current,R4,0,1922-05,7.327719999999998,96.89947760000865,99.91578783574015,54.478515999999985,3.029483235300421,1.997256924918507,1,35.229386985859975,35.093800717691245,false
current,R4,0,1922-06,7.529403999999998,96.71773127283399,99.88318887197079,54.415129599999986,3.0409024890203966,1.9957893917870073,1,35.2950323604033,35.11628325933444,false
current,R4,0,1922-07,9.770582799999998,94.7430516876148,99.84819858650013,54.364708599999986,3.0531634110564614,1.9941594435985395,1,35.400171326651,35.15052008826852,false
current,R4,0,1922-08,11.339407959999999,93.408077073091,99.79669193569569,54.262178535999986,3.07121814618114,1.9924099293250066,1,35.53200978518918,35.192456494076396,false
current,R4,0,1922-09,12.437585572,92.49576062214805,99.73301894636569,54.14334273639999,3.093549093062485,1.9898345967847846,1,35.68209457274622,35.23942688106597,false
current,R4,0,1922-10,13.206309900399999,91.86767070801992,99.66032975825657,54.02721234831999,3.1190584139543707,1.9866509473182845,1,35.844741158585826,35.28964858961847,false
current,R4,0,1922-11,13.744416930279998,91.43305913972652,99.58094985801857,53.92285934681199,3.146936071143235,1.9830164879128283,1,36.01607997579129,35.3419152282333,false
current,R4,0,1922-12,14.121091851195999,91.13126970043977,99.49661212595282,53.833669034859994,3.176578493981238,1.9790474929009285,1,36.1934545817825,35.39540363652554,false
current,R4,0,1923-01,18.8847642958372,87.47967043211912,99.40861253951228,53.75993556886611,3.2075341763869916,1.974830606297641,1,36.443861173140114,35.47142340513502,false
current,R4,0,1923-02,22.219335007086038,85.0929192127991,99.29055128955805,53.56541196933116,3.249101437440511,1.9704306269756138,1,36.74200278888413,35.561950906190766,false
current,R4,0,1923-03,24.553534504960226,83.49823263815794,99.15077455253395,53.329208328319226,3.2983728508056847,0.9645275644779026,1,37.07203813612097,35.66198951405561,false
current,R4,0,1923-04,26.187474153472156,82.41705501887833,98.9950324680465,53.09383979467465,3.3533494556951666,0.9575387276266973,1,37.42369703574341,35.768321344177416,false
current,R4,0,1923-05,27.331231907430507,81.67674060956841,98.82747747259099,52.88006363166809,3.412589042720265,0.9497516234023251,1,37.79016222355204,35.87882612158424,false
current,R4,0,1923-06,28.131862335201355,81.16638446097755,98.65118395766771,52.69610758494474,3.475023834947216,0.9413738736295492,1,38.16683453433249,35.99208463445379,false
current,R4,0,1923-07,37.69230363464095,75.53072848280493,98.46845502280902,52.54331943940527,3.5398533936355188,0.9325591978833856,1,38.65621996467639,36.14059501649786,false
current,R4,0,1923-08,44.38461254424867,72.0298362598215,98.23941308296952,52.14955449854446,3.6212649268267874,0.9234227511404511,1,39.21562323947996,36.310833123428075,false
current,R4,0,1923-09,49.069228780974065,69.76624273867156,97.97758737143275,51.67314977265366,3.714546224181929,-0.088029345851524,1,39.820298384706525,36.495016280584665,false
current,R4,0,1923-10,70.34846014668184,61.051329674743634,97.69171541011845,51.19912797742833,3.816666708207217,-0.10112063142836258,1,48.599271791211656,39.26037144703369,true
current,R4,0,1923-11,85.24392210267729,56.14219285551228,97.33162136056615,50.22893577979937,3.945677563236436,-1.1154142294940776,1,49.47642793410141,39.53001352364966,true
current,R4,0,1923-12,95.6707454718741,53.15051043997227,96.92046492984566,49.10293738277924,4.093527510397055,-1.1334189319716927,1,50.41341772530196,39.81836711263556,true
current,R4,0,1924-01,102.96952183031186,51.239220086918706,96.47147907746773,45.00193380378924,4.255665659905542,-0.15397675350771678,1,51.38863332356359,40.00700023375197,true
current,R4,0,1924-02,108.07866528121829,49.98109722563053,95.95047787765343,41.91226800774311,4.4446856911922765,-0.1764260461266134,1,52.38901137905098,40.28690603275755,true
current,R4,0,1924-03,111.6550656968528,49.136551330624,95.37830984529405,39.59622764698362,4.653396284151625,-0.20247610611732858,1,53.4062803524385,40.57206638006598,true
current,R4,0,1924-04,78.15854598779696,58.37497125011535,94.77641874007203,40.86770738198295,4.87426608900496,1.7689154922647026,1,54.238780927436196,40.79982268853057,true
current,R4,0,1924-05,54.710982191457866,67.222118641389,94.25990183524435,42.762638787754156,5.065010705749227,1.7388209370036014,1,54.89433855460842,40.97283221421183,true
current,R4,0,1924-06,38.297687534020504,75.20010048932782,93.83970677491764,44.792517685684174,5.221034919917629,2.7129950917622176,1,55.390336544821864,41.09656732365398,true
current,R4,0,1924-07,26.80838127381435,82.01350648537597,93.5098494789745,46.70583175395831,5.344063920697669,-2.3080146612541177,0.5,55.75006641511435,41.19576652028558,true
current,R4,0,1924-08,18.765866891670044,87.56724698928993,93.25895837124185,48.389830789556385,5.437970485830335,-2.324507526051275,0.5,55.99872147532855,41.26090447339049,true
current,R4,0,1924-09,13.13610682416903,91.92467632073645,93.07373249932104,49.80990554593936,5.5074855826151525,-1.3370520814379077,1,56.16022794891382,41.28746362426856,true
current,R4,0,1924-10,9.19527477691832,95.24221649010724,92.94114523861398,50.972850677432476,5.557344484800909,-1.346313375033948,1,56.255383619111676,41.29748670415629,true
current,R4,0,1924-11,6.436692343842823,97.7106651003668,92.8496265502445,51.90513723089518,5.591808812572088,-1.3529427380693009,1,56.30117031710434,41.2961650884647,true
current,R4,0,1924-12,4.505684640689976,99.5161175753945,92.7895179111558,52.64049529131134,5.614466979828862,-1.3575186724877752,1,56.310847965596444,41.28755085608435,true
current,R4,0,1925-01,3.153979248482983,100.82015328703812,92.75308537813916,53.21317616469723,5.628209250338372,-1.36052410444221,1,56.2862433669853,41.27215916647073,true
current,R4,0,1925-02,2.207785473938088,101.7535009860075,92.7343111044049,53.65460393783357,5.635293646270005,-1.362345731093042,1,56.233638337405075,41.25189369906767,true
current,R4,0,1925-03,1.5454498317566616,102.41719365299984,92.72860522433342,53.99198919226535,5.637447172835558,-1.3632844447797552,1,56.16112252781508,41.22498571419781,true
current,R4,0,1925-04,1.0818148822296632,102.88695362382475,92.73251594857557,54.248028939633045,5.635971087347766,-1.363569738783329,1,56.07410971731019,41.1932095455994,true
current,R4,0,1925-05,0.7572704175607642,103.21835791005518,92.74347328116045,54.441165811276235,5.631835465267983,-1.3633742025712217,1,55.97637339903487,41.157829013507836,true
current,R4,0,1925-06,0.5300892922925349,103.4516140711053,92.38860368975547,50.986097955366546,5.7657579426106285,-1.3628263359419777,1,55.87282497690171,41.11918929320381,true
current,R4,0,1925-07,0.3710625046047744,103.61552165020548,91.9889346385692,48.5743658899878,5.917166408945859,-0.3805698155122266,1,55.764359327395546,41.07831039827532,true
current,R4,0,1925-08,0.2597437532233421,103.73056633376487,91.55892285337254,46.89092424785332,6.080777527402848,-0.4005532680715398,1,55.6524423373826,41.03590848049769,true
current,R4,0,1925-09,0.18182062725633946,103.81124973457,91.10864375659081,45.715854660900625,6.252904589367076,-0.42205385733137324,1,55.5381048453455,40.99248555372907,true
current,R4,0,1925-10,0.1272744390794376,103.86780283655568,90.64510832156853,44.89564364381275,6.430974853140552,-0.4445678121704595,1,55.42207076024883,40.94839313158997,true
current,R4,0,1925-11,0.08909210735560633,103.90742668386838,90.17318910938519,44.32313231749654,6.6131928760681795,-0.4677445839215735,1,55.304847959732776,40.90387715353993,true
current,R4,0,1925-12,0.062364475148924424,103.93518136964376,89.69626888167676,43.923519859026904,6.798305636686491,-0.4913405445307404,1,55.186792518643465,40.8591095983763,true
current,R4,0,1926-01,0.043655132604247096,103.9546184734572,89.39608618966369,45.44459296706436,6.915438649591597,-0.5151865559161621,1,55.06815396443975,40.81448219581191,true
current,R4,0,1926-02,0.030558592822972967,103.96822877230424,89.11744381179236,46.50990542296692,7.024531604788829,-0.5301956905168155,1,54.94910710127063,40.769886446639916,true
current,R4,0,1926-03,0.021391014976081077,103.97775810219258,88.8540076675768,47.25601703829216,7.127993560755801,-0.5441278094103823,1,54.82977435820485,40.72524629432602,true
current,R4,0,1926-04,0.014973710483256754,103.9844296725532,88.60136224393602,47.77857019635523,7.227511748618628,-0.5572996166211603,1,54.71024146802826,40.68050842657421,true
current,R4,0,1926-05,0.010481597338279728,103.98910028123285,88.35642731349564,48.14454992613416,7.324267852004614,-0.5699318878031989,1,54.590568459591275,40.63563547497444,true
current,R4,0,1926-06,0.007337118136795809,103.99236995696305,88.11705300936933,48.400870500373756,7.419089484104958,-0.5821786343252178,1,54.470797360882386,40.59060124732022,true
current,R4,0,1926-07,0.005135982695757066,103.99465885231686,88.32232346181776,50.38038923671752,7.3375562780985,-0.5941473495315335,1,54.31988450788826,40.54606548571143,true
current,R4,0,1926-08,0.003595187887029946,103.99626113901658,88.55431362288977,51.76611838622138,7.245624189819246,-0.583883826909112,1,54.163856297798866,40.50182292352991,true
current,R4,0,1926-09,0.0025166315209209623,103.99738276908434,88.80533133173942,52.73617501471835,7.1464125371023375,-0.5722843188555118,1,54.00375206232728,40.45772986812378,true
current,R4,0,1926-10,0.0017616420646446734,103.99816792452741,89.06999047865186,53.415247011357216,7.04210494652163,-0.5597334334130288,1,53.84032864640172,40.41368573136096,true
current,R4,0,1926-11,0.0012331494452512714,103.99871754039161,89.34451670236398,53.89062005868811,6.934230029523328,-0.546500476067407,1,53.6741364640807,40.36962009971538,true
current,R4,0,1926-12,0.00086320461167589,103.99910227495309,89.62626377915274,54.223397046598315,6.823857865102119,-0.5327741648818012,1,53.5055754983589,40.32548368266039,true
current,R4,0,1927-01,0.0006042432281731229,103.99937159083986,89.91337593494718,54.45635203648047,6.711737544237609,-0.5186868110423632,1,53.334936361026074,40.28124197619679,true
current,R4,0,1927-02,0.000422970259721186,103.9995601127905,90.20455163930205,54.61942829823948,6.598393455591735,-0.5043312032526408,1,53.16243029833826,40.2368708271378,true
current,R4,0,1927-03,0.0002960791818048302,103.99969207856266,90.49887818139968,54.73358711965984,6.484192688710164,-0.48977241803489724,1,52.98821105932303,40.19235332800806,true
current,R4,0,1927-04,0.0002072554272633811,103.99978445480241,90.79571571761777,54.81350210138643,6.369392218511974,-0.47505609093001633,1,52.81239079773439,40.14767764341651,true
current,R4,0,1927-05,0.00014507879908436677,103.99984911826787,91.09461594662615,54.86944525330769,6.254171936006249,-0.4602142141191117,1,52.63505161339572,40.102835488485,true
current,R4,0,1927-06,0.00010155515935905674,103.99989438274156,91.39526504683138,54.908607324951404,6.138657770895233,-0.44526920266869263,1,52.456253914846044,40.05782106372883,true
current,R4,0,1927-07,0.00007108861155133971,103.99992606789657,91.42325783074908,54.9360220808112,6.127937878167562,-0.4302367476584308,1,52.330671907024666,40.01222350369662,true
current,R4,0,1927-08,0.0000497620280859378,103.99994824751658,91.45163537205559,54.95521332390949,6.117073969253193,-0.42883710846254597,1,52.204878966661624,39.96603996703394,true
current,R4,0,1927-09,0.000034833419660156455,103.9999637732562,91.480285144531,54.96864783387579,6.106109244209621,-0.42741823139722035,1,52.078895349728704,39.92616008710181,true
current,R4,0,1927-10,0.000024383393762109517,103.9999746412767,91.50912835489007,54.97805243871046,6.095073944516656,-0.42598574277345014,1,51.952776024548115,39.90481503399506,true
current,R4,0,1927-11,0.000017068375633476662,103.99998224889241,91.5381098299888,54.98463597559551,6.083989240217852,-0.4245435822554966,1,51.826644682919785,39.88283233489631,true
current,R4,0,1927-12,0.000011947862943433663,103.99998757422405,91.56719093607917,54.98924467086559,6.072869951049077,-0.4230945085005602,1,51.70050970961599,39.86021115985196,true
current,R4,0,1928-01,0.000008363504060403562,103.99999130195653,91.59634462086379,54.99247091117002,6.061726451319205,-0.4216404531960414,1,51.57437695794999,39.83695092786779,true
current,R4,1,1922-01,5.199999999999999,98.85931558935361,100,54.879999999999995,3,2,1,35.02281368821293,35.01320677946768,false
current,R4,1,1922-02,6.039999999999999,98.0761976612599,99.98907452471482,54.75999999999999,3.00382391634981,2,1,35.06320169316264,35.031106720259025,false
current,R4,1,1922-03,6.627999999999998,97.53535656675545,99.9700861807984,54.65079999999999,3.0104705628982824,1.9994537262357412,1,35.11581788510177,35.052020893425684,false
current,R4,1,1922-04,7.039599999999998,97.16030328962366,99.94513849837014,54.556719999999984,3.019204864511367,1.9985043090399202,1,35.17697897011584,35.07479756943025,false
current,R4,1,1922-05,7.327719999999998,96.89947760000865,99.91578783574015,54.478515999999985,3.029483235300421,1.997256924918507,1,35.24412860351019,35.09864088215306,false
current,R4,1,1922-06,7.529403999999998,96.71773127283399,99.88318887197079,54.415129599999986,3.0409024890203966,1.9957893917870073,1,35.3154836049135,35.12299808461528,false
current,R4,1,1922-07,9.770582799999998,94.7430516876148,99.84819858650013,54.364708599999986,3.0531634110564614,1.9941594435985395,1,35.426753032179235,35.159247748250294,false
current,R4,1,1922-08,11.339407959999999,93.408077073091,99.79669193569569,54.262178535999986,3.07121814618114,1.9924099293250066,1,35.56761885827976,35.20414813974113,false
current,R4,1,1922-09,12.437585572,92.49576062214805,99.73301894636569,54.14334273639999,3.093549093062485,1.9898345967847846,1,35.72886911927747,35.25478452384373,false
current,R4,1,1922-10,13.206309900399999,91.86767070801992,99.66032975825657,54.02721234831999,3.1190584139543707,1.9866509473182845,1,35.904270365563015,35.30919401257598,false
current,R4,1,1922-11,13.744416930279998,91.43305913972652,99.58094985801857,53.92285934681199,3.146936071143235,1.9830164879128283,1,36.089548011362915,35.366037233245976,false
current,R4,1,1922-12,14.121091851195999,91.13126970043977,99.49661212595282,53.833669034859994,3.176578493981238,1.9790474929009285,1,36.28174382877312,35.42439193928747,false
current,R4,1,1923-01,18.8847642958372,87.47967043211912,99.40861253951228,53.75993556886611,3.2075341763869916,1.974830606297641,1,36.547628261333614,35.505493599091885,false
current,R4,1,1923-02,22.219335007086038,85.0929192127991,99.29055128955805,53.56541196933116,3.249101437440511,1.9704306269756138,1,36.86655350760439,35.602845058837254,false
current,R4,1,1923-03,24.553534504960226,83.49823263815794,99.15077455253395,53.329208328319226,3.2983728508056847,0.9645275644779026,1,37.22122456152382,35.710972390396215,false
current,R4,1,1923-04,26.187474153472156,82.41705501887833,98.9950324680465,53.09383979467465,3.3533494556951666,0.9575387276266973,1,37.60037176359099,35.82632954648738,false
current,R4,1,1923-05,27.331231907430507,81.67674060956841,98.82747747259099,52.88006363166809,3.412589042720265,0.9497516234023251,1,37.99645674491217,35.94655948943082,false
current,R4,1,1923-06,28.131862335201355,81.16638446097755,98.65118395766771,52.69610758494474,3.475023834947216,0.9413738736295492,1,38.4043464518061,36.07006771402429,false
current,R4,1,1923-07,37.69230363464095,75.53072848280493,98.46845502280902,52.54331943940527,3.5398533936355188,0.9325591978833856,1,38.92614666149415,36.22922094861969,false
current,R4,1,1923-08,44.38461254424867,72.0298362598215,98.23941308296952,52.14955449854446,3.6212649268267874,0.9234227511404511,1,39.52625570289336,36.41282411558215,false
current,R4,1,1923-09,49.069228780974065,69.76624273867156,97.97758737143275,51.67314977265366,3.714546224181929,-0.088029345851524,1,40.1775714967975,36.61232095238787,false
current,R4,1,1923-10,70.34846014668184,61.051329674743634,97.69171541011845,51.19912797742833,3.816666708207217,-0.10112063142836258,1,49.007605145315274,39.39444089829771,true
current,R4,1,1923-11,85.24392210267729,56.14219285551228,97.33162136056615,50.22893577979937,3.945677563236436,-1.1154142294940776,1,49.94926671571964,39.685262256947645,true
current,R4,1,1923-12,95.6707454718741,53.15051043997227,96.92046492984566,49.10293738277924,4.093527510397055,-1.1334189319716927,1,50.9601814805005,39.99788787892575,true
current,R4,1,1924-01,102.96952183031186,51.239220086918706,96.47147907746773,45.00193380378924,4.255665659905542,-0.15397675350771678,1,52.016466153516376,40.21313867958647,true
current,R4,1,1924-02,108.07866528121829,49.98109722563053,95.95047787765343,41.91226800774311,4.4446856911922765,-0.1764260461266134,1,53.11135422464713,40.52407526706162,true
current,R4,1,1924-03,111.6550656968528,49.136551330624,95.37830984529405,39.59622764698362,4.653396284151625,-0.20247610611732858,1,54.23297849451433,40.84349893671422,true
current,R4,1,1924-04,78.15854598779696,58.37497125011535,94.77641874007203,40.86770738198295,4.87426608900496,1.7689154922647026,1,55.17591397193869,41.107514704808885,true
current,R4,1,1924-05,54.710982191457866,67.222118641389,94.25990183524435,42.762638787754156,5.065010705749227,1.7388209370036014,1,55.92684390748305,41.31183813840567,true
current,R4,1,1924-06,38.297687534020504,75.20010048932782,93.83970677491764,44.792517685684174,5.221034919917629,2.7129950917622176,1,56.50085400478069,41.46118722300713,true
current,R4,1,1924-07,26.80838127381435,82.01350648537597,93.5098494789745,46.70583175395831,5.344063920697669,-2.3080146612541177,0.5,56.92209837546319,41.580583680600114,true
current,R4,1,1924-08,18.765866891670044,87.56724698928993,93.25895837124185,48.389830789556385,5.437970485830335,-2.324507526051275,0.5,57.21770671824373,41.66113796148097,true
current,R4,1,1924-09,13.13610682416903,91.92467632073645,93.07373249932104,49.80990554593936,5.5074855826151525,-1.3370520814379077,1,57.41397074022141,41.699109174081215,true
current,R4,1,1924-10,9.19527477691832,95.24221649010724,92.94114523861398,50.972850677432476,5.557344484800909,-1.346313375033948,1,57.534055861512144,41.717317423744454,true
current,R4,1,1924-11,6.436692343842823,97.7106651003668,92.8496265502445,51.90513723089518,5.591808812572088,-1.3529427380693009,1,57.59707472339039,41.721653701861946,true
current,R4,1,1924-12,4.505684640689976,99.5161175753945,92.7895179111558,52.64049529131134,5.614466979828862,-1.3575186724877752,1,57.61808145551089,41.71675918527292,true
current,R4,1,1925-01,3.153979248482983,100.82015328703812,92.75308537813916,53.21317616469723,5.628209250338372,-1.36052410444221,1,57.600347992154504,41.70362351840129,true
current,R4,1,1925-02,2.207785473938088,101.7535009860075,92.7343111044049,53.65460393783357,5.635293646270005,-1.362345731093042,1,57.55128516054009,41.68452107266367,true
current,R4,1,1925-03,1.5454498317566616,102.41719365299984,92.72860522433342,53.99198919226535,5.637447172835558,-1.3632844447797552,1,57.47984611423287,41.65796662507164,true
current,R4,1,1925-04,1.0818148822296632,102.88695362382475,92.73251594857557,54.248028939633045,5.635971087347766,-1.363569738783329,1,57.39283330372798,41.626190456473246,true
current,R4,1,1925-05,0.7572704175607642,103.21835791005518,92.74347328116045,54.441165811276235,5.631835465267983,-1.3633742025712217,1,57.29509698545266,41.590809924381674,true
current,R4,1,1925-06,0.5300892922925349,103.4516140711053,92.38860368975547,50.986097955366546,5.7657579426106285,-1.3628263359419777,1,57.258509801990826,41.574155810774734,true
current,R4,1,1925-07,0.3710625046047744,103.61552165020548,91.9889346385692,48.5743658899878,5.917166408945859,-0.3805698155122266,1,57.225748385652274,41.55813313906961,true
current,R4,1,1925-08,0.2597437532233421,103.73056633376487,91.55892285337254,46.89092424785332,6.080777527402848,-0.4005532680715398,1,57.19563695486782,41.54259071323866,true
current,R4,1,1925-09,0.18182062725633946,103.81124973457,91.10864375659081,45.715854660900625,6.252904589367076,-0.42205385733137324,1,57.16736299381284,41.52742531247584,true
current,R4,1,1925-10,0.1272744390794376,103.86780283655568,90.64510832156853,44.89564364381275,6.430974853140552,-0.4445678121704595,1,57.140364040602904,41.51256609197289,true
current,R4,1,1925-11,0.08909210735560633,103.90742668386838,90.17318910938519,44.32313231749654,6.6131928760681795,-0.4677445839215735,1,57.114250251550665,41.49796423935347,true
current,R4,1,1925-12,0.062364475148924424,103.93518136964376,89.69626888167676,43.923519859026904,6.798305636686491,-0.4913405445307404,1,57.08875119077051,41.48358602905801,true
current,R4,1,1926-01,0.043655132604247096,103.9546184734572,89.39608618966369,45.44459296706436,6.915438649591597,-0.5151865559161621,1,57.028679143019346,41.45818796277888,true
current,R4,1,1926-02,0.030558592822972967,103.96822877230424,89.11744381179236,46.50990542296692,7.024531604788829,-0.5301956905168155,1,56.964178757448835,41.431501640418425,true
current,R4,1,1926-03,0.021391014976081077,103.97775810219258,88.8540076675768,47.25601703829216,7.127993560755801,-0.5441278094103823,1,56.89657699236655,41.40384649254244,true
current,R4,1,1926-04,0.014973710483256754,103.9844296725532,88.60136224393602,47.77857019635523,7.227511748618628,-0.5572996166211603,1,56.82680319612137,41.37544619396478,true
current,R4,1,1926-05,0.010481597338279728,103.98910028123285,88.35642731349564,48.14454992613416,7.324267852004614,-0.5699318878031989,1,56.75550823937738,41.34645736933755,true
current,R4,1,1926-06,0.007337118136795809,103.99236995696305,88.11705300936933,48.400870500373756,7.419089484104958,-0.5821786343252178,1,56.68314795671866,41.31698969295313,true
current,R4,1,1926-07,0.005135982695757066,103.99465885231686,88.32232346181776,50.38038923671752,7.3375562780985,-0.5941473495315335,1,56.53223510372454,41.272453931344344,true
current,R4,1,1926-08,0.003595187887029946,103.99626113901658,88.55431362288977,51.76611838622138,7.245624189819246,-0.583883826909112,1,56.376206893635135,41.228211369162814,true
current,R4,1,1926-09,0.0025166315209209623,103.99738276908434,88.80533133173942,52.73617501471835,7.1464125371023375,-0.5722843188555118,1,56.21610265816355,41.184118313756684,true
current,R4,1,1926-10,0.0017616420646446734,103.99816792452741,89.06999047865186,53.415247011357216,7.04210494652163,-0.5597334334130288,1,56.052679242238,41.14007417699387,true
current,R4,1,1926-11,0.0012331494452512714,103.99871754039161,89.34451670236398,53.89062005868811,6.934230029523328,-0.546500476067407,1,55.88648705991697,41.09600854534829,true
current,R4,1,1926-12,0.00086320461167589,103.99910227495309,89.62626377915274,54.223397046598315,6.823857865102119,-0.5327741648818012,1,55.71792609419516,41.0518721282933,true
current,R4,1,1927-01,0.0006042432281731229,103.99937159083986,89.91337593494718,54.45635203648047,6.711737544237609,-0.5186868110423632,1,55.54728695686233,41.00763042182969,true
current,R4,1,1927-02,0.000422970259721186,103.9995601127905,90.20455163930205,54.61942829823948,6.598393455591735,-0.5043312032526408,1,55.374780894174506,40.963259272770706,true
current,R4,1,1927-03,0.0002960791818048302,103.99969207856266,90.49887818139968,54.73358711965984,6.484192688710164,-0.48977241803489724,1,55.20056165515927,40.91874177364096,true
current,R4,1,1927-04,0.0002072554272633811,103.99978445480241,90.79571571761777,54.81350210138643,6.369392218511974,-0.47505609093001633,1,55.024741393570615,40.87406608904941,true
current,R4,1,1927-05,0.00014507879908436677,103.99984911826787,91.09461594662615,54.86944525330769,6.254171936006249,-0.4602142141191117,1,54.84740220923194,40.82922393411789,true
current,R4,1,1927-06,0.00010155515935905674,103.99989438274156,91.39526504683138,54.908607324951404,6.138657770895233,-0.44526920266869263,1,54.66860451068227,40.78420950936173,true
current,R4,1,1927-07,0.00007108861155133971,103.99992606789657,91.42325783074908,54.9360220808112,6.127937878167562,-0.4302367476584308,1,54.5430225028609,40.73861194932952,true
current,R4,1,1927-08,0.0000497620280859378,103.99994824751658,91.45163537205559,54.95521332390949,6.117073969253193,-0.42883710846254597,1,54.41722956249785,40.692428412666835,true
current,R4,1,1927-09,0.000034833419660156455,103.9999637732562,91.480285144531,54.96864783387579,6.106109244209621,-0.42741823139722035,1,54.29124594556493,40.64565691033444,true
current,R4,1,1927-10,0.000024383393762109517,103.9999746412767,91.50912835489007,54.97805243871046,6.095073944516656,-0.42598574277345014,1,54.165086224447435,40.59829604994116,true
current,R4,1,1927-11,0.000017068375633476662,103.99998224889241,91.5381098299888,54.98463597559551,6.083989240217852,-0.4245435822554966,1,54.038760879390566,40.564955106836294,true
current,R4,1,1927-12,0.000011947862943433663,103.99998757422405,91.56719093607917,54.98924467086559,6.072869951049077,-0.4230945085005602,1,53.91236403116682,40.54233393179193,true
current,R4,1,1928-01,0.000008363504060403562,103.99999130195653,91.59634462086379,54.99247091117002,6.061726451319205,-0.4216404531960414,1,53.785968896585906,40.51907369980777,true
current,R5,0,1922-01,5.199999999999999,98.85931558935361,100,54.879999999999995,3,2,1,35.02281368821293,35.01320677946768,false
current,R5,0,1922-02,6.039999999999999,98.0761976612599,99.98907452471482,54.75999999999999,3.00382391634981,2,1,35.06128973498773,35.030478960658264,false
current,R5,0,1922-03,6.627999999999998,97.53535656675545,99.9700861807984,54.65079999999999,3.0104705628982824,1.9994537262357412,1,35.110582603652624,35.05030197601655,false
current,R5,0,1922-04,7.039599999999998,97.16030328962366,99.94513849837014,54.556719999999984,3.019204864511367,1.9985043090399202,1,35.16737653786015,35.071644770839626,false
current,R5,0,1922-05,7.327719999999998,96.89947760000865,99.91578783574015,54.478515999999985,3.029483235300421,1.997256924918507,1,35.229386985859975,35.093800717691245,false
current,R5,0,1922-06,7.529403999999998,96.71773127283399,99.88318887197079,54.415129599999986,3.0409024890203966,1.9957893917870073,1,35.2950323604033,35.11628325933444,false
current,R5,0,1922-07,9.770582799999998,94.7430516876148,99.84819858650013,54.364708599999986,3.0531634110564614,1.9941594435985395,1,35.400171326651,35.15052008826852,false
current,R5,0,1922-08,11.339407959999999,93.408077073091,99.79669193569569,54.262178535999986,3.07121814618114,1.9924099293250066,1,35.53200978518918,35.192456494076396,false
current,R5,0,1922-09,12.437585572,92.49576062214805,99.73301894636569,54.14334273639999,3.093549093062485,1.9898345967847846,1,35.68209457274622,35.23942688106597,false
current,R5,0,1922-10,13.206309900399999,91.86767070801992,99.66032975825657,54.02721234831999,3.1190584139543707,1.9866509473182845,1,35.844741158585826,35.28964858961847,false
current,R5,0,1922-11,13.744416930279998,91.43305913972652,99.58094985801857,53.92285934681199,3.146936071143235,1.9830164879128283,1,36.01607997579129,35.3419152282333,false
current,R5,0,1922-12,14.121091851195999,91.13126970043977,99.49661212595282,53.833669034859994,3.176578493981238,1.9790474929009285,1,36.1934545817825,35.39540363652554,false
current,R5,0,1923-01,18.8847642958372,87.47967043211912,99.40861253951228,53.75993556886611,3.2075341763869916,1.974830606297641,1,36.443861173140114,35.47142340513502,false
current,R5,0,1923-02,22.219335007086038,85.0929192127991,99.29055128955805,53.56541196933116,3.249101437440511,1.9704306269756138,1,36.74200278888413,35.561950906190766,false
current,R5,0,1923-03,24.553534504960226,83.49823263815794,99.15077455253395,53.329208328319226,3.2983728508056847,0.9645275644779026,1,37.07203813612097,35.66198951405561,false
current,R5,0,1923-04,26.187474153472156,82.41705501887833,98.9950324680465,53.09383979467465,3.3533494556951666,0.9575387276266973,1,37.42369703574341,35.768321344177416,false
current,R5,0,1923-05,27.331231907430507,81.67674060956841,98.82747747259099,52.88006363166809,3.412589042720265,0.9497516234023251,1,37.79016222355204,35.87882612158424,false
current,R5,0,1923-06,28.131862335201355,81.16638446097755,98.65118395766771,52.69610758494474,3.475023834947216,0.9413738736295492,1,38.16683453433249,35.99208463445379,false
current,R5,0,1923-07,37.69230363464095,75.53072848280493,98.46845502280902,52.54331943940527,3.5398533936355188,0.9325591978833856,1,38.65621996467639,36.14059501649786,false
current,R5,0,1923-08,44.38461254424867,72.0298362598215,98.23941308296952,52.14955449854446,3.6212649268267874,0.9234227511404511,1,39.21562323947996,36.310833123428075,false
current,R5,0,1923-09,49.069228780974065,69.76624273867156,97.97758737143275,51.67314977265366,3.714546224181929,-0.088029345851524,1,39.820298384706525,36.495016280584665,false
current,R5,0,1923-10,70.34846014668184,61.051329674743634,97.69171541011845,51.19912797742833,3.816666708207217,-0.10112063142836258,1,48.599271791211656,39.26037144703369,true
current,R5,0,1923-11,85.24392210267729,56.14219285551228,97.33162136056615,50.22893577979937,3.945677563236436,-1.1154142294940776,1,49.47642793410141,39.53001352364966,true
current,R5,0,1923-12,95.6707454718741,53.15051043997227,96.92046492984566,49.10293738277924,4.093527510397055,-1.1334189319716927,1,50.41341772530196,39.81836711263556,true
current,R5,0,1924-01,102.96952183031186,51.239220086918706,96.47147907746773,45.00193380378924,4.255665659905542,-0.15397675350771678,1,51.38863332356359,40.225164978796705,true
current,R5,0,1924-02,108.07866528121829,49.98109722563053,95.95047787765343,41.91226800774311,4.4446856911922765,-0.1764260461266134,1,52.38901137905098,40.53425754717445,true
current,R5,0,1924-03,111.6550656968528,49.136551330624,95.37830984529405,39.59622764698362,4.653396284151625,-0.20247610611732858,1,53.4062803524385,40.84997519674881,true
current,R5,0,1924-04,78.15854598779696,58.37497125011535,94.77641874007203,40.86770738198295,4.87426608900496,1.7689154922647028,1,54.238780927436196,41.109739185864534,true
current,R5,0,1924-05,54.710982191457866,67.222118641389,94.25990183524435,42.762638787754156,5.065010705749227,1.7388209370036016,1,54.89433855460842,41.316008948513534,true
current,R5,0,1924-06,38.297687534020504,75.20010048932782,93.83970677491764,44.792517685684174,5.221034919917629,2.7129950917622176,1,55.390336544821864,41.47402885392981,true
current,R5,0,1924-07,26.80838127381435,82.01350648537597,93.5098494789745,46.70583175395831,5.344063920697669,0.6919853387458823,1,55.75006641511435,41.59077439376771,true
current,R5,0,1924-08,18.765866891670044,87.56724698928993,93.25895837124185,48.389830789556385,5.437970485830335,0.6754924739487251,1,55.99872147532855,41.67376701663442,true
current,R5,0,1924-09,13.13610682416903,91.92467632073645,93.07373249932104,49.80990554593936,5.5074855826151525,1.6629479185620923,1,56.16022794891382,41.736491989505005,true
current,R5,0,1924-10,9.19527477691832,95.24221649010724,92.94114523861398,50.972850677432476,5.557344484800909,1.653686624966052,1,56.255383619111676,41.78300829817626,true
current,R5,0,1924-11,6.436692343842823,97.7106651003668,92.8496265502445,51.90513723089518,5.591808812572088,1.6470572619306991,1,56.30117031710434,41.81840622702055,true
current,R5,0,1924-12,4.505684640689976,99.5161175753945,92.7895179111558,52.64049529131134,5.614466979828862,1.6424813275122248,1,56.310847965596444,41.846660327807754,true
current,R5,0,1925-01,3.153979248482983,100.82015328703812,92.75308537813916,53.21317616469723,5.628209250338372,1.63947589555779,1,56.2862433669853,41.868227212271364,true
current,R5,0,1925-02,2.207785473938088,101.7535009860075,92.7343111044049,53.65460393783357,5.635293646270005,1.637654268906958,1,56.233638337405075,41.88496683981214,true
current,R5,0,1925-03,1.5454498317566616,102.41719365299984,92.72860522433342,53.99198919226535,5.637447172835558,1.6367155552202448,1,56.16112252781508,41.89507809137722,true
current,R5,0,1925-04,1.0818148822296632,102.88695362382475,92.73251594857557,54.248028939633045,5.635971087347766,1.636430261216671,1,56.07458610786985,41.90031146625241,true
current,R5,0,1925-05,0.7572704175607642,103.21835791005518,92.74347328116045,54.441165811276235,5.631835465267983,1.6366257974287783,1,55.97827208600391,41.90191332038276,true
current,R5,0,1925-06,0.5300892922925349,103.4516140711053,92.38860368975547,50.986097955366546,5.7657579426106285,1.6371736640580223,1,55.87472366387075,41.90113541056855,true
current,R5,0,1925-07,0.3710625046047744,103.61552165020548,91.9889346385692,48.5743658899878,5.917166408945859,1.6194301844877734,1,55.76625801436459,41.89911257505881,true
current,R5,0,1925-08,0.2597437532233421,103.73056633376487,91.55892285337254,46.89092424785332,6.080777527402848,1.5994467319284602,1,55.654341024351645,41.89664109637778,true
current,R5,0,1925-09,0.18182062725633946,103.81124973457,91.10864375659081,45.715854660900625,6.252904589367076,1.5779461426686268,1,55.54000353231454,41.894278909746006,true
current,R5,0,1925-10,0.1272744390794376,103.86780283655568,90.64510832156853,44.89564364381275,6.430974853140552,1.5554321878295405,1,55.42396944721787,41.8924165558092,true
current,R5,0,1925-11,0.08909210735560633,103.90742668386838,90.17318910938519,44.32313231749654,6.6131928760681795,1.5322554160784265,1,55.30674664670182,41.89132721097868,true
current,R5,0,1925-12,0.062364475148924424,103.93518136964376,89.69626888167676,43.923519859026904,6.798305636686491,-0.4913405445307404,1,55.18869120561251,41.891201862829284,true
current,R5,0,1926-01,0.043655132604247096,103.9546184734572,89.39608618966369,45.44459296706436,6.915438649591597,-0.5151865559161621,1,55.070052651408794,41.89198584073055,true
current,R5,0,1926-02,0.030558592822972967,103.96822877230424,89.11744381179236,46.50990542296692,7.024531604788829,-0.5301956905168155,1,54.95100578823967,41.89351784909666,true
current,R5,0,1926-03,0.021391014976081077,103.97775810219258,89.12135999901217,47.25601703829216,6.627993560755801,0.4558721905896177,1,54.88123569273472,41.8943397832452,true
current,R5,0,1926-04,0.014973710483256754,103.9844296725532,89.13531847195286,47.77857019635523,6.727511748618628,0.45606799995060854,1,54.761702802558126,41.89571717614794,true
current,R5,0,1926-05,0.010481597338279728,103.98910028123285,89.15631339624258,48.14454992613416,6.824267852004614,0.4567659235976429,1,54.64202979412114,41.89759462025417,true
current,R5,0,1926-06,0.007337118136795809,103.99236995696305,89.18224098933756,48.400870500373756,6.919089484104958,0.45781566981212896,1,54.522258695412255,41.899933289325176,true
current,R5,0,1926-07,0.005135982695757066,103.99465885231686,89.65753954163989,50.38038923671752,6.8375562780985,0.4591120494668779,1,54.41497053266751,41.90223491032742,true
current,R5,0,1926-08,0.003595187887029946,103.99626113901658,90.1620094414089,51.76611838622138,6.745624189819246,0.4828769770819945,1,54.310017043413225,41.90422596446461,true
current,R5,0,1926-09,0.0025166315209209623,103.99738276908434,90.68807038313197,52.73617501471835,6.6464125371023375,0.508100472070445,1,54.20705080584738,41.905714980284074,true
current,R5,0,1926-10,0.0017616420646446734,103.99816792452741,91.2304047118836,53.415247011357216,6.54210494652163,0.5344035191565986,1,54.10580819649366,41.9065679228998,true
current,R5,0,1926-11,0.0012331494452512714,103.99871754039161,91.7852808499054,53.89062005868811,6.434230029523328,0.5615202355941797,1,54.00609020066465,41.90669096494255,true
current,R5,0,1926-12,0.00086320461167589,103.99910227495309,92.3500806955812,54.223397046598315,6.323857865102119,0.5892640424952702,1,53.90774713892417,41.90601842541469,true
current,R5,0,1927-01,0.0006042432281731229,103.99937159083986,92.92296867136656,54.45635203648047,6.211737544237609,0.6175040347790599,1,53.810666711367915,41.90450432644074,true
current,R5,0,1927-02,0.000422970259721186,103.9995601127905,93.50265955447567,54.61942829823948,6.098393455591735,0.6461484335683281,1,53.71476475748046,41.902116482737924,true
current,R5,0,1927-03,0.0002960791818048302,103.99969207856266,94.08825540247017,54.73358711965984,5.984192688710164,0.6751329777237836,1,53.619978186122175,41.898832364095824,true
current,R5,0,1927-04,0.0002072554272633811,103.99978445480241,94.67913091040133,54.81350210138643,5.869392218511974,0.7044127701235083,1,53.526259609714074,41.89463619902144,true
current,R5,0,1927-05,0.00014507879908436677,103.99984911826787,95.27485276630091,54.86944525330769,5.754171936006249,0.7339565455200663,1,53.433573299040646,41.889516947233965,true
current,R5,0,1927-06,0.00010155515935905674,103.99989438274156,95.87512289812479,54.908607324951404,5.638657770895233,0.7637426383150454,1,53.3418921507813,41.88346688037499,true
current,R5,0,1927-07,0.00007108861155133971,103.99992606789657,96.1921131534683,54.9360220808112,5.627937878167562,0.7937561449062394,1,53.22461173783023,41.87676328271723,true
current,R5,0,1927-08,0.0000497620280859378,103.99994824751658,96.51054727451671,54.95521332390949,5.617073969253193,0.809605657673415,1,53.10746092168276,41.86940236766814,true
current,R5,0,1927-09,0.000034833419660156455,103.9999637732562,96.83031353390226,54.96864783387579,5.606109244209621,0.8255273637258356,1,52.99043065132399,41.8613814844902,true
current,R5,0,1927-10,0.000024383393762109517,103.9999746412767,97.1513345181957,54.97805243871046,5.595073944516656,0.8415156766951128,1,52.87351431873249,41.852698777581516,true
current,R5,0,1927-11,0.000017068375633476662,103.99998224889241,97.47355691647509,54.98463597559551,5.583989240217852,0.8575667259097848,1,52.75670710467008,41.84335294796077,true
current,R5,0,1927-12,0.000011947862943433663,103.99998757422405,97.79694434910061,54.98924467086559,5.572869951049077,0.8736778458237544,1,52.640005497099445,41.83334308629921,true
current,R5,0,1928-01,0.000008363504060403562,103.99999130195653,98.12147233137466,54.99247091117002,5.561726451319205,0.8898472174550307,1,52.52340693754395,41.822668556037385,true
current,R5,1,1922-01,5.199999999999999,98.85931558935361,100,54.879999999999995,3,2,1,35.02281368821293,35.01320677946768,false
current,R5,1,1922-02,6.039999999999999,98.0761976612599,99.98907452471482,54.75999999999999,3.00382391634981,2,1,35.06320169316264,35.031106720259025,false
current,R5,1,1922-03,6.627999999999998,97.53535656675545,99.9700861807984,54.65079999999999,3.0104705628982824,1.9994537262357412,1,35.11581788510177,35.052020893425684,false
current,R5,1,1922-04,7.039599999999998,97.16030328962366,99.94513849837014,54.556719999999984,3.019204864511367,1.9985043090399202,1,35.17697897011584,35.07479756943025,false
current,R5,1,1922-05,7.327719999999998,96.89947760000865,99.91578783574015,54.478515999999985,3.029483235300421,1.997256924918507,1,35.24412860351019,35.09864088215306,false
current,R5,1,1922-06,7.529403999999998,96.71773127283399,99.88318887197079,54.415129599999986,3.0409024890203966,1.9957893917870073,1,35.3154836049135,35.12299808461528,false
current,R5,1,1922-07,9.770582799999998,94.7430516876148,99.84819858650013,54.364708599999986,3.0531634110564614,1.9941594435985395,1,35.426753032179235,35.159247748250294,false
current,R5,1,1922-08,11.339407959999999,93.408077073091,99.79669193569569,54.262178535999986,3.07121814618114,1.9924099293250066,1,35.56761885827976,35.20414813974113,false
current,R5,1,1922-09,12.437585572,92.49576062214805,99.73301894636569,54.14334273639999,3.093549093062485,1.9898345967847846,1,35.72886911927747,35.25478452384373,false
current,R5,1,1922-10,13.206309900399999,91.86767070801992,99.66032975825657,54.02721234831999,3.1190584139543707,1.9866509473182845,1,35.904270365563015,35.30919401257598,false
current,R5,1,1922-11,13.744416930279998,91.43305913972652,99.58094985801857,53.92285934681199,3.146936071143235,1.9830164879128283,1,36.089548011362915,35.366037233245976,false
current,R5,1,1922-12,14.121091851195999,91.13126970043977,99.49661212595282,53.833669034859994,3.176578493981238,1.9790474929009285,1,36.28174382877312,35.42439193928747,false
current,R5,1,1923-01,18.8847642958372,87.47967043211912,99.40861253951228,53.75993556886611,3.2075341763869916,1.974830606297641,1,36.547628261333614,35.505493599091885,false
current,R5,1,1923-02,22.219335007086038,85.0929192127991,99.29055128955805,53.56541196933116,3.249101437440511,1.9704306269756138,1,36.86655350760439,35.602845058837254,false
current,R5,1,1923-03,24.553534504960226,83.49823263815794,99.15077455253395,53.329208328319226,3.2983728508056847,0.9645275644779026,1,37.22122456152382,35.710972390396215,false
current,R5,1,1923-04,26.187474153472156,82.41705501887833,98.9950324680465,53.09383979467465,3.3533494556951666,0.9575387276266973,1,37.60037176359099,35.82632954648738,false
current,R5,1,1923-05,27.331231907430507,81.67674060956841,98.82747747259099,52.88006363166809,3.412589042720265,0.9497516234023251,1,37.99645674491217,35.94655948943082,false
current,R5,1,1923-06,28.131862335201355,81.16638446097755,98.65118395766771,52.69610758494474,3.475023834947216,0.9413738736295492,1,38.4043464518061,36.07006771402429,false
current,R5,1,1923-07,37.69230363464095,75.53072848280493,98.46845502280902,52.54331943940527,3.5398533936355188,0.9325591978833856,1,38.92614666149415,36.22922094861969,false
current,R5,1,1923-08,44.38461254424867,72.0298362598215,98.23941308296952,52.14955449854446,3.6212649268267874,0.9234227511404511,1,39.52625570289336,36.41282411558215,false
current,R5,1,1923-09,49.069228780974065,69.76624273867156,97.97758737143275,51.67314977265366,3.714546224181929,-0.088029345851524,1,40.1775714967975,36.61232095238787,false
current,R5,1,1923-10,70.34846014668184,61.051329674743634,97.69171541011845,51.19912797742833,3.816666708207217,-0.10112063142836258,1,49.007605145315274,39.39444089829771,true
current,R5,1,1923-11,85.24392210267729,56.14219285551228,97.33162136056615,50.22893577979937,3.945677563236436,-1.1154142294940776,1,49.94926671571964,39.685262256947645,true
current,R5,1,1923-12,95.6707454718741,53.15051043997227,96.92046492984566,49.10293738277924,4.093527510397055,-1.1334189319716927,1,50.9601814805005,39.99788787892575,true
current,R5,1,1924-01,102.96952183031186,51.239220086918706,96.47147907746773,45.00193380378924,4.255665659905542,-0.15397675350771678,1,52.016466153516376,40.4313034246312,true
current,R5,1,1924-02,108.07866528121829,49.98109722563053,95.95047787765343,41.91226800774311,4.4446856911922765,-0.1764260461266134,1,53.11135422464713,40.77142678147852,true
current,R5,1,1924-03,111.6550656968528,49.136551330624,95.37830984529405,39.59622764698362,4.653396284151625,-0.20247610611732858,1,54.23297849451433,41.121407753397044,true
current,R5,1,1924-04,78.15854598779696,58.37497125011535,94.77641874007203,40.86770738198295,4.87426608900496,1.7689154922647028,1,55.17591397193869,41.41743120214284,true
current,R5,1,1924-05,54.710982191457866,67.222118641389,94.25990183524435,42.762638787754156,5.065010705749227,1.7388209370036016,1,55.92684390748305,41.655014872707376,true
current,R5,1,1924-06,38.297687534020504,75.20010048932782,93.83970677491764,44.792517685684174,5.221034919917629,2.7129950917622176,1,56.50085400478069,41.83864875328297,true
current,R5,1,1924-07,26.80838127381435,82.01350648537597,93.5098494789745,46.70583175395831,5.344063920697669,0.6919853387458823,1,56.92209837546319,41.97559155408224,true
current,R5,1,1924-08,18.765866891670044,87.56724698928993,93.25895837124185,48.389830789556385,5.437970485830335,0.6754924739487251,1,57.21770671824373,42.074000504724914,true
current,R5,1,1924-09,13.13610682416903,91.92467632073645,93.07373249932104,49.80990554593936,5.5074855826151525,1.6629479185620923,1,57.41397074022141,42.148137539317666,true
current,R5,1,1924-10,9.19527477691832,95.24221649010724,92.94114523861398,50.972850677432476,5.557344484800909,1.653686624966052,1,57.534055861512144,42.202839017764425,true
current,R5,1,1924-11,6.436692343842823,97.7106651003668,92.8496265502445,51.90513723089518,5.591808812572088,1.6470572619306991,1,57.59707472339039,42.24389484041781,true
current,R5,1,1924-12,4.505684640689976,99.5161175753945,92.7895179111558,52.64049529131134,5.614466979828862,1.6424813275122248,1,57.61808145551089,42.27586865699633,true
current,R5,1,1925-01,3.153979248482983,100.82015328703812,92.75308537813916,53.21317616469723,5.628209250338372,1.63947589555779,1,57.600347992154504,42.299691564201915,true
current,R5,1,1925-02,2.207785473938088,101.7535009860075,92.7343111044049,53.65460393783357,5.635293646270005,1.637654268906958,1,57.55128516054009,42.31759421340814,true
current,R5,1,1925-03,1.5454498317566616,102.41719365299984,92.72860522433342,53.99198919226535,5.637447172835558,1.6367155552202448,1,57.47984611423287,42.32805900225107,true
current,R5,1,1925-04,1.0818148822296632,102.88695362382475,92.73251594857557,54.248028939633045,5.635971087347766,1.636430261216671,1,57.39330969428764,42.333292377126256,true
current,R5,1,1925-05,0.7572704175607642,103.21835791005518,92.74347328116045,54.441165811276235,5.631835465267983,1.6366257974287783,1,57.2969956724217,42.334894231256605,true
current,R5,1,1925-06,0.5300892922925349,103.4516140711053,92.38860368975547,50.986097955366546,5.7657579426106285,1.6371736640580223,1,57.26040848895987,42.35610192813947,true
current,R5,1,1925-07,0.3710625046047744,103.61552165020548,91.9889346385692,48.5743658899878,5.917166408945859,1.6194301844877734,1,57.227647072621316,42.3789353158531,true
current,R5,1,1925-08,0.2597437532233421,103.73056633376487,91.55892285337254,46.89092424785332,6.080777527402848,1.5994467319284602,1,57.197535641836865,42.403323329118756,true
current,R5,1,1925-09,0.18182062725633946,103.81124973457,91.10864375659081,45.715854660900625,6.252904589367076,1.5779461426686268,1,57.16926168078188,42.42921866849278,true
current,R5,1,1925-10,0.1272744390794376,103.86780283655568,90.64510832156853,44.89564364381275,6.430974853140552,1.5554321878295405,1,57.142262727571946,42.45658951619212,true
current,R5,1,1925-11,0.08909210735560633,103.90742668386838,90.17318910938519,44.32313231749654,6.6131928760681795,1.5322554160784265,1,57.11614893851971,42.48541429679222,true
current,R5,1,1925-12,0.062364475148924424,103.93518136964376,89.69626888167676,43.923519859026904,6.798305636686491,-0.4913405445307404,1,57.09064987773955,42.515678293510994,true
current,R5,1,1926-01,0.043655132604247096,103.9546184734572,89.39608618966369,45.44459296706436,6.915438649591597,-0.5151865559161621,1,57.03057782998839,42.53569160769751,true
current,R5,1,1926-02,0.030558592822972967,103.96822877230424,89.11744381179236,46.50990542296692,7.024531604788829,-0.5301956905168155,1,56.96607744441788,42.55513304287517,true
current,R5,1,1926-03,0.021391014976081077,103.97775810219258,89.12135999901217,47.25601703829216,6.627993560755801,0.4558721905896177,1,56.89630734891293,42.55595497702372,true
current,R5,1,1926-04,0.014973710483256754,103.9844296725532,89.13531847195286,47.77857019635523,6.727511748618628,0.45606799995060854,1,56.82653355266775,42.5736699391006,true
current,R5,1,1926-05,0.010481597338279728,103.98910028123285,89.15631339624258,48.14454992613416,6.824267852004614,0.4567659235976429,1,56.75523859592376,42.59143151017935,true
current,R5,1,1926-06,0.007337118136795809,103.99236995696305,89.18224098933756,48.400870500373756,6.919089484104958,0.45781566981212896,1,56.68287831326504,42.60933673052017,true
current,R5,1,1926-07,0.005135982695757066,103.99465885231686,89.65753954163989,50.38038923671752,6.8375562780985,0.4591120494668779,1,56.5755901505203,42.61163835152243,true
current,R5,1,1926-08,0.003595187887029946,103.99626113901658,90.1620094414089,51.76611838622138,6.745624189819246,0.4828769770819945,1,56.47063666126602,42.6136294056596,true
current,R5,1,1926-09,0.0025166315209209623,103.99738276908434,90.68807038313197,52.73617501471835,6.6464125371023375,0.508100472070445,1,56.36767042370017,42.61511842147908,true
current,R5,1,1926-10,0.0017616420646446734,103.99816792452741,91.2304047118836,53.415247011357216,6.54210494652163,0.5344035191565986,1,56.26642781434645,42.615971364094804,true
current,R5,1,1926-11,0.0012331494452512714,103.99871754039161,91.7852808499054,53.89062005868811,6.434230029523328,0.5615202355941797,1,56.16670981851745,42.616094406137556,true
current,R5,1,1926-12,0.00086320461167589,103.99910227495309,92.3500806955812,54.223397046598315,6.323857865102119,0.5892640424952702,1,56.06836675677697,42.615421866609694,true
current,R5,1,1927-01,0.0006042432281731229,103.99937159083986,92.92296867136656,54.45635203648047,6.211737544237609,0.6175040347790599,1,55.97128632922072,42.61390776763574,true
current,R5,1,1927-02,0.000422970259721186,103.9995601127905,93.50265955447567,54.61942829823948,6.098393455591735,0.6461484335683281,1,55.87538437533326,42.611519923932924,true
current,R5,1,1927-03,0.0002960791818048302,103.99969207856266,94.08825540247017,54.73358711965984,5.984192688710164,0.6751329777237836,1,55.78059780397498,42.608235805290825,true
current,R5,1,1927-04,0.0002072554272633811,103.99978445480241,94.67913091040133,54.81350210138643,5.869392218511974,0.7044127701235083,1,55.68687922756687,42.60403964021645,true
current,R5,1,1927-05,0.00014507879908436677,103.99984911826787,95.27485276630091,54.86944525330769,5.754171936006249,0.7339565455200663,1,55.59419291689344,42.598920388428965,true
current,R5,1,1927-06,0.00010155515935905674,103.99989438274156,95.87512289812479,54.908607324951404,5.638657770895233,0.7637426383150454,1,55.50251176863409,42.59287032156998,true
current,R5,1,1927-07,0.00007108861155133971,103.99992606789657,96.1921131534683,54.9360220808112,5.627937878167562,0.7937561449062394,1,55.38523135568303,42.586166723912235,true
current,R5,1,1927-08,0.0000497620280859378,103.99994824751658,96.51054727451671,54.95521332390949,5.617073969253193,0.809605657673415,1,55.268080539535575,42.57880580886314,true
current,R5,1,1927-09,0.000034833419660156455,103.9999637732562,96.83031353390226,54.96864783387579,5.606109244209621,0.8255273637258356,1,55.151050269176814,42.57078492568521,true
current,R5,1,1927-10,0.000024383393762109517,103.9999746412767,97.1513345181957,54.97805243871046,5.595073944516656,0.8415156766951128,1,55.034133936585306,42.562102218776516,true
current,R5,1,1927-11,0.000017068375633476662,103.99998224889241,97.47355691647509,54.98463597559551,5.583989240217852,0.8575667259097848,1,54.917326722522894,42.552756389155775,true
current,R5,1,1927-12,0.000011947862943433663,103.99998757422405,97.79694434910061,54.98924467086559,5.572869951049077,0.8736778458237544,1,54.80062511495226,42.54274652749421,true
current,R5,1,1928-01,0.000008363504060403562,103.99999130195653,98.12147233137466,54.99247091117002,5.561726451319205,0.8898472174550307,1,54.68402655539677,42.53207199723239,true
current,R6,0,1922-01,5.199999999999999,98.85931558935361,100,54.879999999999995,3,2,1,35.02281368821293,35.01320677946768,false
current,R6,0,1922-02,6.039999999999999,98.0761976612599,99.98907452471482,54.75999999999999,3.00382391634981,2,1,35.06128973498773,35.030478960658264,false
current,R6,0,1922-03,6.627999999999998,97.53535656675545,99.9700861807984,54.65079999999999,3.0104705628982824,1.9994537262357412,1,35.110582603652624,35.05030197601655,false
current,R6,0,1922-04,7.039599999999998,97.16030328962366,99.94513849837014,54.556719999999984,3.019204864511367,1.9985043090399202,1,35.16737653786015,35.071644770839626,false
current,R6,0,1922-05,7.327719999999998,96.89947760000865,99.91578783574015,54.478515999999985,3.029483235300421,1.997256924918507,1,35.229386985859975,35.093800717691245,false
current,R6,0,1922-06,7.529403999999998,96.71773127283399,99.88318887197079,54.415129599999986,3.0409024890203966,1.9957893917870073,1,35.2950323604033,35.11628325933444,false
current,R6,0,1922-07,9.770582799999998,94.7430516876148,99.84819858650013,54.364708599999986,3.0531634110564614,1.9941594435985395,1,35.400171326651,35.15052008826852,false
current,R6,0,1922-08,11.339407959999999,93.408077073091,99.79669193569569,54.262178535999986,3.07121814618114,1.9924099293250066,1,35.53200978518918,35.192456494076396,false
current,R6,0,1922-09,12.437585572,92.49576062214805,99.73301894636569,54.14334273639999,3.093549093062485,1.9898345967847846,1,35.68209457274622,35.23942688106597,false
current,R6,0,1922-10,13.206309900399999,91.86767070801992,99.66032975825657,54.02721234831999,3.1190584139543707,1.9866509473182845,1,35.844741158585826,35.28964858961847,false
current,R6,0,1922-11,13.744416930279998,91.43305913972652,99.58094985801857,53.92285934681199,3.146936071143235,1.9830164879128283,1,36.01607997579129,35.3419152282333,false
current,R6,0,1922-12,14.121091851195999,91.13126970043977,99.49661212595282,53.833669034859994,3.176578493981238,1.9790474929009285,1,36.1934545817825,35.39540363652554,false
current,R6,0,1923-01,18.8847642958372,87.47967043211912,99.40861253951228,53.75993556886611,3.2075341763869916,1.974830606297641,1,36.443861173140114,35.47142340513502,false
current,R6,0,1923-02,22.219335007086038,85.0929192127991,99.29055128955805,53.56541196933116,3.249101437440511,1.9704306269756138,1,36.74200278888413,35.561950906190766,false
current,R6,0,1923-03,24.553534504960226,83.49823263815794,99.15077455253395,53.329208328319226,3.2983728508056847,0.9645275644779026,1,37.07203813612097,35.66198951405561,false
current,R6,0,1923-04,26.187474153472156,82.41705501887833,98.9950324680465,53.09383979467465,3.3533494556951666,0.9575387276266973,1,37.42369703574341,35.768321344177416,false
current,R6,0,1923-05,27.331231907430507,81.67674060956841,98.82747747259099,49.88006363166809,3.412589042720265,1.9497516234023253,1,37.79016222355204,35.98614546709233,false
current,R6,0,1923-06,28.131862335201355,81.16638446097755,98.60671159280503,47.59610758494475,3.490773834947216,1.9413738736295492,1,38.16683453433249,36.09999310004501,false
current,R6,0,1923-07,37.69230363464095,75.53072848280493,98.3486308985432,45.97331943940528,3.582378393635519,1.9303355796402513,1,38.65621996467639,36.250078368885106,false
current,R6,0,1923-08,26.384612544248665,82.28849850181598,98.02294509911519,47.550554498544464,3.6982824268267875,3.9174315449271604,1,39.01044999464007,36.358277205622606,false
current,R6,0,1923-09,18.469228780974063,87.78650884296312,97.77452192788563,48.99384977265366,3.7869842199043444,3.9011472549557595,1,39.25471981778081,36.432307734203675,false
current,R6,0,1923-10,12.928460146681843,92.09370238903043,97.59090119710378,50.241617977428334,3.852714283837616,4.888726096394281,1,39.4128457700002,36.479434382802914,false
current,R6,0,1923-11,9.04992210267729,95.36916486934994,97.45951836191138,51.28127877979937,3.899833422766832,1.8795450598551888,1,39.5054624726132,36.50592870268016,false
current,R6,0,1923-12,6.334945471874102,97.80415980700182,97.36904912813921,52.12539748277924,3.932323047538705,1.872975918095569,1,39.54937927647317,36.516882317238505,false
current,R6,0,1924-01,4.434461830311871,99.5839861452843,97.30995998135037,52.79772987378925,3.953563063294509,1.8684524564069604,1,39.55769955356748,36.51625070735528,false
current,R6,0,1924-02,3.104123281218309,100.86890484131091,97.2745759753486,53.325377056743115,3.9662898202503194,1.8654979990675187,1,39.53163240832816,36.50427147168936,false
current,R6,0,1924-03,2.172886296852816,101.7882569137165,97.25690302784012,53.73464024128363,3.9726486571467476,1.8637287987674298,1,39.477984700916664,36.482977043012625,false
current,R6,0,1924-04,1.5210204077969713,102.44183872684225,97.25235690847751,54.04906157999295,3.974284676521602,1.8628451513920061,1,39.4047295391114,36.45479216814848,false
current,R6,0,1924-05,1.06471428545788,102.90436255155421,97.2574827237945,54.28871249376115,3.972439954791481,1.8626178454238755,1,39.31784964311579,36.42145516797145,false
current,R6,0,1924-06,0.7452999998205159,103.23062217312894,97.26970369819657,54.47015731706907,3.968041999054883,1.8628741361897247,1,39.22156534365809,36.3842023773142,false
current,R6,0,1924-07,0.5217099998743611,103.46023759457532,97.28711238500354,54.60675112195373,3.9617779310555097,1.8634851849098282,1,39.118713630044915,36.343908182497835,false
current,R6,0,1924-08,0.36519699991205273,103.62157710913587,97.30830459973384,54.709074485371374,3.9541538224004418,1.864355619250177,1,39.01129280640148,36.30118854323897,false
current,R6,0,1924-09,0.2556378999384369,103.73481449871045,97.33225094172224,54.7853962297626,3.9455407654466614,1.8654152299866922,1,38.90070622904068,36.26283616420893,false
current,R6,0,1924-10,0.1789465299569058,103.81422804131849,97.3581991936803,54.84210822383566,3.9362099546440183,1.866612547086112,1,38.787937313391424,36.22915442021373,false
current,R6,0,1924-11,0.12526257096983406,103.8698899054409,97.38560109470441,54.884107360786246,3.9263590479531896,1.8679099596840154,1,38.67367411172337,36.20035571796425,false
current,R6,0,1924-12,0.08768379967888384,103.90888873815027,97.41405787792351,54.915117275421274,3.9161317925738275,1.8692800547352206,1,38.55839746111112,36.17517960282265,false
current,R6,0,1925-01,0.06137865977521869,103.93620535013484,97.4432800194289,54.93795157880452,3.905632538411045,1.8707028938961756,1,38.44244309123121,36.15333155170064,false
current,R6,0,1925-02,0.04296506184265308,103.9553355258026,97.47305762998846,54.9547247453699,3.8949369176419437,1.8721640009714449,1,38.326045253394895,36.13488557125651,false
current,R6,0,1925-03,0.030075543289857152,103.96873083934848,97.50323875417509,54.96701836990365,3.8840996732565043,1.873652881499423,1,38.2093673028347,36.115653401020175,false
current,R6,0,1925-04,0.021052880302900007,103.97810961304194,97.53371351065842,54.976010592633855,3.873160380464334,1.8751619377087543,1,38.0925231022445,36.09567120465806,false
current,R6,0,1925-05,0.014737016212030003,103.98467576147497,97.56440252852562,54.982575828434605,3.862147617936489,1.8766856755329209,1,37.975591984168176,36.0749642548089,false
current,R6,0,1925-06,0.010315911348421001,103.98927255883096,97.20499092237333,51.387360969417855,3.991082002705077,1.878220126426281,1,37.85591380740325,36.05392698968415,false
current,R6,0,1925-07,0.0072211379438947,103.99249055880544,96.79451815328724,48.87084320125204,4.138878394450907,-0.13975045388133367,1,37.736139090639085,36.0330806278396,false
current,R6,0,1925-08,0.0050547965607262895,103.99474327729348,96.34926585981067,47.10937360673812,4.299877494079678,-0.16027409233563783,1,37.616296792320284,36.01279000372924,false
current,R6,0,1925-09,0.0035383575925084024,103.99632023830691,95.88062163391196,47.37640988081986,4.470118001467881,0.8174632929905337,1,37.49640718517108,35.99331048462087,false
current,R6,0,1925-10,0.0024768503147558816,103.99742413947284,95.4181095369157,47.56338076584612,4.638952152926318,0.7940310816955978,1,37.376484460986894,35.97460881378095,false
current,R6,0,1925-11,0.001733795220329117,103.99819688423318,94.96051300882017,47.69429223058284,4.806801616315101,0.7709054768457846,1,37.2565385544599,35.956661699361284,false
current,R6,0,1925-12,0.0012136566542303817,103.99873781239822,94.5069815593124,47.785952547551375,4.973961630828688,0.7480256504410085,1,37.136576420087955,35.93945282863752,false
current,R6,0,1926-01,0.0008495596579612671,103.99911646546187,94.24593361001604,49.650130373586336,5.070638914079328,0.7253490779656198,1,37.0166029261241,35.92278231959113,false
current,R6,0,1926-02,0.000594691760572887,103.99938152424701,94.01196326134323,50.955065774720694,5.1575282035147065,0.712296680500802,1,36.89662148039669,35.90638776515486,false
current,R6,0,1926-03,0.00041628423240102085,103.99956706620053,93.79697768036736,51.86852820155167,5.237565839929531,0.7005981630671614,1,36.77663446841068,35.890085477605524,false
current,R6,0,1926-04,0.00029139896268071455,103.9996969459619,93.59533712067594,52.507957252559194,5.312807279086024,0.6898488840183681,1,36.65664356003182,35.87374687374695,false
current,R6,0,1926-05,0.00020397927387650017,103.99978786198788,93.40310814799773,52.955561334822555,5.384691352061394,0.6797668560337968,1,36.53664992417218,35.857281944164164,false
current,R6,0,1926-06,0.0001427854917135501,103.99985150330063,93.21754580229928,53.26888681499757,5.45422524904001,0.6701554073998863,1,36.416654379073165,35.840627681479056,false
current,R6,0,1926-07,0.00009994984419948506,103.99989605226591,93.50282142857131,55.28821648693355,5.347114009052031,0.6608772901149642,1,36.32627002166242,35.823268823452224,false
current,R6,0,1926-08,0.00006996489093963954,103.9999272365643,93.81729237636823,56.70174854235815,5.2294011635492845,0.6751410714285655,1,36.239757003509396,35.80492009217335,false
current,R6,0,1926-09,0.000048975423657747675,103.99994906558433,94.15271325702271,57.69122188070398,5.1042671874395245,0.6908646188184115,1,36.156344552814225,35.78538179296088,false
current,R6,0,1926-10,0.00003428279656042337,103.99996434590379,94.50330775769369,58.38385384723007,4.973938415182192,0.7076356628511355,1,36.07547266471905,35.76451413945638,false
current,R6,0,1926-11,0.00002399795759229636,103.99997504213007,94.8650262771246,58.86869666457714,4.839973282315704,0.7251653878846844,1,35.996734839142,35.74221928116174,false
current,R6,0,1926-12,0.00001679857031460745,103.9999825294898,95.23502857656584,59.208086945265265,4.703462694708709,0.74325131385623,1,35.91983609083517,35.718428722699926,false
current,R6,0,1927-01,0.000011758999220225215,103.99998777064224,95.61132233040841,59.44566035772857,4.565170287163495,0.7617514288282918,1,35.84456227697854,35.69309451728951,false
current,R6,0,1927-02,0.000008231299454157649,103.99999143944925,95.99251014681931,59.611961897640015,4.425630604527622,0.7805661165204207,1,35.77075775990876,35.666183102172354,false
current,R6,0,1927-03,0.000005761909617910354,103.99999400761433,96.37761228465524,59.72837308140902,4.285217828534554,0.7996255073409657,1,35.69830917984802,35.637346278381685,false
current,R6,0,1927-04,0.000004033336732537247,103.99999580532996,96.76594230737435,59.80986098412902,4.144193886635836,0.818880614232762,1,35.627133690283905,35.606273580657074,false
current,R6,0,1927-05,0.000002823335712776073,103.99999706373092,97.15701981293724,59.86690256789021,4.002742128214235,0.8382971153687173,1,35.55717044339145,35.57294831433179,false
current,R6,0,1927-06,0.000001976334998943251,103.99999794461162,97.55050915827627,59.90683171282306,3.8609908979543652,0.8578509906468619,1,35.48837443680245,35.537358793133606,false
current,R6,0,1927-07,0.0000013834344992602755,103.99999856122813,97.65352489495757,59.93478213968609,3.8240300372171316,0.8775254579138134,1,35.38201594698513,35.499779531653296,false
current,R6,0,1927-08,9.684041494821928e-7,103.99999899285967,97.75705884226322,59.954347456277226,3.786922435012341,0.8826762447478784,1,35.276017318758115,35.46020480362108,false
current,R6,0,1927-09,6.778829046375349e-7,103.99999929500177,97.86098945858758,59.96804319034193,3.7497121136868783,0.8878529421131609,1,35.17036361001007,35.41863060064496,false
current,R6,0,1927-10,4.745180332462744e-7,103.99999950650124,97.96523161303696,59.97763021290285,3.7124298889115783,0.8930494729293792,1,35.065043997822066,35.37505411684826,false
current,R6,0,1927-11,3.3216262327239205e-7,103.99999965455085,98.06972568778914,59.98434113479645,3.675097331675635,0.8982615806518481,1,34.960050619938514,35.3294733881158,false
current,R6,0,1927-12,2.3251383629067442e-7,103.99999975818561,98.17442994247257,59.98903878439263,3.637729541685211,0.9034862843894573,1,34.855377740588594,35.281887039565845,false
current,R6,0,1928-01,1.6275968540347208e-7,103.9999998307299,98.27931516394776,59.99232714209943,3.6003370887442303,0.9087214971236286,1,34.7510211503475,35.232294108780415,false
current,R6,1,1922-01,5.199999999999999,98.85931558935361,100,54.879999999999995,3,2,1,35.02281368821293,35.01320677946768,false
current,R6,1,1922-02,6.039999999999999,98.0761976612599,99.98907452471482,54.75999999999999,3.00382391634981,2,1,35.06320169316264,35.031106720259025,false
current,R6,1,1922-03,6.627999999999998,97.53535656675545,99.9700861807984,54.65079999999999,3.0104705628982824,1.9994537262357412,1,35.11581788510177,35.052020893425684,false
current,R6,1,1922-04,7.039599999999998,97.16030328962366,99.94513849837014,54.556719999999984,3.019204864511367,1.9985043090399202,1,35.17697897011584,35.07479756943025,false
current,R6,1,1922-05,7.327719999999998,96.89947760000865,99.91578783574015,54.478515999999985,3.029483235300421,1.997256924918507,1,35.24412860351019,35.09864088215306,false
current,R6,1,1922-06,7.529403999999998,96.71773127283399,99.88318887197079,54.415129599999986,3.0409024890203966,1.9957893917870073,1,35.3154836049135,35.12299808461528,false
current,R6,1,1922-07,9.770582799999998,94.7430516876148,99.84819858650013,54.364708599999986,3.0531634110564614,1.9941594435985395,1,35.426753032179235,35.159247748250294,false
current,R6,1,1922-08,11.339407959999999,93.408077073091,99.79669193569569,54.262178535999986,3.07121814618114,1.9924099293250066,1,35.56761885827976,35.20414813974113,false
current,R6,1,1922-09,12.437585572,92.49576062214805,99.73301894636569,54.14334273639999,3.093549093062485,1.9898345967847846,1,35.72886911927747,35.25478452384373,false
current,R6,1,1922-10,13.206309900399999,91.86767070801992,99.66032975825657,54.02721234831999,3.1190584139543707,1.9866509473182845,1,35.904270365563015,35.30919401257598,false
current,R6,1,1922-11,13.744416930279998,91.43305913972652,99.58094985801857,53.92285934681199,3.146936071143235,1.9830164879128283,1,36.089548011362915,35.366037233245976,false
current,R6,1,1922-12,14.121091851195999,91.13126970043977,99.49661212595282,53.833669034859994,3.176578493981238,1.9790474929009285,1,36.28174382877312,35.42439193928747,false
current,R6,1,1923-01,18.8847642958372,87.47967043211912,99.40861253951228,53.75993556886611,3.2075341763869916,1.974830606297641,1,36.547628261333614,35.505493599091885,false
current,R6,1,1923-02,22.219335007086038,85.0929192127991,99.29055128955805,53.56541196933116,3.249101437440511,1.9704306269756138,1,36.86655350760439,35.602845058837254,false
current,R6,1,1923-03,24.553534504960226,83.49823263815794,99.15077455253395,53.329208328319226,3.2983728508056847,0.9645275644779026,1,37.22122456152382,35.710972390396215,false
current,R6,1,1923-04,26.187474153472156,82.41705501887833,98.9950324680465,53.09383979467465,3.3533494556951666,0.9575387276266973,1,37.60037176359099,35.82632954648738,false
current,R6,1,1923-05,27.331231907430507,81.67674060956841,98.82747747259099,49.88006363166809,3.412589042720265,1.9497516234023253,1,37.99645674491217,36.05387883493891,false
current,R6,1,1923-06,28.131862335201355,81.16638446097755,98.60671159280503,47.59610758494475,3.490773834947216,1.9413738736295492,1,38.4122214518061,36.180561804615515,false
current,R6,1,1923-07,37.69230363464095,75.53072848280493,98.3486308985432,45.97331943940528,3.582378393635519,1.9303355796402513,1,38.94740916149415,36.34568548850693,false
current,R6,1,1923-08,26.384612544248665,82.28849850181598,98.02294509911519,47.550554498544464,3.6982824268267875,3.9174315449271604,1,39.359591208053466,36.472911904026674,false
current,R6,1,1923-09,18.469228780974063,87.78650884296312,97.77452192788563,48.99384977265366,3.7869842199043444,3.9011472549557595,1,39.64821192773299,36.56150431030464,false
current,R6,1,1923-10,12.928460146681843,92.09370238903043,97.59090119710378,50.241617977428334,3.852714283837616,4.888726096394281,1,39.83920291191902,36.61942164439959,false
current,R6,1,1923-11,9.04992210267729,95.36916486934994,97.45951836191138,51.28127877979937,3.899833422766832,1.8795450598551888,1,39.95537918399663,36.65365135625105,false
current,R6,1,1923-12,6.334945471874102,97.80415980700182,97.36904912813921,52.12539748277924,3.932323047538705,1.872975918095569,1,40.015540800242526,36.66993868420944,false
current,R6,1,1924-01,4.434461830311871,99.5839861452843,97.30995998135037,52.79772987378925,3.953563063294509,1.8684524564069604,1,40.03448108521474,36.67279397691279,false
current,R6,1,1924-02,3.104123281218309,100.86890484131091,97.2745759753486,53.325377056743115,3.9662898202503194,1.8654979990675187,1,40.014777318453326,36.662904050513795,false
current,R6,1,1924-03,2.172886296852816,101.7882569137165,97.25690302784012,53.73464024128363,3.9726486571467476,1.8637287987674298,1,39.964309029490046,36.642653530894215,false
current,R6,1,1924-04,1.5210204077969713,102.44183872684225,97.25235690847751,54.04906157999295,3.974284676521602,1.8628451513920061,1,39.89187187737221,36.61473723587745,false
current,R6,1,1924-05,1.06471428545788,102.90436255155421,97.2574827237945,54.28871249376115,3.972439954791481,1.8626178454238755,1,39.804991981376595,36.581400235700414,false
current,R6,1,1924-06,0.7452999998205159,103.23062217312894,97.26970369819657,54.47015731706907,3.968041999054883,1.8628741361897247,1,39.708707681918895,36.54414744504316,false
current,R6,1,1924-07,0.5217099998743611,103.46023759457532,97.28711238500354,54.60675112195373,3.9617779310555097,1.8634851849098282,1,39.60585596830572,36.503853250226804,false
current,R6,1,1924-08,0.36519699991205273,103.62157710913587,97.30830459973384,54.709074485371374,3.9541538224004418,1.864355619250177,1,39.49843514466228,36.46113361096794,false
current,R6,1,1924-09,0.2556378999384369,103.73481449871045,97.33225094172224,54.7853962297626,3.9455407654466614,1.8654152299866922,1,39.38784856730149,36.4227812319379,false
current,R6,1,1924-10,0.1789465299569058,103.81422804131849,97.3581991936803,54.84210822383566,3.9362099546440183,1.866612547086112,1,39.27507965165224,36.3890994879427,false
current,R6,1,1924-11,0.12526257096983406,103.8698899054409,97.38560109470441,54.884107360786246,3.9263590479531896,1.8679099596840154,1,39.16081644998419,36.36030078569322,false
current,R6,1,1924-12,0.08768379967888384,103.90888873815027,97.41405787792351,54.915117275421274,3.9161317925738275,1.8692800547352206,1,39.04553979937194,36.33512467055162,false
current,R6,1,1925-01,0.06137865977521869,103.93620535013484,97.4432800194289,54.93795157880452,3.905632538411045,1.8707028938961756,1,38.92958542949203,36.313276619429615,false
current,R6,1,1925-02,0.04296506184265308,103.9553355258026,97.47305762998846,54.9547247453699,3.8949369176419437,1.8721640009714449,1,38.81318759165572,36.294830638985474,false
current,R6,1,1925-03,0.030075543289857152,103.96873083934848,97.50323875417509,54.96701836990365,3.8840996732565043,1.873652881499423,1,38.696509641095524,36.275598468749145,false
current,R6,1,1925-04,0.021052880302900007,103.97810961304194,97.53371351065842,54.976010592633855,3.873160380464334,1.8751619377087543,1,38.57966544050532,36.25561627238702,false
current,R6,1,1925-05,0.014737016212030003,103.98467576147497,97.56440252852562,54.982575828434605,3.862147617936489,1.8766856755329209,1,38.46273432242901,36.23490932253787,false
current,R6,1,1925-06,0.010315911348421001,103.98927255883096,97.20499092237333,51.387360969417855,3.991082002705077,1.878220126426281,1,38.40752333804837,36.23503878557931,false
current,R6,1,1925-07,0.0072211379438947,103.99249055880544,96.79451815328724,48.87084320125204,4.138878394450907,-0.13975045388133367,1,38.36164681715712,36.23845566471302,false
current,R6,1,1925-08,0.0050547965607262895,103.99474327729348,96.34926585981067,47.10937360673812,4.299877494079678,-0.16027409233563783,1,38.322304068652706,36.24459572612505,false
current,R6,1,1925-09,0.0035383575925084024,103.99632023830691,95.88062163391196,47.37640988081986,4.470118001467881,0.8174632929905337,1,38.2875347151976,36.25306402364624,false
current,R6,1,1925-10,0.0024768503147558816,103.99742413947284,95.4181095369157,47.56338076584612,4.638952152926318,0.7940310816955978,1,38.25202906674264,36.26207929267075,false
current,R6,1,1925-11,0.001733795220329117,103.99819688423318,94.96051300882017,47.69429223058284,4.806801616315101,0.7709054768457846,1,38.21600789191004,36.271687465157406,false
current,R6,1,1925-12,0.0012136566542303817,103.99873781239822,94.5069815593124,47.785952547551375,4.973961630828688,0.7480256504410085,1,38.179625764794885,36.28192069681629,false
current,R6,1,1926-01,0.0008495596579612671,103.99911646546187,94.24593361001604,49.650130373586336,5.070638914079328,0.7253490779656198,1,38.10799091245635,36.28112137510355,false
current,R6,1,1926-02,0.000594691760572887,103.99938152424701,94.01196326134323,50.955065774720694,5.1575282035147065,0.712296680500802,1,38.03145411144663,36.27899114568292,false
current,R6,1,1926-03,0.00041628423240102085,103.99956706620053,93.79697768036736,51.86852820155167,5.237565839929531,0.7005981630671614,1,37.95148591766802,36.27582837011168,false
current,R6,1,1926-04,0.00029139896268071455,103.9996969459619,93.59533712067594,52.507957252559194,5.312807279086024,0.6898488840183681,1,37.869115728867406,36.27184190251464,false
current,R6,1,1926-05,0.00020397927387650017,103.99978786198788,93.40310814799773,52.955561334822555,5.384691352061394,0.6797668560337968,1,37.78506412949545,36.26717794157863,false
current,R6,1,1926-06,0.0001427854917135501,103.99985150330063,93.21754580229928,53.26888681499757,5.45422524904001,0.6701554073998863,1,37.69983553288574,36.26193882698085,false
current,R6,1,1926-07,0.00009994984419948506,103.99989605226591,93.50282142857131,55.28821648693355,5.347114009052031,0.6608772901149642,1,37.609451175474994,36.244579968954014,false
current,R6,1,1926-08,0.00006996489093963954,103.9999272365643,93.81729237636823,56.70174854235815,5.2294011635492845,0.6751410714285655,1,37.522938157321974,36.226231237675144,false
current,R6,1,1926-09,0.000048975423657747675,103.99994906558433,94.15271325702271,57.69122188070398,5.1042671874395245,0.6908646188184115,1,37.4395257066268,36.20669293846267,false
current,R6,1,1926-10,0.00003428279656042337,103.99996434590379,94.50330775769369,58.38385384723007,4.973938415182192,0.7076356628511355,1,37.35865381853163,36.185825284958185,false
current,R6,1,1926-11,0.00002399795759229636,103.99997504213007,94.8650262771246,58.86869666457714,4.839973282315704,0.7251653878846844,1,37.27991599295458,36.16353042666354,false
current,R6,1,1926-12,0.00001679857031460745,103.9999825294898,95.23502857656584,59.208086945265265,4.703462694708709,0.74325131385623,1,37.20301724464775,36.139739868201715,false
current,R6,1,1927-01,0.000011758999220225215,103.99998777064224,95.61132233040841,59.44566035772857,4.565170287163495,0.7617514288282918,1,37.12774343079112,36.1144056627913,false
current,R6,1,1927-02,0.000008231299454157649,103.99999143944925,95.99251014681931,59.611961897640015,4.425630604527622,0.7805661165204207,1,37.053938913721346,36.08749424767416,false
current,R6,1,1927-03,0.000005761909617910354,103.99999400761433,96.37761228465524,59.72837308140902,4.285217828534554,0.7996255073409657,1,36.9814903336606,36.05865742388348,false
current,R6,1,1927-04,0.000004033336732537247,103.99999580532996,96.76594230737435,59.80986098412902,4.144193886635836,0.818880614232762,1,36.91031484409648,36.02758472615888,false
current,R6,1,1927-05,0.000002823335712776073,103.99999706373092,97.15701981293724,59.86690256789021,4.002742128214235,0.8382971153687173,1,36.84035159720402,35.994259459833586,false
current,R6,1,1927-06,0.000001976334998943251,103.99999794461162,97.55050915827627,59.90683171282306,3.8609908979543652,0.8578509906468619,1,36.77155559061502,35.9586699386354,false
current,R6,1,1927-07,0.0000013834344992602755,103.99999856122813,97.65352489495757,59.93478213968609,3.8240300372171316,0.8775254579138134,1,36.66519710079769,35.921090677155085,false
current,R6,1,1927-08,9.684041494821928e-7,103.99999899285967,97.75705884226322,59.954347456277226,3.786922435012341,0.8826762447478784,1,36.55919847257068,35.88151594912288,false
current,R6,1,1927-09,6.778829046375349e-7,103.99999929500177,97.86098945858758,59.96804319034193,3.7497121136868783,0.8878529421131609,1,36.453544763822634,35.83994174614675,false
current,R6,1,1927-10,4.745180332462744e-7,103.99999950650124,97.96523161303696,59.97763021290285,3.7124298889115783,0.8930494729293792,1,36.34822515163463,35.79636526235005,false
current,R6,1,1927-11,3.3216262327239205e-7,103.99999965455085,98.06972568778914,59.98434113479645,3.675097331675635,0.8982615806518481,1,36.243231773751084,35.7507845336176,false
current,R6,1,1927-12,2.3251383629067442e-7,103.99999975818561,98.17442994247257,59.98903878439263,3.637729541685211,0.9034862843894573,1,36.13855889440117,35.70319818506764,false
current,R6,1,1928-01,1.6275968540347208e-7,103.9999998307299,98.27931516394776,59.99232714209943,3.6003370887442303,0.9087214971236286,1,36.03420230416007,35.65360525428221,false
draft_2,R0,0,1922-01,5.199999999999999,98.85931558935361,100,54.879999999999995,3,2,1,35.02281368821293,35.01320677946768,false
draft_2,R0,0,1922-02,6.039999999999999,98.0761976612599,99.98907452471482,54.75999999999999,3.00382391634981,2,1,35.06128973498773,35.030478960658264,false
draft_2,R0,0,1922-03,6.627999999999998,97.53535656675545,99.9700861807984,54.65079999999999,3.0104705628982824,1.9994537262357412,1,35.110582603652624,35.05030197601655,false
draft_2,R0,0,1922-04,7.039599999999998,97.16030328962366,99.94513849837014,54.556719999999984,3.019204864511367,1.9985043090399202,1,35.16737653786015,35.071644770839626,false
draft_2,R0,0,1922-05,7.327719999999998,96.89947760000865,99.91578783574015,54.478515999999985,3.029483235300421,1.997256924918507,1,35.229386985859975,35.093800717691245,false
draft_2,R0,0,1922-06,7.529403999999998,96.71773127283399,99.88318887197079,54.415129599999986,3.0409024890203966,1.9957893917870073,1,35.2950323604033,35.11628325933444,false
draft_2,R0,0,1922-07,9.770582799999998,94.7430516876148,99.84819858650013,54.364708599999986,3.0531634110564614,1.9941594435985395,1,35.400171326651,35.15052008826852,false
draft_2,R0,0,1922-08,11.339407959999999,93.408077073091,99.79669193569569,54.262178535999986,3.07121814618114,1.9924099293250066,1,35.53200978518918,35.192456494076396,false
draft_2,R0,0,1922-09,12.437585572,92.49576062214805,99.73301894636569,54.14334273639999,3.093549093062485,1.9898345967847846,1,35.68209457274622,35.23942688106597,false
draft_2,R0,0,1922-10,13.206309900399999,91.86767070801992,99.66032975825657,54.02721234831999,3.1190584139543707,1.9866509473182845,1,35.844741158585826,35.28964858961847,false
draft_2,R0,0,1922-11,13.744416930279998,91.43305913972652,99.58094985801857,53.92285934681199,3.146936071143235,1.9830164879128283,1,36.01607997579129,35.3419152282333,false
draft_2,R0,0,1922-12,14.121091851195999,91.13126970043977,99.49661212595282,53.833669034859994,3.176578493981238,1.9790474929009285,1,36.1934545817825,35.39540363652554,false
draft_2,R0,0,1923-01,18.8847642958372,87.47967043211912,99.40861253951228,53.75993556886611,3.2075341763869916,1.974830606297641,1,36.443861173140114,35.47142340513502,false
draft_2,R0,0,1923-02,22.219335007086038,85.0929192127991,99.29055128955805,53.56541196933116,3.249101437440511,1.9704306269756138,1,36.74200278888413,35.561950906190766,false
draft_2,R0,0,1923-03,24.553534504960226,83.49823263815794,99.15077455253395,53.329208328319226,3.2983728508056847,0.9645275644779026,1,37.07203813612097,35.66198951405561,false
draft_2,R0,0,1923-04,26.187474153472156,82.41705501887833,98.9950324680465,53.09383979467465,3.3533494556951666,0.9575387276266973,1,37.42369703574341,35.768321344177416,false
draft_2,R0,0,1923-05,27.331231907430507,81.67674060956841,98.82747747259099,52.88006363166809,3.412589042720265,0.9497516234023251,1,37.79016222355204,35.87882612158424,false
draft_2,R0,0,1923-06,28.131862335201355,81.16638446097755,98.65118395766771,52.69610758494474,3.475023834947216,0.9413738736295492,1,38.16683453433249,35.99208463445379,false
draft_2,R0,0,1923-07,37.69230363464095,75.53072848280493,98.46845502280902,52.54331943940527,3.5398533936355188,0.9325591978833856,1,38.65621996467639,36.14059501649786,false
draft_2,R0,0,1923-08,44.38461254424867,72.0298362598215,98.23941308296952,52.14955449854446,3.6212649268267874,0.9234227511404511,1,39.21562323947996,36.310833123428075,false
draft_2,R0,0,1923-09,49.069228780974065,69.76624273867156,97.97758737143275,51.67314977265366,3.714546224181929,-0.088029345851524,1,39.820298384706525,36.495016280584665,false
draft_2,R0,0,1923-10,70.34846014668184,61.051329674743634,97.69171541011845,51.19912797742833,3.816666708207217,-0.10112063142836258,1,48.599271791211656,39.26037144703369,true
draft_2,R0,0,1923-11,85.24392210267729,56.14219285551228,97.33162136056615,50.22893577979937,3.945677563236436,-1.1154142294940776,1,49.47642793410141,39.53001352364966,true
draft_2,R0,0,1923-12,95.6707454718741,53.15051043997227,96.92046492984566,49.10293738277924,4.093527510397055,-1.1334189319716927,1,50.41341772530196,39.81836711263556,true
draft_2,R0,0,1924-01,102.96952183031186,51.239220086918706,96.47147907746773,48.00193380378924,4.255665659905542,-1.1539767535077168,1,51.38863332356359,40.11878238508549,true
draft_2,R0,0,1924-02,108.07866528121829,49.98109722563053,95.9938900432383,47.01226800774311,4.428935691192276,-1.1764260461266134,1,52.38901137905098,40.42731808676343,true
draft_2,R0,0,1924-03,111.6550656968528,49.136551330624,95.49489846308141,46.16622764698363,4.610871284151624,-1.2003054978380852,1,53.4062803524385,40.741534554621616,true
draft_2,R0,0,1924-04,114.15854598779696,48.56215264270896,94.9863818401445,45.46670738198296,4.79724858900496,-1.2252550768459294,1,54.43503729958432,41.059879295075255,true
draft_2,R0,0,1924-05,115.91098219145786,48.16799911909001,94.4706063668626,44.90193878775416,4.98729837524955,-1.2506809079927748,1,55.47167731720252,41.3813430342958,true
draft_2,R0,0,1924-06,117.1376875340205,47.89587711884681,93.94962844651756,44.454027685684174,5.180313196613841,-1.2764696816568701,1,56.51375977482559,41.70526050971127,true
draft_2,R0,0,1924-07,117.99638127381435,47.707213941946506,93.42521140565091,44.1036887539583,5.375679551263999,-1.3025185776741217,1,57.559615495986655,42.031189016407616,true
draft_2,R0,0,1924-08,118.59746689167004,47.57603163422708,92.89881203277282,43.83269068955638,5.572885185305718,-1.3287394297174544,1,58.608094863302114,42.35883202449062,true
draft_2,R0,0,1924-09,119.01822682416902,47.48463244727696,92.37160231936032,43.62495947593936,5.771513559185546,-1.3550593983613588,1,59.65840221435658,42.694350037847194,true
draft_2,R0,0,1924-10,119.31275877691832,47.4208616862949,91.8445063021346,43.46692482843248,5.971232521936865,-1.381419884031984,1,60.70998498063068,43.03598121555762,true
draft_2,R0,0,1924-11,119.51893114384282,47.376323972647526,91.31824083763436,43.34746461659519,6.171781166587595,-1.4077746848932697,1,61.762458501177726,43.38272630847319,true
draft_2,R0,0,1924-12,119.66325180068996,47.34519731792177,90.7933545194072,43.25765729730135,6.37295697735047,-1.434087958118282,1,62.81555455481929,43.73451615767205,true
draft_2,R0,0,1925-01,119.76427626048297,47.3234329844995,90.2702620987454,43.190462554090246,6.574604276539638,-1.4603322740296398,1,63.86908589512931,44.09130337944344,true
draft_2,R0,0,1925-02,119.83499338233807,47.30820985316142,89.74927354427435,43.14039550004868,6.776604348130665,-1.4864868950627297,1,64.92292169806608,44.45305549150664,true
draft_2,R0,0,1925-03,119.88449536763665,47.29755948736488,89.23061781683829,43.10322704856394,6.9788672717554086,-1.5125363227862827,1,65.97697050831879,44.815510220672415,true
draft_2,R0,0,1925-04,119.91914675734564,47.290107084105564,88.71446188549844,43.075724072965656,7.181325329750448,-1.5384691091580855,1,67.03116836663668,45.17865229300153,true
draft_2,R0,0,1925-05,119.94340273014194,47.284891799006175,88.20092567962028,43.05543244835559,7.383927778367378,-1.564276905725078,1,68.08547053065655,45.54247123504713,true
draft_2,R0,0,1925-06,119.96038191109935,47.28124178381967,87.33728998694865,39.44050063194465,7.726636758013511,-1.5899537160189858,1,69.13984569498015,45.9067969719142,true
draft_2,R0,0,1925-07,119.97226733776954,47.27868710845582,86.43475299079911,36.90953898502828,8.0883241296958,-1.6331355006525676,1,70.19427195281104,46.27206046117451,true
draft_2,R0,0,1925-08,119.98058713643867,47.27689899995405,85.50872828747491,35.137509269386705,8.463299050024402,-1.6782623504600445,1,71.24873397281195,46.63856344709049,true
draft_2,R0,0,1925-09,119.98641099550707,47.27564740447721,84.56989601272564,33.89683887447753,8.847577126360122,-1.7245635856262544,1,72.3032210247224,47.00651720412735,true
draft_2,R0,0,1925-10,119.99048769685494,47.27477132707263,83.62563302333504,33.028194882269055,9.238368722269115,-1.7715051993637183,1,73.35772559818095,47.376069662685005,true
draft_2,R0,0,1925-11,119.99334138779845,47.2741580922086,82.68101704240303,32.42002178668269,9.633720699137202,-1.818718348833248,1,74.41224243633678,47.74732440124587,true
draft_2,R0,0,1925-12,119.9953389714589,47.27372883726979,81.73952857154295,31.994215009043927,10.032265584757118,-1.8659491478798487,1,75.46676785959139,48.12035394399057,true
draft_2,R0,0,1926-01,119.99673728002124,47.27342836345086,80.96701909717683,33.49609033718698,10.363045955959638,-1.9130235714228525,1,76.52129929232237,48.495290554555304,true
draft_2,R0,0,1926-02,119.99771609601486,47.27321803405027,80.22005086294382,34.547361117630246,10.685941481689406,-1.9516490451411586,1,77.57583493164137,48.8719518311214,true
draft_2,R0,0,1926-03,119.9984012672104,47.27307080458346,79.49262379805239,35.28322129946072,11.003317835821848,-1.9889974568528088,1,78.63037351554969,49.25021009907872,true
draft_2,R0,0,1926-04,119.99888088704728,47.272967744502346,78.78056728450136,35.79830287160619,11.31683092399968,-2.0253688100973806,0.5,79.68491416065963,49.6299759907966,true
draft_2,R0,0,1926-05,119.99921662093308,47.27289560271296,78.08097579190434,36.158845583512914,11.627639833923748,-2.060971635774932,0.5,80.73945624860538,50.01118695211803,true
draft_2,R0,0,1926-06,119.99945163465316,47.272845103591386,77.39181957887013,36.411215409831044,11.936555894610306,-2.0959512104047833,0.5,81.79399934653355,50.39379919734596,true
draft_2,R0,0,1926-07,119.9996161442572,47.27280975427048,77.09863477981233,38.38786723784214,12.069147013708694,-2.1304090210564937,0.5,82.84854315144814,50.77798579299474,true
draft_2,R0,0,1926-08,119.99973130098003,47.27278500977731,76.82942023152101,39.771518582161775,12.191360710710022,-2.1450682610093836,0.5,83.90308745125259,51.16350732741841,true
draft_2,R0,0,1926-09,119.99981191068602,47.272767688647484,76.57709150153865,40.740071068483836,12.306310238153673,-2.1585289884239494,0.5,84.95763209747963,51.55019621315898,true
draft_2,R0,0,1926-10,119.99986833748021,47.27275556386417,76.33671682764799,41.4180553906181,12.416174865044132,-2.1711454249230675,0.5,86.01217698620236,51.937935139471556,true
draft_2,R0,0,1926-11,119.99990783623615,47.27274707651955,76.10485995187805,41.892642723308256,12.522480074243386,-2.1831641586176005,0.5,87.06672204467196,52.326641989162646,true
draft_2,R0,0,1926-12,119.9999354853653,47.27274113538012,75.8791250534439,42.22485267122869,12.626293699946018,-2.194757002406097,0.5,88.12126722196436,52.71625928042395,true
draft_2,R0,0,1927-01,119.9999548397557,47.27273697658343,75.65784087813006,42.45739880529912,12.728363223422068,-2.206043747327805,0.5,89.17581248243269,53.106746776147396,true
draft_2,R0,0,1927-02,119.99996838782899,47.272734065426164,75.43984111844395,42.62018051851671,12.829211879694247,-2.217107956093497,0.5,90.23035780112417,53.498076310467205,true
draft_2,R0,0,1927-03,119.99997787148028,47.2727320276163,75.22431153511178,42.73412731132683,12.929205931972035,-2.2280079440778024,0.5,91.28490316057184,53.89022816735392,true
draft_2,R0,0,1927-04,119.9999845100362,47.2727306011495,75.01068344931925,42.81388978178437,13.02860176358757,-2.238784423244411,0.5,92.33944854854886,54.28318854564042,true
draft_2,R0,0,1927-05,119.99998915702534,47.27272960262279,74.79855949746135,42.86972331194797,13.127578842233202,-2.2494658275340376,0.5,93.3939939564964,54.67694778454705,true
draft_2,R0,0,1927-06,119.99999240991774,47.272728903654105,74.5876618545781,42.90880664365282,13.226262794845475,-2.260072025126932,0.5,94.44853937842332,55.07149912155423,true
draft_2,R0,0,1927-07,119.99999468694242,47.27272841437605,74.15403313093756,42.93616487825943,13.429741559966297,-2.270616907271095,0.5,95.5030848101358,55.4667155933789,true
draft_2,R0,0,1927-08,119.99999628085969,47.27272807188142,73.72322969401826,42.955315574173326,13.633076694355434,-2.2922983434531217,0.5,96.55763024869817,55.862593886407275,true
draft_2,R0,0,1927-09,119.99999739660178,47.27272783213517,73.29514081976461,42.96872101349554,13.836311287591025,-2.313838515299087,0.5,97.61217569205546,56.25913168111939,true
draft_2,R0,0,1927-10,119.99999817762125,47.27272766431281,72.86968511335189,42.97810478754882,14.039475502270173,-2.3352429590117696,0.5,98.66672113876922,56.65632735385801,true
draft_2,R0,0,1927-11,119.99999872433487,47.27272754683715,72.44680161510892,42.98467340595553,14.242590452135541,-2.3565157443324054,0.5,99.72126658783247,57.05417976806779,true
draft_2,R0,0,1927-12,119.99999910703441,47.27272746460419,72.02644361133356,42.989271422438826,14.445670916754274,-2.3776599192445538,0.5,100,57.234759903912476,true
draft_2,R0,0,1928-01,119.99999937492409,47.2727274070411,71.60857432719482,42.99249002249614,14.648727241786471,-2.398677819433322,0.5,100,57.33840133781923,true
draft_2,R0,1,1922-01,5.199999999999999,98.85931558935361,100,54.879999999999995,3,2,1,35.02281368821293,35.01320677946768,false
draft_2,R0,1,1922-02,6.039999999999999,98.0761976612599,99.98907452471482,54.75999999999999,3.00382391634981,2,1,35.06320169316264,35.031106720259025,false
draft_2,R0,1,1922-03,6.627999999999998,97.53535656675545,99.9700861807984,54.65079999999999,3.0104705628982824,1.9994537262357412,1,35.11581788510177,35.052020893425684,false
draft_2,R0,1,1922-04,7.039599999999998,97.16030328962366,99.94513849837014,54.556719999999984,3.019204864511367,1.9985043090399202,1,35.17697897011584,35.07479756943025,false
draft_2,R0,1,1922-05,7.327719999999998,96.89947760000865,99.91578783574015,54.478515999999985,3.029483235300421,1.997256924918507,1,35.24412860351019,35.09864088215306,false
draft_2,R0,1,1922-06,7.529403999999998,96.71773127283399,99.88318887197079,54.415129599999986,3.0409024890203966,1.9957893917870073,1,35.3154836049135,35.12299808461528,false
draft_2,R0,1,1922-07,9.770582799999998,94.7430516876148,99.84819858650013,54.364708599999986,3.0531634110564614,1.9941594435985395,1,35.426753032179235,35.159247748250294,false
draft_2,R0,1,1922-08,11.339407959999999,93.408077073091,99.79669193569569,54.262178535999986,3.07121814618114,1.9924099293250066,1,35.56761885827976,35.20414813974113,false
draft_2,R0,1,1922-09,12.437585572,92.49576062214805,99.73301894636569,54.14334273639999,3.093549093062485,1.9898345967847846,1,35.72886911927747,35.25478452384373,false
draft_2,R0,1,1922-10,13.206309900399999,91.86767070801992,99.66032975825657,54.02721234831999,3.1190584139543707,1.9866509473182845,1,35.904270365563015,35.30919401257598,false
draft_2,R0,1,1922-11,13.744416930279998,91.43305913972652,99.58094985801857,53.92285934681199,3.146936071143235,1.9830164879128283,1,36.089548011362915,35.366037233245976,false
draft_2,R0,1,1922-12,14.121091851195999,91.13126970043977,99.49661212595282,53.833669034859994,3.176578493981238,1.9790474929009285,1,36.28174382877312,35.42439193928747,false
draft_2,R0,1,1923-01,18.8847642958372,87.47967043211912,99.40861253951228,53.75993556886611,3.2075341763869916,1.974830606297641,1,36.547628261333614,35.505493599091885,false
draft_2,R0,1,1923-02,22.219335007086038,85.0929192127991,99.29055128955805,53.56541196933116,3.249101437440511,1.9704306269756138,1,36.86655350760439,35.602845058837254,false
draft_2,R0,1,1923-03,24.553534504960226,83.49823263815794,99.15077455253395,53.329208328319226,3.2983728508056847,0.9645275644779026,1,37.22122456152382,35.710972390396215,false
draft_2,R0,1,1923-04,26.187474153472156,82.41705501887833,98.9950324680465,53.09383979467465,3.3533494556951666,0.9575387276266973,1,37.60037176359099,35.82632954648738,false
draft_2,R0,1,1923-05,27.331231907430507,81.67674060956841,98.82747747259099,52.88006363166809,3.412589042720265,0.9497516234023251,1,37.99645674491217,35.94655948943082,false
draft_2,R0,1,1923-06,28.131862335201355,81.16638446097755,98.65118395766771,52.69610758494474,3.475023834947216,0.9413738736295492,1,38.4043464518061,36.07006771402429,false
draft_2,R0,1,1923-07,37.69230363464095,75.53072848280493,98.46845502280902,52.54331943940527,3.5398533936355188,0.9325591978833856,1,38.92614666149415,36.22922094861969,false
draft_2,R0,1,1923-08,44.38461254424867,72.0298362598215,98.23941308296952,52.14955449854446,3.6212649268267874,0.9234227511404511,1,39.52625570289336,36.41282411558215,false
draft_2,R0,1,1923-09,49.069228780974065,69.76624273867156,97.97758737143275,51.67314977265366,3.714546224181929,-0.088029345851524,1,40.1775714967975,36.61232095238787,false
draft_2,R0,1,1923-10,70.34846014668184,61.051329674743634,97.69171541011845,51.19912797742833,3.816666708207217,-0.10112063142836258,1,49.007605145315274,39.39444089829771,true
draft_2,R0,1,1923-11,85.24392210267729,56.14219285551228,97.33162136056615,50.22893577979937,3.945677563236436,-1.1154142294940776,1,49.94926671571964,39.685262256947645,true
draft_2,R0,1,1923-12,95.6707454718741,53.15051043997227,96.92046492984566,49.10293738277924,4.093527510397055,-1.1334189319716927,1,50.9601814805005,39.99788787892575,true
draft_2,R0,1,1924-01,102.96952183031186,51.239220086918706,96.47147907746773,48.00193380378924,4.255665659905542,-1.1539767535077168,1,52.016466153516376,40.324920830919986,true
draft_2,R0,1,1924-02,108.07866528121829,49.98109722563053,95.9938900432383,47.01226800774311,4.428935691192276,-1.1764260461266134,1,53.10347922464713,40.661901696067495,true
draft_2,R0,1,1924-03,111.6550656968528,49.136551330624,95.49489846308141,46.16622764698363,4.610871284151624,-1.2003054978380852,1,54.21171599451433,41.00598592376985,true
draft_2,R0,1,1924-04,114.15854598779696,48.56215264270896,94.9863818401445,45.46670738198296,4.79724858900496,-1.2252550768459294,1,55.33366159408682,41.354927605103576,true
draft_2,R0,1,1924-05,115.91098219145786,48.16799911909001,94.4706063668626,44.90193878775416,4.98729837524955,-1.2506809079927748,1,56.46532650482731,41.70759118423262,true
draft_2,R0,1,1924-06,117.1376875340205,47.89587711884681,93.94962844651756,44.454027685684174,5.180313196613841,-1.2764696816568701,1,57.60391637313252,42.063195259488715,true
draft_2,R0,1,1924-07,117.99638127381435,47.707213941946506,93.42521140565091,44.1036887539583,5.375679551263999,-1.3025185776741217,1,58.74745527161867,42.4211964094068,true
draft_2,R0,1,1924-08,118.59746689167004,47.57603163422708,92.89881203277282,43.83269068955638,5.572885185305718,-1.3287394297174544,1,59.89453745595499,42.78121400907832,true
draft_2,R0,1,1924-09,119.01822682416902,47.48463244727696,92.37160231936032,43.62495947593936,5.771513559185546,-1.3550593983613588,1,61.04415899394937,43.14934018048016,true
draft_2,R0,1,1924-10,119.31275877691832,47.4208616862949,91.8445063021346,43.46692482843248,5.971232521936865,-1.381419884031984,1,62.19560124159913,43.52375855457559,true
draft_2,R0,1,1924-11,119.51893114384282,47.376323972647526,91.31824083763436,43.34746461659519,6.171781166587595,-1.4077746848932697,1,63.348349084471536,43.90342704998798,true
draft_2,R0,1,1924-12,119.66325180068996,47.34519731792177,90.7933545194072,43.25765729730135,6.37295697735047,-1.434087958118282,1,64.50203304349454,44.288243261453744,true
draft_2,R0,1,1925-01,119.76427626048297,47.3234329844995,90.2702620987454,43.190462554090246,6.574604276539638,-1.4603322740296398,1,65.65638803339914,44.67813424817536,true
draft_2,R0,1,1925-02,119.83499338233807,47.30820985316142,89.74927354427435,43.14039550004868,6.776604348130665,-1.4864868950627297,1,66.81122387213142,45.073048038658094,true
draft_2,R0,1,1925-03,119.88449536763665,47.29755948736488,89.23061781683829,43.10322704856394,6.9788672717554086,-1.5125363227862827,1,67.9664041441965,45.4687075977856,true
draft_2,R0,1,1925-04,119.91914675734564,47.290107084105564,88.71446188549844,43.075724072965656,7.181325329750448,-1.5384691091580855,1,69.12183103151192,45.865086534635566,true
draft_2,R0,1,1925-05,119.94340273014194,47.284891799006175,88.20092567962028,43.05543244835559,7.383927778367378,-1.564276905725078,1,70.27743441984026,46.26216604532912,true
draft_2,R0,1,1925-06,119.96038191109935,47.28124178381967,87.33728998694865,39.44050063194465,7.726636758013511,-1.5899537160189858,1,71.50316407398694,46.682753173021425,true
draft_2,R0,1,1925-07,119.97226733776954,47.27868710845582,86.43475299079911,36.90953898502828,8.0883241296958,-1.6331355006525676,1,72.73843401765896,47.107393672466245,true
draft_2,R0,1,1925-08,119.98058713643867,47.27689899995405,85.50872828747491,35.137509269386705,8.463299050024402,-1.6782623504600445,1,73.98038349782418,47.535455041136174,true
draft_2,R0,1,1925-09,119.98641099550707,47.27564740447721,84.56989601272564,33.89683887447753,8.847577126360122,-1.7245635856262544,1,75.2270095879025,47.96649444903815,true
draft_2,R0,1,1925-10,119.99048769685494,47.27477132707263,83.62563302333504,33.028194882269055,9.238368722269115,-1.7715051993637183,1,76.47690995931555,48.400201861257536,true
draft_2,R0,1,1925-11,119.99334138779845,47.2741580922086,82.68101704240303,32.42002178668269,9.633720699137202,-1.818718348833248,1,77.72910278590543,48.8363602160209,true
draft_2,R0,1,1925-12,119.9953389714589,47.27372883726979,81.73952857154295,31.994215009043927,10.032265584757118,-1.8659491478798487,1,78.98290065196998,49.27481754415488,true
draft_2,R0,1,1926-01,119.99673728002124,47.27342836345086,80.96701909717683,33.49609033718698,10.363045955959638,-1.9130235714228525,1,80.20282227030222,49.70405726565869,true
draft_2,R0,1,1926-02,119.99771609601486,47.27321803405027,80.22005086294382,34.547361117630246,10.685941481689406,-1.9516490451411586,1,81.4188056724861,50.13372722436543,true
draft_2,R0,1,1926-03,119.9984012672104,47.27307080458346,79.49262379805239,35.28322129946072,11.003317835821848,-1.9889974568528088,1,82.63203243346065,50.56408811045949,true
draft_2,R0,1,1926-04,119.99888088704728,47.272967744502346,78.78056728450136,35.79830287160619,11.31683092399968,-2.0253688100973806,0.5,83.84332962265952,50.995322400819894,true
draft_2,R0,1,1926-05,119.99921662093308,47.27289560271296,78.08097579190434,36.158845583512914,11.627639833923748,-2.060971635774932,0.5,85.0532761655673,51.42755782485386,true
draft_2,R0,1,1926-06,119.99945163465316,47.272845103591386,77.39181957887013,36.411215409831044,11.936555894610306,-2.0959512104047833,0.5,86.26227729383875,51.8608837900445,true
draft_2,R0,1,1926-07,119.9996161442572,47.27280975427048,77.09863477981233,38.38786723784214,12.069147013708694,-2.1304090210564937,0.5,87.38311665830253,52.266837427745266,true
draft_2,R0,1,1926-08,119.99973130098003,47.27278500977731,76.82942023152101,39.771518582161775,12.191360710710022,-2.1450682610093836,0.5,88.49876780660765,52.67242237742666,true
draft_2,R0,1,1926-09,119.99981191068602,47.272767688647484,76.57709150153865,40.740071068483836,12.306310238153673,-2.1585289884239494,0.5,89.61078721655652,53.07798214392256,true
draft_2,R0,1,1926-10,119.99986833748021,47.27275556386417,76.33671682764799,41.4180553906181,12.416174865044132,-2.1711454249230675,0.5,90.72026441872447,53.483757179816315,true
draft_2,R0,1,1926-11,119.99990783623615,47.27274707651955,76.10485995187805,41.892642723308256,12.522480074243386,-2.1831641586176005,0.5,91.82796208179371,53.88991580135096,true
draft_2,R0,1,1926-12,119.9999354853653,47.27274113538012,75.8791250534439,42.22485267122869,12.626293699946018,-2.194757002406097,0.5,92.93441407193743,54.29657582949843,true
draft_2,R0,1,1927-01,119.9999548397557,47.27273697658343,75.65784087813006,42.45739880529912,12.728363223422068,-2.206043747327805,0.5,94.03999409414378,54.703819738659206,true
draft_2,R0,1,1927-02,119.99996838782899,47.272734065426164,75.43984111844395,42.62018051851671,12.829211879694247,-2.217107956093497,0.5,95.14496374097135,55.11170526071703,true
draft_2,R0,1,1927-03,119.99997787148028,47.2727320276163,75.22431153511178,42.73412731132683,12.929205931972035,-2.2280079440778024,0.5,96.2495061265579,55.520272807852685,true
draft_2,R0,1,1927-04,119.9999845100362,47.2727306011495,75.01068344931925,42.81388978178437,13.02860176358757,-2.238784423244411,0.5,97.3537494303427,55.92955066849607,true
draft_2,R0,1,1927-05,119.99998915702534,47.27272960262279,74.79855949746135,42.86972331194797,13.127578842233202,-2.2494658275340376,0.5,98.45778337761305,56.33955864448036,true
draft_2,R0,1,1927-06,119.99999240991774,47.272728903654105,74.5876618545781,42.90880664365282,13.226262794845475,-2.260072025126932,0.5,99.56167077584611,56.750310597041384,true
draft_2,R0,1,1927-07,119.99999468694242,47.27272841437605,74.15403313093756,42.93616487825943,13.429741559966297,-2.270616907271095,0.5,100,56.974860509572416,true
draft_2,R0,1,1927-08,119.99999628085969,47.27272807188142,73.72322969401826,42.955315574173326,13.633076694355434,-2.2922983434531217,0.5,100,57.07625071518533,true
draft_2,R0,1,1927-09,119.99999739660178,47.27272783213517,73.29514081976461,42.96872101349554,13.836311287591025,-2.313838515299087,0.5,100,57.179069663181366,true
draft_2,R0,1,1927-10,119.99999817762125,47.27272766431281,72.86968511335189,42.97810478754882,14.039475502270173,-2.3352429590117696,0.5,99.99999999999999,57.283316091267444,true
draft_2,R0,1,1927-11,119.99999872433487,47.27272754683715,72.44680161510892,42.98467340595553,14.242590452135541,-2.3565157443324054,0.5,100,57.388989122901414,true
draft_2,R0,1,1927-12,119.99999910703441,47.27272746460419,72.02644361133356,42.989271422438826,14.445670916754274,-2.3776599192445538,0.5,100,57.496088149442855,true
draft_2,R0,1,1928-01,119.99999937492409,47.2727274070411,71.60857432719482,42.99249002249614,14.648727241786471,-2.398677819433322,0.5,100,57.60461274829846,true
draft_2,R1,0,1922-01,5.199999999999999,98.85931558935361,100,54.879999999999995,3,2,1,35.02281368821293,35.01320677946768,false
draft_2,R1,0,1922-02,6.039999999999999,98.0761976612599,99.98907452471482,54.75999999999999,3.00382391634981,2,1,35.06128973498773,35.030478960658264,false
draft_2,R1,0,1922-03,6.627999999999998,97.53535656675545,99.9700861807984,54.65079999999999,3.0104705628982824,1.9994537262357412,1,35.110582603652624,35.05030197601655,false
draft_2,R1,0,1922-04,7.039599999999998,97.16030328962366,99.94513849837014,54.556719999999984,3.019204864511367,1.9985043090399202,1,35.16737653786015,35.071644770839626,false
draft_2,R1,0,1922-05,7.327719999999998,96.89947760000865,99.91578783574015,54.478515999999985,3.029483235300421,1.997256924918507,1,35.229386985859975,35.093800717691245,false
draft_2,R1,0,1922-06,7.529403999999998,96.71773127283399,99.88318887197079,54.415129599999986,3.0409024890203966,1.9957893917870073,1,35.2950323604033,35.11628325933444,false
draft_2,R1,0,1922-07,9.770582799999998,94.7430516876148,99.84819858650013,54.364708599999986,3.0531634110564614,1.9941594435985395,1,35.400171326651,35.15052008826852,false
draft_2,R1,0,1922-08,11.339407959999999,93.408077073091,99.79669193569569,54.262178535999986,3.07121814618114,1.9924099293250066,1,35.53200978518918,35.192456494076396,false
draft_2,R1,0,1922-09,12.437585572,92.49576062214805,99.73301894636569,54.14334273639999,3.093549093062485,1.9898345967847846,1,35.68209457274622,35.23942688106597,false
draft_2,R1,0,1922-10,13.206309900399999,91.86767070801992,99.66032975825657,54.02721234831999,3.1190584139543707,1.9866509473182845,1,35.844741158585826,35.28964858961847,false
draft_2,R1,0,1922-11,13.744416930279998,91.43305913972652,99.58094985801857,53.92285934681199,3.146936071143235,1.9830164879128283,1,36.01607997579129,35.3419152282333,false
draft_2,R1,0,1922-12,14.121091851195999,91.13126970043977,99.49661212595282,53.833669034859994,3.176578493981238,1.9790474929009285,1,36.1934545817825,35.39540363652554,false
draft_2,R1,0,1923-01,18.8847642958372,87.47967043211912,99.40861253951228,53.75993556886611,3.2075341763869916,1.974830606297641,1,36.443861173140114,35.47142340513502,false
draft_2,R1,0,1923-02,22.219335007086038,85.0929192127991,99.29055128955805,53.56541196933116,3.249101437440511,1.9704306269756138,1,36.74200278888413,35.561950906190766,false
draft_2,R1,0,1923-03,24.553534504960226,83.49823263815794,99.15077455253395,53.329208328319226,3.2983728508056847,0.9645275644779026,1,37.07203813612097,35.66198951405561,false
draft_2,R1,0,1923-04,26.187474153472156,82.41705501887833,98.9950324680465,53.09383979467465,3.3533494556951666,0.9575387276266973,1,37.42369703574341,35.768321344177416,false
draft_2,R1,0,1923-05,27.331231907430507,81.67674060956841,98.82747747259099,49.88006363166809,3.412589042720265,1.9497516234023253,1,37.79016222355204,35.98614546709233,false
draft_2,R1,0,1923-06,28.131862335201355,81.16638446097755,98.60671159280503,47.59610758494475,3.490773834947216,1.9413738736295492,1,38.16683453433249,36.09999310004501,false
draft_2,R1,0,1923-07,37.69230363464095,75.53072848280493,98.3486308985432,45.97331943940528,3.582378393635519,1.9303355796402513,1,38.65621996467639,36.250078368885106,false
draft_2,R1,0,1923-08,26.384612544248665,75.53072848280493,98.02294509911519,47.550554498544464,3.6982824268267875,3.9174315449271604,1,39.14560539502029,36.401012078082495,false
draft_2,R1,0,1923-09,18.469228780974063,75.53072848280493,97.72152860632036,48.99384977265366,3.8059059759575753,3.9011472549557595,1,39.63499082536419,36.55248756508548,false
draft_2,R1,0,1923-10,12.928460146681843,75.53072848280493,97.44219510980857,50.241617977428334,3.90595222489929,4.8860764303160185,1,48.12437625570809,39.22829453087683,true
draft_2,R1,0,1923-11,9.04992210267729,75.53072848280493,97.18189786904112,51.28127877979937,3.9994476907659373,1.8721097554904282,1,48.613761686051994,39.380049728181085,true
draft_2,R1,0,1923-12,6.334945471874102,75.53072848280493,96.93745139152627,52.12539748277924,4.087484937420137,1.8590948934520561,1,49.103147116395895,39.53162133682056,true
draft_2,R1,0,1924-01,4.434461830311871,77.53072848280493,96.70589378979608,52.79772987378925,4.171090560883692,1.8468725695763133,1,49.5525325467398,39.67025970429386,true
draft_2,R1,0,1924-02,3.104123281218309,79.53072848280493,96.50011503586774,53.325377056743115,4.2455664392944445,1.835294689489804,1,49.9619179770837,39.79584979853001,true
draft_2,R1,0,1924-03,2.172886296852816,81.53072848280493,96.31785187537906,53.73464024128363,4.311672169994689,1.8250057517933869,1,50.331303407427605,39.90830142083255,true
draft_2,R1,0,1924-04,1.5210204077969713,83.53072848280493,96.15725672064855,54.04906157999295,4.370029268976096,1.8158925937689532,1,50.66068883777151,40.007544418626246,true
draft_2,R1,0,1924-05,1.06471428545788,85.53072848280493,96.01684957863935,54.28871249376115,4.421135655929279,1.8078628360324274,1,50.95007426811541,40.093524353486735,true
draft_2,R1,0,1924-06,0.7452999998205159,87.53072848280493,95.89546173147298,54.47015731706907,4.46538387558518,1.8008424789319677,1,51.19945969845931,40.166198777183126,true
draft_2,R1,0,1924-07,0.5217099998743611,89.53072848280493,95.79218058119655,54.60675112195373,4.503079509918713,1.7947730865736489,1,51.40884512880321,40.225534137335764,true
draft_2,R1,0,1924-08,0.36519699991205273,91.53072848280493,95.70630010824738,54.709074485371374,4.534458026776602,1.7896090290598274,1,51.57823055914711,40.27150326764914,true
draft_2,R1,0,1924-09,0.2556378999384369,93.53072848280493,95.63727858623372,54.7853962297626,4.559699345976549,1.7853150054123688,1,51.70761598949101,40.31044338876662,true
draft_2,R1,0,1924-10,0.1789465299569058,95.53072848280493,95.58470368636254,54.84210822383566,4.578939976018441,1.781863929311686,1,51.79700141983491,40.3423345380639,true
draft_2,R1,0,1924-11,0.12526257096983406,97.53072848280493,95.54826436107346,54.884107360786246,4.59228286809145,1.7792351843181273,1,51.84638685017882,40.367158350108205,true
draft_2,R1,0,1924-12,0.08768379967888384,99.53072848280493,95.52772859137777,54.915117275421274,4.599805264695469,1.7774132180536732,1,51.85577228052272,40.38348809215405,true
draft_2,R1,0,1925-01,0.06137865977521869,100,95.522926017926,54.93795157880452,4.601564859247653,1.7763864295688883,1,51.85577228052272,40.4004968710698,true
draft_2,R1,0,1925-02,0.04296506184265308,100,95.5220369609139,54.9547247453699,4.60189061345893,1.7761463008962999,1,51.85577228052272,40.421118291236475,true
draft_2,R1,0,1925-03,0.030075543289857152,100,95.52138824323197,54.96701836990365,4.602128308545738,1.7761018480456947,1,51.85577228052272,40.44111001671809,true
draft_2,R1,0,1925-04,0.021052880302900007,100,95.52091567556796,54.976010592633855,4.6023014621037435,1.7760694121615983,1,51.85577228052272,40.46047033542766,true
draft_2,R1,0,1925-05,0.014737016212030003,100,95.52057195204424,54.982575828434605,4.602427406492415,1.776045783778398,1,51.85577228052272,40.479197995052004,true
draft_2,R1,0,1925-06,0.010315911348421001,100,95.138240009211,51.387360969417855,4.742518883393133,1.7760285976022119,1,51.85577228052272,40.497613847942056,true
draft_2,R1,0,1925-07,0.0072211379438947,100,94.70613203130044,48.87084320125204,4.90148523830369,1.75691200046055,1,51.85577228052272,40.516218586189176,true
draft_2,R1,0,1925-08,0.0050547965607262895,100,94.24023719322183,47.10937360673812,5.073663311497117,1.735306601565022,1,51.85577228052272,40.53536267578598,true
draft_2,R1,0,1925-09,0.0035383575925084024,100,93.75173406901332,45.87640988081986,5.255089100061742,1.7120118596610916,1,51.85577228052272,40.5552914299974,true
draft_2,R1,0,1925-10,0.0024768503147558816,100,93.24842427354606,45.01338076584612,5.4429879481874375,1.6875867034506662,1,51.85577228052272,40.57617655905792,true
draft_2,R1,0,1925-11,0.001733795220329117,100,92.73574510034116,44.40929223058284,5.635417699166745,1.6624212136773031,1,51.85577228052272,40.598138253796016,true
draft_2,R1,0,1925-12,0.0012136566542303817,100,92.21748154351927,43.98645254755138,5.831018914956186,1.6367872550170581,1,51.85577228052272,40.621260643356685,true
draft_2,R1,0,1926-01,0.0008495596579612671,100,91.88070033909351,45.49048037358634,5.958840039081541,1.6108740771759635,1,51.85577228052272,40.64544173170358,true
draft_2,R1,0,1926-02,0.000594691760572887,100,91.56587773994083,46.543310774720695,6.0787650171202126,1.5940350169546753,1,51.85577228052272,40.670472058521476,true
draft_2,R1,0,1926-03,0.00041628423240102085,100,91.26659435870796,47.28029970155167,6.193162635552929,1.5782938869970415,1,51.85577228052272,40.696205000068524,true
draft_2,R1,0,1926-04,0.00029139896268071455,100,90.97837855663415,47.79619730255919,6.303691062119782,1.5633297179353982,1,51.85577228052272,40.7225379186606,true
draft_2,R1,0,1926-05,0.00020397927387650017,100,90.69811325619263,48.157329369822556,6.411511026281346,1.5489189278317077,1,51.85577228052272,40.74939896717343,true
draft_2,R1,0,1926-06,0.0001427854917135501,100,90.42362443231164,48.41012443949757,6.517435047089777,1.5349056628096314,1,51.85577228052272,40.77673785209823,true
draft_2,R1,0,1926-07,0.00009994984419948506,100,90.60551324069779,50.38708282408355,6.447031893782415,1.521181221615582,1,51.86691927952926,40.80411715928031,true
draft_2,R1,0,1926-08,0.00006996489093963954,100,90.81463642118077,51.77095497836316,6.366249708955976,1.5302756620348894,1,51.88029287125419,40.83126156513904,true
draft_2,R1,0,1926-09,0.000048975423657747675,100,91.04309364800018,52.73966638590748,6.27820219531957,1.5407318210590382,1,51.89550060874475,40.85797834298901,true
draft_2,R1,0,1926-10,0.00003428279656042337,100,91.28535476420863,53.41776500087252,6.185068946793556,1.552154682400009,1,51.91225061136167,40.884132584025174,true
draft_2,R1,0,1926-11,0.00002399795759229636,100,91.5375455960189,53.892434472126865,6.0883756805389755,1.5642677382104317,1,51.930326465050044,40.90962985199628,true
draft_2,R1,0,1926-12,0.00001679857031460745,100,91.79695065830572,54.22470341055008,5.989190399560309,1.5768772798009452,1,51.949568072170244,40.93440404146508,true
draft_2,R1,0,1927-01,0.000011758999220225215,100,92.06166603086554,54.45729188342794,5.888260706654921,1.589847532915286,1,51.969857166914956,40.958408878582546,true
draft_2,R1,0,1927-02,0.000008231299454157649,100,92.33035663695112,54.62010396562958,5.786109924266924,1.6030833015432768,1,51.99110643514072,40.98161197162423,true
draft_2,R1,0,1927-03,0.000005761909617910354,100,92.60208631641122,54.73407252900172,5.683104378447369,1.6165178318475562,1,52.013251387655785,41.00399064636203,true
draft_2,R1,0,1927-04,0.000004033336732537247,100,92.87619875956696,54.81385059744391,5.57950049767011,1.6301043158205608,1,52.03624431859979,41.025529030821474,true
draft_2,R1,0,1927-05,0.000002823335712776073,100,93.15223402850904,54.869695297210626,5.475477782033529,1.643809937978348,1,52.06004983179806,41.04621601461015,true
draft_2,R1,0,1927-06,0.000001976334998943251,100,93.42987000446917,54.90878662334737,5.371161881723173,1.657611701425452,1,52.08464153950385,41.06604382044615,true
draft_2,R1,0,1927-07,0.0000013834344992602755,100,93.42859169638066,54.93615057705311,5.3716407519506,1.6714935002234583,1,52.08464153950385,41.08524832922707,true
draft_2,R1,0,1927-08,9.684041494821928e-7,100,93.42769689213068,54.95530536243414,5.371975961421071,1.6714295848190333,1,52.08464153950385,41.10382573007767,true
draft_2,R1,0,1927-09,6.778829046375349e-7,100,93.427070534573,54.96871372465177,5.372210608268292,1.6713848446065342,1,52.08464153950385,41.12177335538286,true
draft_2,R1,0,1927-10,4.745180332462744e-7,100,93.42663208681495,54.978099586919754,5.37237486121387,1.6713535267286503,1,52.08464153950385,41.13908933781028,true
draft_2,R1,0,1927-11,3.3216262327239205e-7,100,93.42632517453964,54.98466969660828,5.372489838382541,1.6713316043407473,1,52.08464153950385,41.15577237022611,true
draft_2,R1,0,1927-12,2.3251383629067442e-7,100,93.42611033645318,54.98926877766091,5.372570322475347,1.671316258726982,1,52.08464153950385,41.1718215376358,true
draft_2,R1,0,1928-01,1.6275968540347208e-7,100,93.42595994999884,54.99248813738721,5.372626661392627,1.671305516822659,1,52.08464153950385,41.18723619954258,true
draft_2,R1,1,1922-01,5.199999999999999,98.85931558935361,100,54.879999999999995,3,2,1,35.02281368821293,35.01320677946768,false
draft_2,R1,1,1922-02,6.039999999999999,98.0761976612599,99.98907452471482,54.75999999999999,3.00382391634981,2,1,35.06320169316264,35.031106720259025,false
draft_2,R1,1,1922-03,6.627999999999998,97.53535656675545,99.9700861807984,54.65079999999999,3.0104705628982824,1.9994537262357412,1,35.11581788510177,35.052020893425684,false
draft_2,R1,1,1922-04,7.039599999999998,97.16030328962366,99.94513849837014,54.556719999999984,3.019204864511367,1.9985043090399202,1,35.17697897011584,35.07479756943025,false
draft_2,R1,1,1922-05,7.327719999999998,96.89947760000865,99.91578783574015,54.478515999999985,3.029483235300421,1.997256924918507,1,35.24412860351019,35.09864088215306,false
draft_2,R1,1,1922-06,7.529403999999998,96.71773127283399,99.88318887197079,54.415129599999986,3.0409024890203966,1.9957893917870073,1,35.3154836049135,35.12299808461528,false
draft_2,R1,1,1922-07,9.770582799999998,94.7430516876148,99.84819858650013,54.364708599999986,3.0531634110564614,1.9941594435985395,1,35.426753032179235,35.159247748250294,false
draft_2,R1,1,1922-08,11.339407959999999,93.408077073091,99.79669193569569,54.262178535999986,3.07121814618114,1.9924099293250066,1,35.56761885827976,35.20414813974113,false
draft_2,R1,1,1922-09,12.437585572,92.49576062214805,99.73301894636569,54.14334273639999,3.093549093062485,1.9898345967847846,1,35.72886911927747,35.25478452384373,false
draft_2,R1,1,1922-10,13.206309900399999,91.86767070801992,99.66032975825657,54.02721234831999,3.1190584139543707,1.9866509473182845,1,35.904270365563015,35.30919401257598,false
draft_2,R1,1,1922-11,13.744416930279998,91.43305913972652,99.58094985801857,53.92285934681199,3.146936071143235,1.9830164879128283,1,36.089548011362915,35.366037233245976,false
draft_2,R1,1,1922-12,14.121091851195999,91.13126970043977,99.49661212595282,53.833669034859994,3.176578493981238,1.9790474929009285,1,36.28174382877312,35.42439193928747,false
draft_2,R1,1,1923-01,18.8847642958372,87.47967043211912,99.40861253951228,53.75993556886611,3.2075341763869916,1.974830606297641,1,36.547628261333614,35.505493599091885,false
draft_2,R1,1,1923-02,22.219335007086038,85.0929192127991,99.29055128955805,53.56541196933116,3.249101437440511,1.9704306269756138,1,36.86655350760439,35.602845058837254,false
draft_2,R1,1,1923-03,24.553534504960226,83.49823263815794,99.15077455253395,53.329208328319226,3.2983728508056847,0.9645275644779026,1,37.22122456152382,35.710972390396215,false
draft_2,R1,1,1923-04,26.187474153472156,82.41705501887833,98.9950324680465,53.09383979467465,3.3533494556951666,0.9575387276266973,1,37.60037176359099,35.82632954648738,false
draft_2,R1,1,1923-05,27.331231907430507,81.67674060956841,98.82747747259099,49.88006363166809,3.412589042720265,1.9497516234023253,1,37.99645674491217,36.05387883493891,false
draft_2,R1,1,1923-06,28.131862335201355,81.16638446097755,98.60671159280503,47.59610758494475,3.490773834947216,1.9413738736295492,1,38.4122214518061,36.180561804615515,false
draft_2,R1,1,1923-07,37.69230363464095,75.53072848280493,98.3486308985432,45.97331943940528,3.582378393635519,1.9303355796402513,1,38.94740916149415,36.34568548850693,false
draft_2,R1,1,1923-08,26.384612544248665,75.53072848280493,98.02294509911519,47.550554498544464,3.6982824268267875,3.9174315449271604,1,39.49474660843369,36.51564677648656,false
draft_2,R1,1,1923-09,18.469228780974063,75.53072848280493,97.72152860632036,48.99384977265366,3.8059059759575753,3.9011472549557595,1,40.037943813342984,36.68479046280519,false
draft_2,R1,1,1923-10,12.928460146681843,75.53072848280493,97.44219510980857,50.241617977428334,3.90595222489929,4.8860764303160185,1,48.57735236815774,39.37702168779779,true
draft_2,R1,1,1923-11,9.04992210267729,75.53072848280493,97.18189786904112,51.28127877979937,3.9994476907659373,1.8721097554904282,1,49.11348553143497,39.54412572408183,true
draft_2,R1,1,1923-12,6.334945471874102,75.53072848280493,96.93745139152627,52.12539748277924,4.087484937420137,1.8590948934520561,1,49.64688958510597,39.71015011404703,true
draft_2,R1,1,1924-01,4.434461830311871,77.53072848280493,96.70589378979608,52.79772987378925,4.171090560883692,1.8468725695763133,1,50.13807782718165,39.86251373803894,true
draft_2,R1,1,1924-02,3.104123281218309,79.53072848280493,96.50011503586774,53.325377056743115,4.2455664392944445,1.835294689489804,1,50.584701196730926,40.00033028898084,true
draft_2,R1,1,1924-03,2.172886296852816,81.53072848280493,96.31785187537906,53.73464024128363,4.311672169994689,1.8250057517933869,1,50.98713949242495,40.12363426874001,true
draft_2,R1,1,1924-04,1.5210204077969713,83.53072848280493,96.15725672064855,54.04906157999295,4.370029268976096,1.8158925937689532,1,51.34570347225956,40.23245755694982,true
draft_2,R1,1,1924-05,1.06471428545788,85.53072848280493,96.01684957863935,54.28871249376115,4.421135655929279,1.8078628360324274,1,51.660642096080046,40.32682745700179,true
draft_2,R1,1,1924-06,0.7452999998205159,87.53072848280493,95.89546173147298,54.47015731706907,4.46538387558518,1.8008424789319677,1,51.932151636251895,40.40676596342502,true
draft_2,R1,1,1924-07,0.5217099998743611,89.53072848280493,95.79218058119655,54.60675112195373,4.503079509918713,1.7947730865736489,1,52.16038488376256,40.47228969021409,true
draft_2,R1,1,1924-08,0.36519699991205273,91.53072848280493,95.70630010824738,54.709074485371374,4.534458026776602,1.7896090290598274,1,52.345459572535404,40.52341012704496,true
draft_2,R1,1,1924-09,0.2556378999384369,93.53072848280493,95.63727858623372,54.7853962297626,4.559699345976549,1.7853150054123688,1,52.48746566247928,40.56649403139777,true
draft_2,R1,1,1924-10,0.1789465299569058,95.53072848280493,95.58470368636254,54.84210822383566,4.578939976018441,1.781863929311686,1,52.58647140784413,40.6015438507936,true
draft_2,R1,1,1924-11,0.12526257096983406,97.53072848280493,95.54826436107346,54.884107360786246,4.59228286809145,1.7792351843181273,1,52.64252828422454,40.62855812095322,true
draft_2,R1,1,1924-12,0.08768379967888384,99.53072848280493,95.52772859137777,54.915117275421274,4.599805264695469,1.7774132180536732,1,52.65567491287045,40.64612278977489,true
draft_2,R1,1,1925-01,0.06137865977521869,100,95.522926017926,54.93795157880452,4.601564859247653,1.7763864295688883,1,52.656554710146544,40.66342043546295,true
draft_2,R1,1,1925-02,0.04296506184265308,100,95.5220369609139,54.9547247453699,4.60189061345893,1.7761463008962999,1,52.65671758725218,40.68409533361265,true
draft_2,R1,1,1925-03,0.030075543289857152,100,95.52138824323197,54.96701836990365,4.602128308545738,1.7761018480456947,1,52.656836434795586,40.70412608070435,true
draft_2,R1,1,1925-04,0.021052880302900007,100,95.52091567556796,54.976010592633855,4.6023014621037435,1.7760694121615983,1,52.65692301157459,40.72351482545635,true
draft_2,R1,1,1925-05,0.014737016212030003,100,95.52057195204424,54.982575828434605,4.602427406492415,1.776045783778398,1,52.65698598376893,40.74226316095118,true
draft_2,R1,1,1925-06,0.010315911348421001,100,95.138240009211,51.387360969417855,4.742518883393133,1.7760285976022119,1,52.72703172221929,40.78367736463243,true
draft_2,R1,1,1925-07,0.0072211379438947,100,94.70613203130044,48.87084320125204,4.90148523830369,1.75691200046055,1,52.80651489967457,40.828379079477365,true
draft_2,R1,1,1925-08,0.0050547965607262895,100,94.24023719322183,47.10937360673812,5.073663311497117,1.735306601565022,1,52.89260393627128,40.87578906942342,true
draft_2,R1,1,1925-09,0.0035383575925084024,100,93.75173406901332,45.87640988081986,5.255089100061742,1.7120118596610916,1,52.98331683055359,40.92550189059087,true
draft_2,R1,1,1925-10,0.0024768503147558816,100,93.24842427354606,45.01338076584612,5.4429879481874375,1.6875867034506662,1,53.07726625461644,40.97723374721868,true
draft_2,R1,1,1925-11,0.001733795220329117,100,92.73574510034116,44.40929223058284,5.635417699166745,1.6624212136773031,1,53.1734811301061,41.03078599274256,true
draft_2,R1,1,1925-12,0.0012136566542303817,100,92.21748154351927,43.98645254755138,5.831018914956186,1.6367872550170581,1,53.271281738000816,41.08601958189532,true
draft_2,R1,1,1926-01,0.0008495596579612671,100,91.88070033909351,45.49048037358634,5.958840039081541,1.6108740771759635,1,53.3351923000635,41.13118463811946,true
draft_2,R1,1,1926-02,0.000594691760572887,100,91.56587773994083,46.543310774720695,6.0787650171202126,1.5940350169546753,1,53.39515478908283,41.17590264883204,true
draft_2,R1,1,1926-03,0.00041628423240102085,100,91.26659435870796,47.28029970155167,6.193162635552929,1.5782938869970415,1,53.45235359829919,41.220415866071804,true
draft_2,R1,1,1926-04,0.00029139896268071455,100,90.97837855663415,47.79619730255919,6.303691062119782,1.5633297179353982,1,53.50761781158262,41.26489386802526,true
draft_2,R1,1,1926-05,0.00020397927387650017,100,90.69811325619263,48.157329369822556,6.411511026281346,1.5489189278317077,1,53.5615277936634,41.30945536065461,true
draft_2,R1,1,1926-06,0.0001427854917135501,100,90.42362443231164,48.41012443949757,6.517435047089777,1.5349056628096314,1,53.61448980406762,41.35418343899547,true
draft_2,R1,1,1926-07,0.00009994984419948506,100,90.60551324069779,50.38708282408355,6.447031893782415,1.521181221615582,1,53.62563680307416,41.38156274617755,true
draft_2,R1,1,1926-08,0.00006996489093963954,100,90.81463642118077,51.77095497836316,6.366249708955976,1.5302756620348894,1,53.63901039479909,41.40870715203628,true
draft_2,R1,1,1926-09,0.000048975423657747675,100,91.04309364800018,52.73966638590748,6.27820219531957,1.5407318210590382,1,53.65421813228965,41.43542392988625,true
draft_2,R1,1,1926-10,0.00003428279656042337,100,91.28535476420863,53.41776500087252,6.185068946793556,1.552154682400009,1,53.67096813490657,41.461578170922415,true
draft_2,R1,1,1926-11,0.00002399795759229636,100,91.5375455960189,53.892434472126865,6.0883756805389755,1.5642677382104317,1,53.689043988594946,41.48707543889352,true
draft_2,R1,1,1926-12,0.00001679857031460745,100,91.79695065830572,54.22470341055008,5.989190399560309,1.5768772798009452,1,53.70828559571514,41.51184962836232,true
draft_2,R1,1,1927-01,0.000011758999220225215,100,92.06166603086554,54.45729188342794,5.888260706654921,1.589847532915286,1,53.72857469045985,41.53585446547978,true
draft_2,R1,1,1927-02,0.000008231299454157649,100,92.33035663695112,54.62010396562958,5.786109924266924,1.6030833015432768,1,53.749823958685624,41.559057558521474,true
draft_2,R1,1,1927-03,0.000005761909617910354,100,92.60208631641122,54.73407252900172,5.683104378447369,1.6165178318475562,1,53.77196891120069,41.58143623325927,true
draft_2,R1,1,1927-04,0.000004033336732537247,100,92.87619875956696,54.81385059744391,5.57950049767011,1.6301043158205608,1,53.794961842144694,41.602974617718715,true
draft_2,R1,1,1927-05,0.000002823335712776073,100,93.15223402850904,54.869695297210626,5.475477782033529,1.643809937978348,1,53.81876735534296,41.6236616015074,true
draft_2,R1,1,1927-06,0.000001976334998943251,100,93.42987000446917,54.90878662334737,5.371161881723173,1.657611701425452,1,53.843359063048744,41.64348940734339,true
draft_2,R1,1,1927-07,0.0000013834344992602755,100,93.42859169638066,54.93615057705311,5.3716407519506,1.6714935002234583,1,53.84359849816246,41.662772530653314,true
draft_2,R1,1,1927-08,9.684041494821928e-7,100,93.42769689213068,54.95530536243414,5.371975961421071,1.6714295848190333,1,53.84376610289769,41.68140496172532,true
draft_2,R1,1,1927-09,6.778829046375349e-7,100,93.427070534573,54.96871372465177,5.372210608268292,1.6713848446065342,1,53.8438834263213,41.699391108221256,true
draft_2,R1,1,1927-10,4.745180332462744e-7,100,93.42663208681495,54.978099586919754,5.37237486121387,1.6713535267286503,1,53.84396555279409,41.71673405550724,true
draft_2,R1,1,1927-11,3.3216262327239205e-7,100,93.42632517453964,54.98466969660828,5.372489838382541,1.6713316043407473,1,53.84402304137842,41.73343596334159,true
draft_2,R1,1,1927-12,2.3251383629067442e-7,100,93.42611033645318,54.98926877766091,5.372570322475347,1.671316258726982,1,53.84406328342482,41.74949834355652,true
draft_2,R1,1,1928-01,1.6275968540347208e-7,100,93.42595994999884,54.99248813738721,5.372626661392627,1.671305516822659,1,53.84409145288346,41.76492225443556,true
draft_2,R2,0,1922-01,5.199999999999999,98.85931558935361,100,54.879999999999995,3,2,1,35.02281368821293,35.01320677946768,false
draft_2,R2,0,1922-02,6.039999999999999,98.0761976612599,99.98907452471482,54.75999999999999,3.00382391634981,2,1,35.06128973498773,35.030478960658264,false
draft_2,R2,0,1922-03,6.627999999999998,97.53535656675545,99.9700861807984,54.65079999999999,3.0104705628982824,1.9994537262357412,1,35.110582603652624,35.05030197601655,false
draft_2,R2,0,1922-04,7.039599999999998,97.16030328962366,99.94513849837014,54.556719999999984,3.019204864511367,1.9985043090399202,1,35.16737653786015,35.071644770839626,false
draft_2,R2,0,1922-05,7.327719999999998,96.89947760000865,99.91578783574015,54.478515999999985,3.029483235300421,1.997256924918507,1,35.229386985859975,35.093800717691245,false
draft_2,R2,0,1922-06,7.529403999999998,96.71773127283399,99.88318887197079,54.415129599999986,3.0409024890203966,1.9957893917870073,1,35.2950323604033,35.11628325933444,false
draft_2,R2,0,1922-07,9.770582799999998,94.7430516876148,99.84819858650013,54.364708599999986,3.0531634110564614,1.9941594435985395,1,35.400171326651,35.15052008826852,false
draft_2,R2,0,1922-08,11.339407959999999,93.408077073091,99.79669193569569,54.262178535999986,3.07121814618114,1.9924099293250066,1,35.53200978518918,35.192456494076396,false
draft_2,R2,0,1922-09,12.437585572,92.49576062214805,99.73301894636569,54.14334273639999,3.093549093062485,1.9898345967847846,1,35.68209457274622,35.23942688106597,false
draft_2,R2,0,1922-10,13.206309900399999,91.86767070801992,99.66032975825657,54.02721234831999,3.1190584139543707,1.9866509473182845,1,35.844741158585826,35.28964858961847,false
draft_2,R2,0,1922-11,13.744416930279998,91.43305913972652,99.58094985801857,53.92285934681199,3.146936071143235,1.9830164879128283,1,36.01607997579129,35.3419152282333,false
draft_2,R2,0,1922-12,14.121091851195999,91.13126970043977,99.49661212595282,53.833669034859994,3.176578493981238,1.9790474929009285,1,36.1934545817825,35.39540363652554,false
draft_2,R2,0,1923-01,18.8847642958372,87.47967043211912,99.40861253951228,53.75993556886611,3.2075341763869916,1.974830606297641,1,36.443861173140114,35.47142340513502,false
draft_2,R2,0,1923-02,22.219335007086038,85.0929192127991,99.29055128955805,53.56541196933116,3.249101437440511,1.9704306269756138,1,36.74200278888413,35.561950906190766,false
draft_2,R2,0,1923-03,24.553534504960226,83.49823263815794,99.15077455253395,53.329208328319226,3.2983728508056847,0.9645275644779026,1,37.07203813612097,35.66198951405561,false
draft_2,R2,0,1923-04,26.187474153472156,82.41705501887833,98.9950324680465,53.09383979467465,3.3533494556951666,0.9575387276266973,1,37.42369703574341,35.768321344177416,false
draft_2,R2,0,1923-05,27.331231907430507,81.67674060956841,98.82747747259099,51.38006363166809,3.412589042720265,-0.05024837659767489,1,37.79016222355204,35.87882612158424,false
draft_2,R2,0,1923-06,28.131862335201355,81.16638446097755,98.62894777523637,50.146107584944744,3.4828988349472163,-0.05862612637045084,1,38.16683453433249,35.992379194495356,false
draft_2,R2,0,1923-07,37.69230363464095,75.53072848280493,98.40853445533634,49.25831943940528,3.5611158936355194,-0.06855261123818157,1,38.65621996467639,36.14167701993744,false
draft_2,R2,0,1923-08,44.38461254424867,72.0298362598215,98.13114108800876,48.350054498544466,3.659773676826788,-0.07957327723318319,1,39.21562323947996,36.31333242150458,false
draft_2,R2,0,1923-09,49.069228780974065,69.76624273867156,97.81367655023476,47.51349977265367,3.773002349181929,-1.093442945599562,1,39.820298384706525,36.499658337050505,false
draft_2,R2,0,1923-10,34.348460146681845,69.76624273867156,97.46725223718249,48.28737297742834,3.896960995707217,-0.10931617248826209,1,48.42497352993309,39.21080396500217,true
draft_2,R2,0,1923-11,24.04392210267729,69.76624273867156,97.13336894089962,49.27070727979938,4.016856807907438,0.8733626118591247,1,49.029648675159656,39.39800739639405,true
draft_2,R2,0,1923-12,16.830745471874103,69.76624273867156,96.81495657948263,50.26817743277925,4.13159011502021,0.8566684470449808,1,49.63432382038622,39.58538588644295,true
draft_2,R2,0,1924-01,11.78152183031187,69.76624273867156,96.51207350830532,51.182801838789246,4.241086703829839,1.8407478289741313,1,50.23899896561279,39.77274747883843,true
draft_2,R2,0,1924-02,8.247065281218308,69.76624273867156,96.22337884361673,51.97451563224311,4.345781514507915,1.825603675415266,1,50.84367411083935,39.95991616036762,true
draft_2,R2,0,1924-03,5.7729456968528154,69.76624273867156,95.94697495203529,52.63474898413362,4.446319827770358,1.8111689421808363,1,51.44834925606592,40.146739571124535,true
draft_2,R2,0,1924-04,4.0410619877969705,71.76624273867156,95.68086714598641,53.17113591798795,4.543391915935376,1.7973487476017644,1,52.01302440129248,40.32055401918679,true
draft_2,R2,0,1924-05,2.8287433914578792,73.76624273867156,95.4385046205933,53.59856328295765,4.632047972697659,1.7840433572993206,1,52.53769954651905,40.481277814841256,true
draft_2,R2,0,1924-06,1.9801203740205153,75.76624273867156,95.21814512181601,53.93413199632661,4.7128600357938515,1.7719252310296654,1,53.02237469174562,40.6288471463653,true
draft_2,R2,0,1924-07,1.3860842618143607,77.76624273867156,95.01832215241735,54.19448878620801,4.786310363144857,1.7609072560908003,1,53.46704983697219,40.763213042418315,true
draft_2,R2,0,1924-08,0.9702589832700524,79.76624273867156,94.83783225900669,54.39455962249117,4.852793817348984,1.7509161076208677,1,53.87172498219876,40.88433836444932,true
draft_2,R2,0,1924-09,0.6791812882890367,81.76624273867156,94.67570540689239,54.54708396624572,4.912626899662625,1.7418916129503343,1,54.23640012742533,40.99855507998184,true
draft_2,R2,0,1924-10,0.47542690180232566,83.76624273867156,94.53116987866977,54.66258333772333,4.966059229171554,1.7337852703446195,1,54.5610752726519,41.105841915773404,true
draft_2,R2,0,1924-11,0.33279883126162796,85.76624273867156,94.40361773466135,54.74954552935226,5.013285186980227,1.7265584939334886,1,54.84575041787847,41.206170477800406,true
draft_2,R2,0,1924-12,0.23295918188313955,87.76624273867156,94.29257370909119,54.814697905608725,5.054454593282847,1.7201808867330677,1,55.090425563105036,41.297721523331106,true
draft_2,R2,0,1925-01,0.16307142731819768,89.76624273867156,94.19766862071788,54.86329975846961,5.089681949610121,1.7146286854545594,1,55.2951007083316,41.38048791515937,true
draft_2,R2,0,1925-02,0.11414999912273836,91.76624273867156,94.11861740809027,54.89941768810918,5.119054146209875,1.709883431035894,1,55.45977585355817,41.45446243286069,true
draft_2,R2,0,1925-03,0.07990499938591684,93.76624273867156,94.05520141990984,54.92616788170274,5.142636723679021,1.7059308704045137,1,55.58445099878474,41.51539726083764,true
draft_2,R2,0,1925-04,0.055933499570141786,95.76624273867156,94.00725439211082,54.945920367210334,5.160478862631801,1.7027600709954918,1,55.66912614401131,41.56328359331938,true
draft_2,R2,0,1925-05,0.03915344969909925,97.76624273867156,93.97465149876925,54.96046625206012,5.172617301035666,1.700362719605541,1,55.71380128923788,41.598111331957966,true
draft_2,R2,0,1925-06,0.027407414789369474,99.76624273867156,93.58140229243311,51.37115177295111,5.319079373544071,1.6987325749384623,1,55.71847643446445,41.62018847348985,true
draft_2,R2,0,1925-07,0.01918519035255863,100,93.15438775080943,48.85898401862209,5.478785347067797,1.6790701146216556,1,55.71847643446445,41.64100490425101,true
draft_2,R2,0,1925-08,0.01342963324679104,100,92.69596081221921,47.100713257324884,5.651025680970031,1.6577193875404717,1,55.71847643446445,41.662362337945765,true
draft_2,R2,0,1925-09,0.009400743272753727,100,92.21534217281881,45.87009639113002,5.8324969363690755,1.6347980406109606,1,55.71847643446445,41.68450564234951,true
draft_2,R2,0,1925-10,0.006580520290927609,100,91.72019322633301,45.008785451492834,6.020428930315643,1.6107671086409403,1,55.71847643446445,41.70760620085839,true
draft_2,R2,0,1925-11,0.004606364203649326,100,91.21585303408445,44.40595240043625,6.212882806695306,1.5860096613166506,1,55.71847643446445,41.73178396501706,true
draft_2,R2,0,1925-12,0.0032244549425545278,100,90.70603785861643,43.98402848937926,6.4085015565930155,1.5607926517042223,1,55.71847643446445,41.757122889123906,true
draft_2,R2,0,1926-01,0.002257118459788169,100,90.37474351356542,45.48872320891721,6.536335407023774,1.5353018929308213,1,55.71847643446445,41.783520849606475,true
draft_2,R2,0,1926-02,0.0015799829218517184,100,90.0650571464662,46.54203853268825,6.656269610176959,1.518737175678271,1,55.71847643446445,41.810768293273775,true
draft_2,R2,0,1926-03,0.0011059880452962028,100,89.77066201473886,47.279379573394124,6.7706739078803455,1.5032528573233102,1,55.71847643446445,41.83871852885062,true
draft_2,R2,0,1926-04,0.000774191631707342,100,89.48715790968025,47.79553252173452,6.881207165120026,1.4885331007369431,1,55.71847643446445,41.86726886961527,true
draft_2,R2,0,1926-05,0.0005419341421951393,100,89.21147749602848,48.15684953946521,6.9890306193809195,1.4743578954840124,1,55.71847643446445,41.896347432882216,true
draft_2,R2,0,1926-06,0.0003793538995365975,100,88.94148140653964,48.40977841960138,7.094957159298727,1.4605738748014239,1,55.71847643446445,41.925903899385304,true
draft_2,R2,0,1926-07,0.00026554772967561825,100,89.12038424023557,50.38683351310398,7.02455582259582,1.4470740703269818,1,55.727796812981815,41.95550083633457,true
draft_2,R2,0,1926-08,0.00018588341077293275,100,89.32607631747481,51.770775492740896,6.943774946652025,1.4560192120117783,1,55.73908161673028,41.98486290668109,true
draft_2,R2,0,1926-09,0.0001301183875410529,100,89.55078645320998,52.7395372684163,6.855728375315135,1.4663038158737407,1,55.752020808333356,42.01379737401515,true
draft_2,R2,0,1926-10,0.00009108287127873703,100,89.78907488026539,53.41767218433978,6.762595804655949,1.477539322660499,1,55.766380047804645,42.0421693225171,true
draft_2,R2,0,1926-11,0.00006375800989511592,100,90.03713074229738,53.892367796551696,6.6659030256881655,1.4894537440132694,1,55.7819830717866,42.0698843108802,true
draft_2,R2,0,1926-12,0.00004463060692658114,100,90.29228293069683,54.22465554484589,6.566718094756269,1.5018565371148689,1,55.79869778412035,42.09687623002665,true
draft_2,R2,0,1927-01,0.000031241424848606797,100,90.5526586363519,54.45725754247391,6.465788653145829,1.5146141465348415,1,55.81642543796187,42.12309880348784,true
draft_2,R2,0,1927-02,0.000021868997394024757,100,90.81694459638838,54.62007934248899,6.3636380510478405,1.5276329318175947,1,55.835092318289924,42.14851963765581,true
draft_2,R2,0,1927-03,0.00001530829817581733,100,91.08421994518191,54.73405488367237,6.260632634499773,1.5408472298194191,1,55.85464340493187,42.17311605694904,true
draft_2,R2,0,1927-04,0.00001071580872307213,100,91.35383909449712,54.8138379593217,6.157028846360493,1.5542109972590956,1,55.875037580225175,42.196872188421324,true
draft_2,R2,0,1927-05,0.00000750106610615049,100,91.62534961921416,54.86968625005092,6.053006197074054,1.567691954724856,1,55.89624402708801,42.21977692098291,true
draft_2,R2,0,1927-06,0.000005250746274305343,100,91.89843466163693,54.90878015000366,5.948690344261286,1.5812674809607081,1,55.91823953587007,42.24182247685177,true
draft_2,R2,0,1927-07,0.00000367552239201374,100,91.89717721742322,54.93614594748017,5.949169248473767,1.5949217330818464,1,55.91823953587007,42.26324473656707,true
draft_2,R2,0,1927-08,0.0000025728656744096177,100,91.89629701634615,54.955302052970445,5.9495044822494965,1.594858860871161,1,55.91823953587007,42.2840398889968,true
draft_2,R2,0,1927-09,0.0000018010059720867322,100,91.89568087997371,54.968711359893334,5.949739146471401,1.5948148508173077,1,55.91823953587007,42.304205266342,true
draft_2,R2,0,1927-10,0.0000012607041804607124,100,91.89524958634074,54.97809789789515,5.949903411831961,1.5947840439986856,1,55.91823953587007,42.3237390011388,true
draft_2,R2,0,1927-11,8.824929263224987e-7,100,91.89494768146983,54.984668490705474,5.9500183978680115,1.594762479317037,1,55.91823953587007,42.342639786159204,true
draft_2,R2,0,1927-12,6.17745048425749e-7,100,91.89473634823315,54.989267917019035,5.950098888291808,1.5947473840734916,1,55.91823953587007,42.36090670634142,true
draft_2,R2,0,1928-01,4.324215338980243e-7,100,91.89458841494276,54.992487523380966,5.950155231727458,1.5947368174116576,1,55.91823953587007,42.37853912114058,true
draft_2,R2,1,1922-01,5.199999999999999,98.85931558935361,100,54.879999999999995,3,2,1,35.02281368821293,35.01320677946768,false
draft_2,R2,1,1922-02,6.039999999999999,98.0761976612599,99.98907452471482,54.75999999999999,3.00382391634981,2,1,35.06320169316264,35.031106720259025,false
draft_2,R2,1,1922-03,6.627999999999998,97.53535656675545,99.9700861807984,54.65079999999999,3.0104705628982824,1.9994537262357412,1,35.11581788510177,35.052020893425684,false
draft_2,R2,1,1922-04,7.039599999999998,97.16030328962366,99.94513849837014,54.556719999999984,3.019204864511367,1.9985043090399202,1,35.17697897011584,35.07479756943025,false
draft_2,R2,1,1922-05,7.327719999999998,96.89947760000865,99.91578783574015,54.478515999999985,3.029483235300421,1.997256924918507,1,35.24412860351019,35.09864088215306,false
draft_2,R2,1,1922-06,7.529403999999998,96.71773127283399,99.88318887197079,54.415129599999986,3.0409024890203966,1.9957893917870073,1,35.3154836049135,35.12299808461528,false
draft_2,R2,1,1922-07,9.770582799999998,94.7430516876148,99.84819858650013,54.364708599999986,3.0531634110564614,1.9941594435985395,1,35.426753032179235,35.159247748250294,false
draft_2,R2,1,1922-08,11.339407959999999,93.408077073091,99.79669193569569,54.262178535999986,3.07121814618114,1.9924099293250066,1,35.56761885827976,35.20414813974113,false
draft_2,R2,1,1922-09,12.437585572,92.49576062214805,99.73301894636569,54.14334273639999,3.093549093062485,1.9898345967847846,1,35.72886911927747,35.25478452384373,false
draft_2,R2,1,1922-10,13.206309900399999,91.86767070801992,99.66032975825657,54.02721234831999,3.1190584139543707,1.9866509473182845,1,35.904270365563015,35.30919401257598,false
draft_2,R2,1,1922-11,13.744416930279998,91.43305913972652,99.58094985801857,53.92285934681199,3.146936071143235,1.9830164879128283,1,36.089548011362915,35.366037233245976,false
draft_2,R2,1,1922-12,14.121091851195999,91.13126970043977,99.49661212595282,53.833669034859994,3.176578493981238,1.9790474929009285,1,36.28174382877312,35.42439193928747,false
draft_2,R2,1,1923-01,18.8847642958372,87.47967043211912,99.40861253951228,53.75993556886611,3.2075341763869916,1.974830606297641,1,36.547628261333614,35.505493599091885,false
draft_2,R2,1,1923-02,22.219335007086038,85.0929192127991,99.29055128955805,53.56541196933116,3.249101437440511,1.9704306269756138,1,36.86655350760439,35.602845058837254,false
draft_2,R2,1,1923-03,24.553534504960226,83.49823263815794,99.15077455253395,53.329208328319226,3.2983728508056847,0.9645275644779026,1,37.22122456152382,35.710972390396215,false
draft_2,R2,1,1923-04,26.187474153472156,82.41705501887833,98.9950324680465,53.09383979467465,3.3533494556951666,0.9575387276266973,1,37.60037176359099,35.82632954648738,false
draft_2,R2,1,1923-05,27.331231907430507,81.67674060956841,98.82747747259099,51.38006363166809,3.412589042720265,-0.05024837659767489,1,37.99645674491217,35.94655948943082,false
draft_2,R2,1,1923-06,28.131862335201355,81.16638446097755,98.62894777523637,50.146107584944744,3.4828988349472163,-0.05862612637045084,1,38.4082839518061,36.071655086565855,false
draft_2,R2,1,1923-07,37.69230363464095,75.53072848280493,98.40853445533634,49.25831943940528,3.5611158936355194,-0.06855261123818157,1,38.936777911494154,36.23379354580927,false
draft_2,R2,1,1923-08,44.38461254424867,72.0298362598215,98.13114108800876,48.350054498544466,3.659773676826788,-0.07957327723318319,1,39.54551007789336,36.42164526678365,false
draft_2,R2,1,1923-09,49.069228780974065,69.76624273867156,97.81367655023476,47.51349977265367,3.773002349181929,-1.093442945599562,1,40.206799559297494,36.62655955604121,false
draft_2,R2,1,1923-10,34.348460146681845,69.76624273867156,97.46725223718249,48.28737297742834,3.896960995707217,-0.10931617248826209,1,48.8734540277867,39.358055061797444,true
draft_2,R2,1,1923-11,24.04392210267729,69.76624273867156,97.13336894089962,49.27070727979938,4.016856807907438,0.8733626118591247,1,49.53807707911338,39.56494138902552,true
draft_2,R2,1,1923-12,16.830745471874103,69.76624273867156,96.81495657948263,50.26817743277925,4.13159011502021,0.8566684470449808,1,50.20011887789633,39.77115526365877,true
draft_2,R2,1,1924-01,11.78152183031187,69.76624273867156,96.51207350830532,51.182801838789246,4.241086703829839,1.8407478289741313,1,50.85954231752771,39.9764925460505,true
draft_2,R2,1,1924-02,8.247065281218308,69.76624273867156,96.22337884361673,51.97451563224311,4.345781514507915,1.825603675415266,1,51.51656486809331,40.180848625665995,true
draft_2,R2,1,1924-03,5.7729456968528154,69.76624273867156,95.94697495203529,52.63474898413362,4.446319827770358,1.8111689421808363,1,52.1715091699511,40.3841770761835,true
draft_2,R2,1,1924-04,4.0410619877969705,71.76624273867156,95.68086714598641,53.17113591798795,4.543391915935376,1.7973487476017644,1,52.78472035926018,40.57392752538618,true
draft_2,R2,1,1924-05,2.8287433914578792,73.76624273867156,95.4385046205933,53.59856328295765,4.632047972697659,1.7840433572993206,1,53.35372353286789,40.74920569035912,true
draft_2,R2,1,1924-06,1.9801203740205153,75.76624273867156,95.21814512181601,53.93413199632661,4.7128600357938515,1.7719252310296654,1,53.87880470964255,40.91004166890813,true
draft_2,R2,1,1924-07,1.3860842618143607,77.76624273867156,95.01832215241735,54.19448878620801,4.786310363144857,1.7609072560908003,1,54.360205018544626,41.056465660367934,true
draft_2,R2,1,1924-08,0.9702589832700524,79.76624273867156,94.83783225900669,54.39455962249117,4.852793817348984,1.7509161076208677,1,54.79812189087326,41.18850534946411,true
draft_2,R2,1,1924-09,0.6791812882890367,81.76624273867156,94.67570540689239,54.54708396624572,4.912626899662625,1.7418916129503343,1,55.192713577256654,41.31254466267646,true
draft_2,R2,1,1924-10,0.47542690180232566,83.76624273867156,94.53116987866977,54.66258333772333,4.966059229171554,1.7337852703446195,1,55.544104887237694,41.428603305895734,true
draft_2,R2,1,1924-11,0.33279883126162796,85.76624273867156,94.40361773466135,54.74954552935226,5.013285186980227,1.7265584939334886,1,55.852393011368605,41.53668479599633,true
draft_2,R2,1,1924-12,0.23295918188313955,87.76624273867156,94.29257370909119,54.814697905608725,5.054454593282847,1.7201808867330677,1,56.11765285974648,41.63499448572838,true
draft_2,R2,1,1925-01,0.16307142731819768,89.76624273867156,94.19766862071788,54.86329975846961,5.089681949610121,1.7146286854545594,1,56.33994168313668,41.72354403522038,true
draft_2,R2,1,1925-02,0.11414999912273836,91.76624273867156,94.11861740809027,54.89941768810918,5.119054146209875,1.709883431035894,1,56.51930292666312,41.80234048853014,true
draft_2,R2,1,1925-03,0.07990499938591684,93.76624273867156,94.05520141990984,54.92616788170274,5.142636723679021,1.7059308704045137,1,56.65576936062426,41.867146789641616,true
draft_2,R2,1,1925-04,0.055933499570141786,95.76624273867156,94.00725439211082,54.945920367210334,5.160478862631801,1.7027600709954918,1,56.74936557532722,41.91796220660144,true
draft_2,R2,1,1925-05,0.03915344969909925,97.76624273867156,93.97465149876925,54.96046625206012,5.172617301035666,1.700362719605541,1,56.80010993975572,41.95478267221133,true
draft_2,R2,1,1925-06,0.027407414789369474,99.76624273867156,93.58140229243311,51.37115177295111,5.319079373544071,1.6987325749384623,1,56.87801612123649,42.000904003980004,true
draft_2,R2,1,1925-07,0.01918519035255863,100,93.15438775080943,48.85898401862209,5.478785347067797,1.6790701146216556,1,56.957869107998356,42.04793883206131,true
draft_2,R2,1,1925-08,0.01342963324679104,100,92.69596081221921,47.100713257324884,5.651025680970031,1.6577193875404717,1,57.043989274949475,42.09757238723835,true
draft_2,R2,1,1925-09,0.009400743272753727,100,92.21534217281881,45.87009639113002,5.8324969363690755,1.6347980406109606,1,57.134724902649,42.149507222736766,true
draft_2,R2,1,1925-10,0.006580520290927609,100,91.72019322633301,45.008785451492834,6.020428930315643,1.6107671086409403,1,57.22869089962228,42.20345995025188,true
draft_2,R2,1,1925-11,0.004606364203649326,100,91.21585303408445,44.40595240043625,6.212882806695306,1.5860096613166506,1,57.32491783781211,42.259232225782874,true
draft_2,R2,1,1925-12,0.0032244549425545278,100,90.70603785861643,43.98402848937926,6.4085015565930155,1.5607926517042223,1,57.42272721276096,42.31668522799792,true
draft_2,R2,1,1926-01,0.002257118459788169,100,90.37474351356542,45.48872320891721,6.536335407023774,1.5353018929308213,1,57.48664413797634,42.36406924559287,true
draft_2,R2,1,1926-02,0.0015799829218517184,100,90.0650571464662,46.54203853268825,6.656269610176959,1.518737175678271,1,57.54661123955293,42.41100588761116,true
draft_2,R2,1,1926-03,0.0011059880452962028,100,89.77066201473886,47.279379573394124,6.7706739078803455,1.5032528573233102,1,57.603813388404625,42.45773749539431,true
draft_2,R2,1,1926-04,0.000774191631707342,100,89.48715790968025,47.79553252173452,6.881207165120026,1.4885331007369431,1,57.659080017024465,42.504433712555816,true
draft_2,R2,1,1926-05,0.0005419341421951393,100,89.21147749602848,48.15684953946521,6.9890306193809195,1.4743578954840124,1,57.71299174415491,42.551213292897245,true
draft_2,R2,1,1926-06,0.0003793538995365975,100,88.94148140653964,48.40977841960138,7.094957159298727,1.4605738748014239,1,57.765955014113814,42.59815936637018,true
draft_2,R2,1,1926-07,0.00026554772967561825,100,89.12038424023557,50.38683351310398,7.02455582259582,1.4470740703269818,1,57.77527539263118,42.627756303319444,true
draft_2,R2,1,1926-08,0.00018588341077293275,100,89.32607631747481,51.770775492740896,6.943774946652025,1.4560192120117783,1,57.78656019637965,42.657118373665966,true
draft_2,R2,1,1926-09,0.0001301183875410529,100,89.55078645320998,52.7395372684163,6.855728375315135,1.4663038158737407,1,57.79949938798273,42.68605284100003,true
draft_2,R2,1,1926-10,0.00009108287127873703,100,89.78907488026539,53.41767218433978,6.762595804655949,1.477539322660499,1,57.81385862745402,42.714424789501976,true
draft_2,R2,1,1926-11,0.00006375800989511592,100,90.03713074229738,53.892367796551696,6.6659030256881655,1.4894537440132694,1,57.82946165143597,42.74213977786508,true
draft_2,R2,1,1926-12,0.00004463060692658114,100,90.29228293069683,54.22465554484589,6.566718094756269,1.5018565371148689,1,57.846176363769715,42.76913169701153,true
draft_2,R2,1,1927-01,0.000031241424848606797,100,90.5526586363519,54.45725754247391,6.465788653145829,1.5146141465348415,1,57.86390401761123,42.795354270472714,true
draft_2,R2,1,1927-02,0.000021868997394024757,100,90.81694459638838,54.62007934248899,6.3636380510478405,1.5276329318175947,1,57.88257089793929,42.82077510464068,true
draft_2,R2,1,1927-03,0.00001530829817581733,100,91.08421994518191,54.73405488367237,6.260632634499773,1.5408472298194191,1,57.90212198458123,42.845371523933906,true
draft_2,R2,1,1927-04,0.00001071580872307213,100,91.35383909449712,54.8138379593217,6.157028846360493,1.5542109972590956,1,57.92251615987454,42.8691276554062,true
draft_2,R2,1,1927-05,0.00000750106610615049,100,91.62534961921416,54.86968625005092,6.053006197074054,1.567691954724856,1,57.94372260673737,42.89203238796778,true
draft_2,R2,1,1927-06,0.000005250746274305343,100,91.89843466163693,54.90878015000366,5.948690344261286,1.5812674809607081,1,57.96571811551944,42.914077943836645,true
draft_2,R2,1,1927-07,0.00000367552239201374,100,91.89717721742322,54.93614594748017,5.949169248473767,1.5949217330818464,1,57.96595756762568,42.93557882366016,true
draft_2,R2,1,1927-08,0.0000025728656744096177,100,91.89629701634615,54.955302052970445,5.9495044822494965,1.594858860871161,1,57.966125184513544,42.956429010301406,true
draft_2,R2,1,1927-09,0.0000018010059720867322,100,91.89568087997371,54.968711359893334,5.949739146471401,1.5948148508173077,1,57.9662425166245,42.97663291168971,true
draft_2,R2,1,1927-10,0.0000012607041804607124,100,91.89524958634074,54.97809789789515,5.949903411831961,1.5947840439986856,1,57.96632464930478,42.9961936133832,true
draft_2,R2,1,1927-11,8.824929263224987e-7,100,91.89494768146983,54.984668490705474,5.9500183978680115,1.594762479317037,1,57.96638214232281,43.01511327527784,true
draft_2,R2,1,1927-12,6.17745048425749e-7,100,91.89473634823315,54.989267917019035,5.950098888291808,1.5947473840734916,1,57.966422387534706,43.03339340930463,true
draft_2,R2,1,1928-01,4.324215338980243e-7,100,91.89458841494276,54.992487523380966,5.950155231727458,1.5947368174116576,1,57.96645055925253,43.051035073817815,true
draft_2,R3,0,1922-01,5.199999999999999,98.85931558935361,100,54.879999999999995,3,2,1,35.02281368821293,35.01320677946768,false
draft_2,R3,0,1922-02,6.039999999999999,98.0761976612599,99.98907452471482,54.75999999999999,3.00382391634981,2,1,35.06128973498773,35.030478960658264,false
draft_2,R3,0,1922-03,6.627999999999998,97.53535656675545,99.9700861807984,54.65079999999999,3.0104705628982824,1.9994537262357412,1,35.110582603652624,35.05030197601655,false
draft_2,R3,0,1922-04,7.039599999999998,97.16030328962366,99.94513849837014,54.556719999999984,3.019204864511367,1.9985043090399202,1,35.16737653786015,35.071644770839626,false
draft_2,R3,0,1922-05,7.327719999999998,96.89947760000865,99.91578783574015,54.478515999999985,3.029483235300421,1.997256924918507,1,35.229386985859975,35.093800717691245,false
draft_2,R3,0,1922-06,7.529403999999998,96.71773127283399,99.88318887197079,54.415129599999986,3.0409024890203966,1.9957893917870073,1,35.2950323604033,35.11628325933444,false
draft_2,R3,0,1922-07,9.770582799999998,94.7430516876148,99.84819858650013,54.364708599999986,3.0531634110564614,1.9941594435985395,1,35.400171326651,35.15052008826852,false
draft_2,R3,0,1922-08,11.339407959999999,93.408077073091,99.79669193569569,54.262178535999986,3.07121814618114,1.9924099293250066,1,35.53200978518918,35.192456494076396,false
draft_2,R3,0,1922-09,12.437585572,92.49576062214805,99.73301894636569,54.14334273639999,3.093549093062485,1.9898345967847846,1,35.68209457274622,35.23942688106597,false
draft_2,R3,0,1922-10,13.206309900399999,91.86767070801992,99.66032975825657,54.02721234831999,3.1190584139543707,1.9866509473182845,1,35.844741158585826,35.28964858961847,false
draft_2,R3,0,1922-11,13.744416930279998,91.43305913972652,99.58094985801857,53.92285934681199,3.146936071143235,1.9830164879128283,1,36.01607997579129,35.3419152282333,false
draft_2,R3,0,1922-12,14.121091851195999,91.13126970043977,99.49661212595282,53.833669034859994,3.176578493981238,1.9790474929009285,1,36.1934545817825,35.39540363652554,false
draft_2,R3,0,1923-01,18.8847642958372,87.47967043211912,99.40861253951228,53.75993556886611,3.2075341763869916,1.974830606297641,1,36.443861173140114,35.47142340513502,false
draft_2,R3,0,1923-02,22.219335007086038,85.0929192127991,99.29055128955805,53.56541196933116,3.249101437440511,1.9704306269756138,1,36.74200278888413,35.561950906190766,false
draft_2,R3,0,1923-03,24.553534504960226,83.49823263815794,99.15077455253395,53.329208328319226,3.2983728508056847,0.9645275644779026,1,37.07203813612097,35.66198951405561,false
draft_2,R3,0,1923-04,26.187474153472156,82.41705501887833,98.9950324680465,53.09383979467465,3.3533494556951666,0.9575387276266973,1,37.42369703574341,35.768321344177416,false
draft_2,R3,0,1923-05,27.331231907430507,81.67674060956841,98.82747747259099,52.88006363166809,3.412589042720265,0.9497516234023251,1,37.79016222355204,35.87882612158424,false
draft_2,R3,0,1923-06,28.131862335201355,81.16638446097755,98.65118395766771,52.69610758494474,3.475023834947216,0.9413738736295492,1,38.16683453433249,35.99208463445379,false
draft_2,R3,0,1923-07,37.69230363464095,75.53072848280493,98.46845502280902,52.54331943940527,3.5398533936355188,0.9325591978833856,1,38.65621996467639,36.14059501649786,false
draft_2,R3,0,1923-08,44.38461254424867,72.0298362598215,98.23941308296952,52.14955449854446,3.6212649268267874,0.9234227511404511,1,39.21562323947996,36.310833123428075,false
draft_2,R3,0,1923-09,49.069228780974065,69.76624273867156,97.97758737143275,51.67314977265366,3.714546224181929,-0.088029345851524,1,39.820298384706525,36.495016280584665,false
draft_2,R3,0,1923-10,70.34846014668184,61.051329674743634,97.69171541011845,51.19912797742833,3.816666708207217,-0.10112063142836258,1,48.599271791211656,39.26037144703369,true
draft_2,R3,0,1923-11,85.24392210267729,56.14219285551228,97.33162136056615,50.22893577979937,3.945677563236436,-1.1154142294940776,1,49.47642793410141,39.53001352364966,true
draft_2,R3,0,1923-12,95.6707454718741,53.15051043997227,96.92046492984566,49.10293738277924,4.093527510397055,-1.1334189319716927,1,50.41341772530196,39.81836711263556,true
draft_2,R3,0,1924-01,102.96952183031186,51.239220086918706,96.47147907746773,45.00193380378924,4.255665659905542,-0.15397675350771678,1,51.38863332356359,40.225164978796705,true
draft_2,R3,0,1924-02,108.07866528121829,49.98109722563053,95.95047787765343,41.91226800774311,4.4446856911922765,-0.1764260461266134,1,52.38901137905098,40.53425754717445,true
draft_2,R3,0,1924-03,111.6550656968528,49.136551330624,95.37830984529405,39.59622764698362,4.653396284151625,-0.20247610611732858,1,53.4062803524385,40.84997519674881,true
draft_2,R3,0,1924-04,78.15854598779696,49.136551330624,94.77641874007203,40.86770738198295,4.87426608900496,1.7689154922647028,1,54.42354932582602,41.167447806057474,true
draft_2,R3,0,1924-05,54.710982191457866,49.136551330624,94.19640185267338,42.762638787754156,5.0884606252495495,1.7388209370036016,1,55.44081829921355,41.486439730392966,true
draft_2,R3,0,1924-06,38.297687534020504,49.136551330624,93.64670893610793,44.792517685684174,5.29270677161384,2.709820092633669,1,56.45808727260107,41.80659978007876,true
draft_2,R3,0,1924-07,26.80838127381435,49.136551330624,93.12873753157461,46.70583175395831,5.486296053763998,0.6823354468053964,1,57.47535624598859,42.12755175547441,true
draft_2,R3,0,1924-08,18.765866891670044,49.136551330624,92.64035876880406,48.389830789556385,5.669840437055717,0.6564368765787307,1,58.492625219376116,42.44894106002478,true
draft_2,R3,0,1924-09,13.13610682416903,49.136551330624,92.17794206665215,49.80990554593936,5.844543825410546,1.6320179384402032,1,59.50989419276364,42.7768155963765,true
draft_2,R3,0,1924-10,9.19527477691832,49.136551330624,91.73746846449951,50.972850677432476,6.011791821294365,1.6088971033326076,1,60.52716316615116,43.10879359602852,true
draft_2,R3,0,1924-11,6.436692343842823,49.136551330624,91.31510251804438,51.90513723089518,6.172934355237844,1.5868734232249757,1,61.544432139538685,43.44471998692965,true
draft_2,R3,0,1924-12,4.505684640689976,51.136551330624,90.90745095131619,52.64049529131134,6.3291823847756445,1.565755125902219,1,62.5217011129262,43.77217918012105,true
draft_2,R3,0,1925-01,3.153979248482983,53.136551330624,90.51991234247214,53.21317616469723,6.478387440770513,1.5453725475658096,1,63.45897008631372,44.09112416591625,true
draft_2,R3,0,1925-02,2.207785473938088,55.136551330624,90.15628485068125,53.65460393783357,6.618985922180105,1.5259956171236069,1,64.35623905970124,44.401526864979466,true
draft_2,R3,0,1925-03,1.5454498317566616,57.136551330624,89.81451271547898,53.99198919226535,6.751666907780732,1.5078142425340624,1,65.21350803308876,44.6991321465617,true
draft_2,R3,0,1925-04,1.0818148822296632,59.136551330624,89.4929518351091,54.248028939633045,6.876976620795591,1.4907256357739491,1,66.03077700647627,44.98393478431499,true
draft_2,R3,0,1925-05,0.7572704175607642,61.136551330624,89.19029816713928,54.441165811276235,6.99534212513677,1.474647591755455,1,66.80804597986379,45.25593688641238,true
draft_2,R3,0,1925-06,0.5300892922925349,63.136551330624,88.54876118031298,50.986097955366546,7.247093660901823,1.4595149083569638,1,67.5453149532513,45.515128654539446,true
draft_2,R3,0,1925-07,0.3710625046047744,65.136551330624,87.88011521055843,48.5743658899878,7.511384302910401,1.427438059015649,1,68.24258392663883,45.762015812500756,true
draft_2,R3,0,1925-08,0.2597437532233421,67.136551330624,87.19878761897671,46.89092424785332,7.782736538262218,1.3940057605279215,1,68.89985290002635,45.996975543699946,true
draft_2,R3,0,1925-09,0.18182062725633946,69.136551330624,86.5146750018803,45.715854660900625,8.057326842235241,1.3599393809488354,1,69.51712187341387,46.22029413666911,true
draft_2,R3,0,1925-10,0.1272744390794376,71.136551330624,85.83452278088495,44.89564364381275,8.332486261539765,1.3257337500940154,1,70.09439084680139,46.43219341531417,true
draft_2,R3,0,1925-11,0.08909210735560633,71.136551330624,85.1628908714975,44.32313231749654,8.606351788684002,1.2917261390442476,1,70.6716598201889,46.64485232682219,true
draft_2,R3,0,1925-12,0.062364475148924424,71.136551330624,84.48920079208092,43.923519859026904,8.883223000291398,1.2581445435748748,1,71.24892879357643,46.858344905825156,true
draft_2,R3,0,1926-01,0.043655132604247096,71.136551330624,83.98475397047743,45.44459296706436,9.09219217730576,1.2244600396040461,1,71.82619776696394,47.0726946207574,true
draft_2,R3,0,1926-02,0.030558592822972967,73.136551330624,83.50248101540518,46.50990542296692,9.293175720502925,1.1992376985238713,1,72.36346674035147,47.27579194358499,true
draft_2,R3,0,1926-03,0.021391014976081077,75.136551330624,83.04968129018688,47.25601703829216,9.482966373306601,1.175124050770259,1,72.86073571373899,47.467546707877666,true
draft_2,R3,0,1926-04,0.014973710483256754,77.136551330624,82.62191951105221,47.77857019635523,9.66323994012982,1.1524840645093442,1,73.3180046871265,47.64790627511384,true
draft_2,R3,0,1926-05,0.010481597338279728,79.136551330624,82.2160566519749,48.14454992613416,9.835170102873208,1.1310959755526107,1,73.73527366051403,47.816843783205,true
draft_2,R3,0,1926-06,0.007337118136795809,81.136551330624,81.82985548970322,48.400870500373756,9.999578872035256,1.1108028325987447,1,74.11254263390154,47.97434986993139,true
draft_2,R3,0,1926-07,0.005135982695757066,83.136551330624,81.8708567218833,50.38038923671752,9.982041958182547,1.091492774485161,1,74.44962224522507,48.12021842473857,true
draft_2,R3,0,1926-08,0.003595187887029946,85.136551330624,81.94928756922442,51.76611838622138,9.948512570964033,1.093542836094165,1,74.7466644342528,48.25417189962979,true
draft_2,R3,0,1926-09,0.0025166315209209623,87.136551330624,82.05793936544008,52.73617501471835,9.902108105710623,1.0974643784612212,1,75.00382724253058,48.37600650715962,true
draft_2,R3,0,1926-10,0.0017616420646446734,89.136551330624,82.1918046142546,53.415247011357216,9.845010843157604,1.1028969682720038,1,75.2212461294797,48.48556971948924,true
draft_2,R3,0,1926-11,0.0012331494452512714,91.136551330624,82.34741105585908,53.89062005868811,9.778748452622231,1.1095902307127297,1,75.39904338089823,48.582744431002034,true
draft_2,R3,0,1926-12,0.00086320461167589,93.136551330624,82.52235954004404,54.223397046598315,9.704390353588371,1.1173705527929543,1,75.53733471932698,48.66743781142257,true
draft_2,R3,0,1927-01,0.0006042432281731229,95.136551330624,82.71500251414079,54.45635203648047,9.622685175367982,1.1261179770022018,1,75.63623386871777,48.739573460497695,true
draft_2,R3,0,1927-02,0.000422970259721186,97.136551330624,82.92421993176963,54.61942829823948,9.534156983450712,1.1357501257070397,1,75.69585564804026,48.799085886518675,true
draft_2,R3,0,1927-03,0.0002960791818048302,99.136551330624,83.14926286006262,54.73358711965984,9.439172641159209,1.1462109965884815,1,75.71631802220374,48.84591662045674,true
draft_2,R3,0,1927-04,0.0002072554272633811,100,83.3896442338202,54.81350210138643,9.337988965055247,1.157463143003131,1,75.72047445024427,48.88677790786479,true
draft_2,R3,0,1927-05,0.00014507879908436677,100,83.6374803675093,54.86944525330769,9.233968079022969,1.1694822116910104,1,75.72553998819858,48.926787843135806,true
draft_2,R3,0,1927-06,0.00010155515935905674,100,83.88675491810231,54.908607324951404,9.129653491443102,1.1818740183754648,1,75.73141174704016,48.96593863527682,true
draft_2,R3,0,1927-07,0.00007108861155133971,100,83.88560492286234,54.9360220808112,9.130133302987108,1.1943377459051157,1,75.73141174704016,49.004466155332956,true
draft_2,R3,0,1927-08,0.0000497620280859378,100,83.88479989889441,54.95521332390949,9.130469187062848,1.194280246143117,1,75.73141174704016,49.04236658535398,true
draft_2,R3,0,1927-09,0.000034833419660156455,100,83.88423636069011,54.96864783387579,9.130704317112324,1.1942399949447207,1,75.73141174704016,49.079637252647444,true
draft_2,R3,0,1927-10,0.000024383393762109517,100,83.88384186781308,54.97805243871046,9.130868915984475,1.1942118180345056,1,75.73141174704016,49.116276286239504,true
draft_2,R3,0,1927-11,0.000017068375633476662,100,83.88356571094899,54.98463597559551,9.130984140681246,1.1941920933906538,1,75.73141174704016,49.152282376386125,true
draft_2,R3,0,1927-12,0.000011947862943433663,100,83.88337239257638,54.98924467086559,9.13106480180937,1.1941782855474492,1,75.73141174704016,49.18765460622281,true
draft_2,R3,0,1928-01,0.000008363504060403562,100,83.88323706358453,54.99247091117002,9.131121267287325,1.1941686196288188,1,75.73141174704016,49.222392333913845,true
draft_2,R3,1,1922-01,5.199999999999999,98.85931558935361,100,54.879999999999995,3,2,1,35.02281368821293,35.01320677946768,false
draft_2,R3,1,1922-02,6.039999999999999,98.0761976612599,99.98907452471482,54.75999999999999,3.00382391634981,2,1,35.06320169316264,35.031106720259025,false
draft_2,R3,1,1922-03,6.627999999999998,97.53535656675545,99.9700861807984,54.65079999999999,3.0104705628982824,1.9994537262357412,1,35.11581788510177,35.052020893425684,false
draft_2,R3,1,1922-04,7.039599999999998,97.16030328962366,99.94513849837014,54.556719999999984,3.019204864511367,1.9985043090399202,1,35.17697897011584,35.07479756943025,false
draft_2,R3,1,1922-05,7.327719999999998,96.89947760000865,99.91578783574015,54.478515999999985,3.029483235300421,1.997256924918507,1,35.24412860351019,35.09864088215306,false
draft_2,R3,1,1922-06,7.529403999999998,96.71773127283399,99.88318887197079,54.415129599999986,3.0409024890203966,1.9957893917870073,1,35.3154836049135,35.12299808461528,false
draft_2,R3,1,1922-07,9.770582799999998,94.7430516876148,99.84819858650013,54.364708599999986,3.0531634110564614,1.9941594435985395,1,35.426753032179235,35.159247748250294,false
draft_2,R3,1,1922-08,11.339407959999999,93.408077073091,99.79669193569569,54.262178535999986,3.07121814618114,1.9924099293250066,1,35.56761885827976,35.20414813974113,false
draft_2,R3,1,1922-09,12.437585572,92.49576062214805,99.73301894636569,54.14334273639999,3.093549093062485,1.9898345967847846,1,35.72886911927747,35.25478452384373,false
draft_2,R3,1,1922-10,13.206309900399999,91.86767070801992,99.66032975825657,54.02721234831999,3.1190584139543707,1.9866509473182845,1,35.904270365563015,35.30919401257598,false
draft_2,R3,1,1922-11,13.744416930279998,91.43305913972652,99.58094985801857,53.92285934681199,3.146936071143235,1.9830164879128283,1,36.089548011362915,35.366037233245976,false
draft_2,R3,1,1922-12,14.121091851195999,91.13126970043977,99.49661212595282,53.833669034859994,3.176578493981238,1.9790474929009285,1,36.28174382877312,35.42439193928747,false
draft_2,R3,1,1923-01,18.8847642958372,87.47967043211912,99.40861253951228,53.75993556886611,3.2075341763869916,1.974830606297641,1,36.547628261333614,35.505493599091885,false
draft_2,R3,1,1923-02,22.219335007086038,85.0929192127991,99.29055128955805,53.56541196933116,3.249101437440511,1.9704306269756138,1,36.86655350760439,35.602845058837254,false
draft_2,R3,1,1923-03,24.553534504960226,83.49823263815794,99.15077455253395,53.329208328319226,3.2983728508056847,0.9645275644779026,1,37.22122456152382,35.710972390396215,false
draft_2,R3,1,1923-04,26.187474153472156,82.41705501887833,98.9950324680465,53.09383979467465,3.3533494556951666,0.9575387276266973,1,37.60037176359099,35.82632954648738,false
draft_2,R3,1,1923-05,27.331231907430507,81.67674060956841,98.82747747259099,52.88006363166809,3.412589042720265,0.9497516234023251,1,37.99645674491217,35.94655948943082,false
draft_2,R3,1,1923-06,28.131862335201355,81.16638446097755,98.65118395766771,52.69610758494474,3.475023834947216,0.9413738736295492,1,38.4043464518061,36.07006771402429,false
draft_2,R3,1,1923-07,37.69230363464095,75.53072848280493,98.46845502280902,52.54331943940527,3.5398533936355188,0.9325591978833856,1,38.92614666149415,36.22922094861969,false
draft_2,R3,1,1923-08,44.38461254424867,72.0298362598215,98.23941308296952,52.14955449854446,3.6212649268267874,0.9234227511404511,1,39.52625570289336,36.41282411558215,false
draft_2,R3,1,1923-09,49.069228780974065,69.76624273867156,97.97758737143275,51.67314977265366,3.714546224181929,-0.088029345851524,1,40.1775714967975,36.61232095238787,false
draft_2,R3,1,1923-10,70.34846014668184,61.051329674743634,97.69171541011845,51.19912797742833,3.816666708207217,-0.10112063142836258,1,49.007605145315274,39.39444089829771,true
draft_2,R3,1,1923-11,85.24392210267729,56.14219285551228,97.33162136056615,50.22893577979937,3.945677563236436,-1.1154142294940776,1,49.94926671571964,39.685262256947645,true
draft_2,R3,1,1923-12,95.6707454718741,53.15051043997227,96.92046492984566,49.10293738277924,4.093527510397055,-1.1334189319716927,1,50.9601814805005,39.99788787892575,true
draft_2,R3,1,1924-01,102.96952183031186,51.239220086918706,96.47147907746773,45.00193380378924,4.255665659905542,-0.15397675350771678,1,52.016466153516376,40.4313034246312,true
draft_2,R3,1,1924-02,108.07866528121829,49.98109722563053,95.95047787765343,41.91226800774311,4.4446856911922765,-0.1764260461266134,1,53.11135422464713,40.77142678147852,true
draft_2,R3,1,1924-03,111.6550656968528,49.136551330624,95.37830984529405,39.59622764698362,4.653396284151625,-0.20247610611732858,1,54.23297849451433,41.121407753397044,true
draft_2,R3,1,1924-04,78.15854598779696,49.136551330624,94.77641874007203,40.86770738198295,4.87426608900496,1.7689154922647028,1,55.36068237032852,41.4751398223358,true
draft_2,R3,1,1924-05,54.710982191457866,49.136551330624,94.19640185267338,42.762638787754156,5.0884606252495495,1.7388209370036016,1,56.48504861183834,41.82929534970477,true
draft_2,R3,1,1924-06,38.297687534020504,49.136551330624,93.64670893610793,44.792517685684174,5.29270677161384,2.709820092633669,1,57.60444065840801,42.18298580841871,true
draft_2,R3,1,1924-07,26.80838127381435,49.136551330624,93.12873753157461,46.70583175395831,5.486296053763998,0.6823354468053964,1,58.71850427287061,42.535718690967336,true
draft_2,R3,1,1924-08,18.765866891670044,49.136551330624,92.64035876880406,48.389830789556385,5.669840437055717,0.6564368765787307,1,59.82754543790399,42.8872398651081,true
draft_2,R3,1,1924-09,13.13610682416903,49.136551330624,92.17794206665215,49.80990554593936,5.844543825410546,1.6320179384402032,1,60.93216610546893,43.2437948743814,true
draft_2,R3,1,1924-10,9.19527477691832,49.136551330624,91.73746846449951,50.972850677432476,6.011791821294365,1.6088971033326076,1,62.03305907679836,43.603229420024356,true
draft_2,R3,1,1924-11,6.436692343842823,49.136551330624,91.31510251804438,51.90513723089518,6.172934355237844,1.5868734232249757,1,63.13089931715762,43.9656100435812,true
draft_2,R3,1,1924-12,4.505684640689976,51.136551330624,90.90745095131619,52.64049529131134,6.3291823847756445,1.565755125902219,1,64.18629230531404,44.31871995495505,true
draft_2,R3,1,1925-01,3.153979248482983,53.136551330624,90.51991234247214,53.21317616469723,6.478387440770513,1.5453725475658096,1,65.19816380669899,44.662159437442746,true
draft_2,R3,1,1925-02,2.207785473938088,55.136551330624,90.15628485068125,53.65460393783357,6.618985922180105,1.5259956171236069,1,66.16573202079131,44.995643720537366,true
draft_2,R3,1,1925-03,1.5454498317566616,57.136551330624,89.81451271547898,53.99198919226535,6.751666907780732,1.5078142425340624,1,67.08934148697914,45.31503079725572,true
draft_2,R3,1,1925-04,1.0818148822296632,59.136551330624,89.4929518351091,54.248028939633045,6.876976620795591,1.4907256357739491,1,67.96926531687409,45.62040511289561,true
draft_2,R3,1,1925-05,0.7572704175607642,61.136551330624,89.19029816713928,54.441165811276235,6.99534212513677,1.474647591755455,1,68.80571704243219,45.911838885289,true
draft_2,R3,1,1925-06,0.5300892922925349,63.136551330624,88.54876118031298,50.986097955366546,7.247093660901823,1.4595149083569638,1,69.66886178370223,46.21235986387084,true
draft_2,R3,1,1925-07,0.3710625046047744,65.136551330624,87.88011521055843,48.5743658899878,7.511384302910401,1.427438059015649,1,70.49827607809404,46.50263473556188,true
draft_2,R3,1,1925-08,0.2597437532233421,67.136551330624,87.19878761897671,46.89092424785332,7.782736538262218,1.3940057605279215,1,71.29122116915747,46.78214145873134,true
draft_2,R3,1,1925-09,0.18182062725633946,69.136551330624,86.5146750018803,45.715854660900625,8.057326842235241,1.3599393809488354,1,72.0457852945315,47.05053862660273,true
draft_2,R3,1,1925-10,0.1272744390794376,71.136551330624,85.83452278088495,44.89564364381275,8.332486261539765,1.3257337500940154,1,72.76063397757127,47.30760990991694,true
draft_2,R3,1,1925-11,0.08909210735560633,71.136551330624,85.1628908714975,44.32313231749654,8.606351788684002,1.2917261390442476,1,73.47483571453091,47.56522841213115,true
draft_2,R3,1,1925-12,0.062364475148924424,71.136551330624,84.48920079208092,43.923519859026904,8.883223000291398,1.2581445435748748,1,74.19054029372212,47.82417401503966,true
draft_2,R3,1,1926-01,0.043655132604247096,71.136551330624,83.98475397047743,45.44459296706436,9.09219217730576,1.2244600396040461,1,74.87229385561682,48.072829503198435,true
draft_2,R3,1,1926-02,0.030558592822972967,73.136551330624,83.50248101540518,46.50990542296692,9.293175720502925,1.1992376985238713,1,75.51005460060293,48.308921624367564,true
draft_2,R3,1,1926-03,0.021391014976081077,75.136551330624,83.04968129018688,47.25601703829216,9.482966373306601,1.175124050770259,1,76.10221890039229,48.5318336874955,true
draft_2,R3,1,1926-04,0.014973710483256754,77.136551330624,82.62191951105221,47.77857019635523,9.66323994012982,1.1524840645093442,1,76.64962465719141,48.74178816528515,true
draft_2,R3,1,1926-05,0.010481597338279728,79.136551330624,82.2160566519749,48.14454992613416,9.835170102873208,1.1310959755526107,1,77.15285871195063,48.938950875093354,true
draft_2,R3,1,1926-06,0.007337118136795809,81.136551330624,81.82985548970322,48.400870500373756,9.999578872035256,1.1108028325987447,1,77.61233206991916,49.12344740142384,true
draft_2,R3,1,1926-07,0.005135982695757066,83.136551330624,81.8708567218833,50.38038923671752,9.982041958182547,1.091492774485161,1,77.9494116812427,49.26931595623102,true
draft_2,R3,1,1926-08,0.003595187887029946,85.136551330624,81.94928756922442,51.76611838622138,9.948512570964033,1.093542836094165,1,78.24645387027043,49.40326943112223,true
draft_2,R3,1,1926-09,0.0025166315209209623,87.136551330624,82.05793936544008,52.73617501471835,9.902108105710623,1.0974643784612212,1,78.5036166785482,49.52510403865207,true
draft_2,R3,1,1926-10,0.0017616420646446734,89.136551330624,82.1918046142546,53.415247011357216,9.845010843157604,1.1028969682720038,1,78.72103556549732,49.63466725098169,true
draft_2,R3,1,1926-11,0.0012331494452512714,91.136551330624,82.34741105585908,53.89062005868811,9.778748452622231,1.1095902307127297,1,78.89883281691586,49.73184196249448,true
draft_2,R3,1,1926-12,0.00086320461167589,93.136551330624,82.52235954004404,54.223397046598315,9.704390353588371,1.1173705527929543,1,79.03712415534461,49.816535342915024,true
draft_2,R3,1,1927-01,0.0006042432281731229,95.136551330624,82.71500251414079,54.45635203648047,9.622685175367982,1.1261179770022018,1,79.13602330473537,49.888670991990146,true
draft_2,R3,1,1927-02,0.000422970259721186,97.136551330624,82.92421993176963,54.61942829823948,9.534156983450712,1.1357501257070397,1,79.19564508405789,49.94818341801114,true
draft_2,R3,1,1927-03,0.0002960791818048302,99.136551330624,83.14926286006262,54.73358711965984,9.439172641159209,1.1462109965884815,1,79.21610745822136,49.9950141519492,true
draft_2,R3,1,1927-04,0.0002072554272633811,100,83.3896442338202,54.81350210138643,9.337988965055247,1.157463143003131,1,79.2202638862619,50.03587543935725,true
draft_2,R3,1,1927-05,0.00014507879908436677,100,83.6374803675093,54.86944525330769,9.233968079022969,1.1694822116910104,1,79.2253294242162,50.075885374628264,true
draft_2,R3,1,1927-06,0.00010155515935905674,100,83.88675491810231,54.908607324951404,9.129653491443102,1.1818740183754648,1,79.23120118305778,50.11503616676928,true
draft_2,R3,1,1927-07,0.00007108861155133971,100,83.88560492286234,54.9360220808112,9.130133302987108,1.1943377459051157,1,79.23144108882978,50.153642455887216,true
draft_2,R3,1,1927-08,0.0000497620280859378,100,83.88479989889441,54.95521332390949,9.130469187062848,1.194280246143117,1,79.23160903086766,50.19159802687735,true
draft_2,R3,1,1927-09,0.000034833419660156455,100,83.88423636069011,54.96864783387579,9.130704317112324,1.1942399949447207,1,79.2317265958924,50.22890729468726,true
draft_2,R3,1,1927-10,0.000024383393762109517,100,83.88384186781308,54.97805243871046,9.130868915984475,1.1942118180345056,1,79.23180889532847,50.2655733499275,true
draft_2,R3,1,1927-11,0.000017068375633476662,100,83.88356571094899,54.98463597559551,9.130984140681246,1.1941920933906538,1,79.23186650767686,50.301598356128515,true
draft_2,R3,1,1927-12,0.000011947862943433663,100,83.88337239257638,54.98924467086559,9.13106480180937,1.1941782855474492,1,79.23190683824092,50.33698382783373,true
draft_2,R3,1,1928-01,0.000008363504060403562,100,83.88323706358453,54.99247091117002,9.131121267287325,1.1941686196288188,1,79.2319350709799,50.371730825274064,true
draft_2,R4,0,1922-01,5.199999999999999,98.85931558935361,100,54.879999999999995,3,2,1,35.02281368821293,35.01320677946768,false
draft_2,R4,0,1922-02,6.039999999999999,98.0761976612599,99.98907452471482,54.75999999999999,3.00382391634981,2,1,35.06128973498773,35.030478960658264,false
draft_2,R4,0,1922-03,6.627999999999998,97.53535656675545,99.9700861807984,54.65079999999999,3.0104705628982824,1.9994537262357412,1,35.110582603652624,35.05030197601655,false
draft_2,R4,0,1922-04,7.039599999999998,97.16030328962366,99.94513849837014,54.556719999999984,3.019204864511367,1.9985043090399202,1,35.16737653786015,35.071644770839626,false
draft_2,R4,0,1922-05,7.327719999999998,96.89947760000865,99.91578783574015,54.478515999999985,3.029483235300421,1.997256924918507,1,35.229386985859975,35.093800717691245,false
draft_2,R4,0,1922-06,7.529403999999998,96.71773127283399,99.88318887197079,54.415129599999986,3.0409024890203966,1.9957893917870073,1,35.2950323604033,35.11628325933444,false
draft_2,R4,0,1922-07,9.770582799999998,94.7430516876148,99.84819858650013,54.364708599999986,3.0531634110564614,1.9941594435985395,1,35.400171326651,35.15052008826852,false
draft_2,R4,0,1922-08,11.339407959999999,93.408077073091,99.79669193569569,54.262178535999986,3.07121814618114,1.9924099293250066,1,35.53200978518918,35.192456494076396,false
draft_2,R4,0,1922-09,12.437585572,92.49576062214805,99.73301894636569,54.14334273639999,3.093549093062485,1.9898345967847846,1,35.68209457274622,35.23942688106597,false
draft_2,R4,0,1922-10,13.206309900399999,91.86767070801992,99.66032975825657,54.02721234831999,3.1190584139543707,1.9866509473182845,1,35.844741158585826,35.28964858961847,false
draft_2,R4,0,1922-11,13.744416930279998,91.43305913972652,99.58094985801857,53.92285934681199,3.146936071143235,1.9830164879128283,1,36.01607997579129,35.3419152282333,false
draft_2,R4,0,1922-12,14.121091851195999,91.13126970043977,99.49661212595282,53.833669034859994,3.176578493981238,1.9790474929009285,1,36.1934545817825,35.39540363652554,false
draft_2,R4,0,1923-01,18.8847642958372,87.47967043211912,99.40861253951228,53.75993556886611,3.2075341763869916,1.974830606297641,1,36.443861173140114,35.47142340513502,false
draft_2,R4,0,1923-02,22.219335007086038,85.0929192127991,99.29055128955805,53.56541196933116,3.249101437440511,1.9704306269756138,1,36.74200278888413,35.561950906190766,false
draft_2,R4,0,1923-03,24.553534504960226,83.49823263815794,99.15077455253395,53.329208328319226,3.2983728508056847,0.9645275644779026,1,37.07203813612097,35.66198951405561,false
draft_2,R4,0,1923-04,26.187474153472156,82.41705501887833,98.9950324680465,53.09383979467465,3.3533494556951666,0.9575387276266973,1,37.42369703574341,35.768321344177416,false
draft_2,R4,0,1923-05,27.331231907430507,81.67674060956841,98.82747747259099,52.88006363166809,3.412589042720265,0.9497516234023251,1,37.79016222355204,35.87882612158424,false
draft_2,R4,0,1923-06,28.131862335201355,81.16638446097755,98.65118395766771,52.69610758494474,3.475023834947216,0.9413738736295492,1,38.16683453433249,35.99208463445379,false
draft_2,R4,0,1923-07,37.69230363464095,75.53072848280493,98.46845502280902,52.54331943940527,3.5398533936355188,0.9325591978833856,1,38.65621996467639,36.14059501649786,false
draft_2,R4,0,1923-08,44.38461254424867,72.0298362598215,98.23941308296952,52.14955449854446,3.6212649268267874,0.9234227511404511,1,39.21562323947996,36.310833123428075,false
draft_2,R4,0,1923-09,49.069228780974065,69.76624273867156,97.97758737143275,51.67314977265366,3.714546224181929,-0.088029345851524,1,39.820298384706525,36.495016280584665,false
draft_2,R4,0,1923-10,70.34846014668184,61.051329674743634,97.69171541011845,51.19912797742833,3.816666708207217,-0.10112063142836258,1,48.599271791211656,39.26037144703369,true
draft_2,R4,0,1923-11,85.24392210267729,56.14219285551228,97.33162136056615,50.22893577979937,3.945677563236436,-1.1154142294940776,1,49.47642793410141,39.53001352364966,true
draft_2,R4,0,1923-12,95.6707454718741,53.15051043997227,96.92046492984566,49.10293738277924,4.093527510397055,-1.1334189319716927,1,50.41341772530196,39.81836711263556,true
draft_2,R4,0,1924-01,102.96952183031186,51.239220086918706,96.47147907746773,45.00193380378924,4.255665659905542,-0.15397675350771678,1,51.38863332356359,40.00700023375197,true
draft_2,R4,0,1924-02,108.07866528121829,49.98109722563053,95.95047787765343,41.91226800774311,4.4446856911922765,-0.1764260461266134,1,52.38901137905098,40.28690603275755,true
draft_2,R4,0,1924-03,111.6550656968528,49.136551330624,95.37830984529405,39.59622764698362,4.653396284151625,-0.20247610611732858,1,53.4062803524385,40.57206638006598,true
draft_2,R4,0,1924-04,78.15854598779696,49.136551330624,94.77641874007203,40.86770738198295,4.87426608900496,1.7689154922647026,1,54.42354932582602,40.857531308723516,true
draft_2,R4,0,1924-05,54.710982191457866,49.136551330624,94.19640185267338,42.762638787754156,5.0884606252495495,1.7388209370036014,1,55.44081829921355,41.14310900828654,true
draft_2,R4,0,1924-06,38.297687534020504,49.136551330624,93.64670893610793,44.792517685684174,5.29270677161384,2.7098200926336684,1,56.45808727260107,41.428513616838735,true
draft_2,R4,0,1924-07,26.80838127381435,49.136551330624,93.12873753157461,46.70583175395831,5.486296053763998,-2.3176645531946036,0.5,57.47535624598859,41.731452253524516,true
draft_2,R4,0,1924-08,18.765866891670044,49.136551330624,92.64035876880406,48.389830789556385,5.669840437055717,-2.3435631234212693,0.5,58.492625219376116,42.034225581973224,true
draft_2,R4,0,1924-09,13.13610682416903,49.136551330624,92.17794206665215,49.80990554593936,5.844543825410546,-1.3679820615597968,1,59.50989419276364,42.32372094720475,true
draft_2,R4,0,1924-10,9.19527477691832,49.136551330624,91.73746846449951,50.972850677432476,6.011791821294365,-1.3911028966673924,1,60.52716316615116,42.61622151389694,true
draft_2,R4,0,1924-11,6.436692343842823,49.136551330624,91.31510251804438,51.90513723089518,6.172934355237844,-1.4131265767750243,1,61.544432139538685,42.911612302532,true
draft_2,R4,0,1924-12,4.505684640689976,51.136551330624,90.90745095131619,52.64049529131134,6.3291823847756445,-1.434244874097781,1,62.5217011129262,43.197509864730044,true
draft_2,R4,0,1925-01,3.153979248482983,53.136551330624,90.51991234247214,53.21317616469723,6.478387440770513,-1.4546274524341904,1,63.45897008631372,43.47391343966418,true
draft_2,R4,0,1925-02,2.207785473938088,55.136551330624,90.15628485068125,53.65460393783357,6.618985922180105,-1.4740043828763931,1,64.35623905970124,43.74085146450508,true
draft_2,R4,0,1925-03,1.5454498317566616,57.136551330624,89.81451271547898,53.99198919226535,6.751666907780732,-1.4921857574659376,1,65.21350803308876,43.99412080005957,true
draft_2,R4,0,1925-04,1.0818148822296632,59.136551330624,89.4929518351091,54.248028939633045,6.876976620795591,-1.5092743642260509,1,66.03077700647627,44.233764624669625,true
draft_2,R4,0,1925-05,0.7572704175607642,61.136551330624,89.19029816713928,54.441165811276235,6.99534212513677,-1.525352408244545,1,66.80804597986379,44.45983064681195,true
draft_2,R4,0,1925-06,0.5300892922925349,63.136551330624,88.54876118031298,50.986097955366546,7.247093660901823,-1.5404850916430362,1,67.5453149532513,44.67143316656577,true
draft_2,R4,0,1925-07,0.3710625046047744,65.136551330624,87.88011521055843,48.5743658899878,7.511384302910401,-0.572561940984351,1,68.24258392663883,44.86899556760463,true
draft_2,R4,0,1925-08,0.2597437532233421,67.136551330624,87.19878761897671,46.89092424785332,7.782736538262218,-0.6059942394720785,1,68.89985290002635,45.05284866220257,true
draft_2,R4,0,1925-09,0.18182062725633946,69.136551330624,86.5146750018803,45.715854660900625,8.057326842235241,-0.6400606190511646,1,69.51712187341387,45.22325747557438,true
draft_2,R4,0,1925-10,0.1272744390794376,71.136551330624,85.83452278088495,44.89564364381275,8.332486261539765,-0.6742662499059846,1,70.09439084680139,45.38044009443532,true
draft_2,R4,0,1925-11,0.08909210735560633,71.136551330624,85.1628908714975,44.32313231749654,8.606351788684002,-0.7082738609557524,1,70.6716598201889,45.53658396253099,true
draft_2,R4,0,1925-12,0.062364475148924424,71.136551330624,84.48920079208092,43.923519859026904,8.883223000291398,-0.7418554564251252,1,71.24892879357643,45.69174337716539,true
draft_2,R4,0,1926-01,0.043655132604247096,71.136551330624,83.98475397047743,45.44459296706436,9.09219217730576,-0.7755399603959539,1,71.82619776696394,45.84638769679999,true
draft_2,R4,0,1926-02,0.030558592822972967,73.136551330624,83.50248101540518,46.50990542296692,9.293175720502925,-0.8007623014761287,1,72.36346674035147,45.988459832396266,true
draft_2,R4,0,1926-03,0.021391014976081077,75.136551330624,83.04968129018688,47.25601703829216,9.482966373306601,-0.8248759492297411,1,72.86073571373899,46.117943117504225,true
draft_2,R4,0,1926-04,0.014973710483256754,77.136551330624,82.62191951105221,47.77857019635523,9.66323994012982,-0.8475159354906558,1,73.3180046871265,46.23484740913355,true
draft_2,R4,0,1926-05,0.010481597338279728,79.136551330624,82.2160566519749,48.14454992613416,9.835170102873208,-0.8689040244473893,1,73.73527366051403,46.339200633549176,true
draft_2,R4,0,1926-06,0.007337118136795809,81.136551330624,81.82985548970322,48.400870500373756,9.999578872035256,-0.8891971674012553,1,74.11254263390154,46.431042819015865,true
draft_2,R4,0,1926-07,0.005135982695757066,83.136551330624,81.8708567218833,50.38038923671752,9.982041958182547,-0.908507225514839,1,74.44109593241005,46.51136263163097,true
draft_2,R4,0,1926-08,0.003595187887029946,85.136551330624,81.94928756922442,51.76611838622138,9.948512570964033,-0.906457163905835,1,74.72110096379741,46.579987540639536,true
draft_2,R4,0,1926-09,0.0025166315209209623,87.136551330624,82.05793936544008,52.73617501471835,9.902108105710623,-0.9025356215387788,1,74.95367528029868,46.63679830494187,true
draft_2,R4,0,1926-10,0.0017616420646446734,89.136551330624,82.1918046142546,53.415247011357216,9.845010843157604,-0.8971030317279962,1,75.13960793308448,46.681712612734756,true
draft_2,R4,0,1926-11,0.0012331494452512714,91.136551330624,82.34741105585908,53.89062005868811,9.778748452622231,-0.8904097692872703,1,75.27944592387044,46.714673542741984,true
draft_2,R4,0,1926-12,0.00086320461167589,93.136551330624,82.52235954004404,54.223397046598315,9.704390353588371,-0.8826294472070457,1,75.37355961638238,46.73564142650731,true
draft_2,R4,0,1927-01,0.0006042432281731229,95.136551330624,82.71500251414079,54.45635203648047,9.622685175367982,-0.8738820229977982,1,75.42219180493878,46.74458810959751,true
draft_2,R4,0,1927-02,0.000422970259721186,97.136551330624,82.92421993176963,54.61942829823948,9.534156983450712,-0.8642498742929603,1,75.42549426938133,46.7414929047605,true
draft_2,R4,0,1927-03,0.0002960791818048302,99.136551330624,83.14926286006262,54.73358711965984,9.439172641159209,-0.8537890034115185,1,75.38355485188042,46.72633973835496,true
draft_2,R4,0,1927-04,0.0002072554272633811,100,83.3896442338202,54.81350210138643,9.337988965055247,-0.842536856996869,1,75.31914844206682,46.70588156489247,true
draft_2,R4,0,1927-05,0.00014507879908436677,100,83.6374803675093,54.86944525330769,9.233968079022969,-0.8305177883089896,1,75.2515959143212,46.685255109777906,true
draft_2,R4,0,1927-06,0.00010155515935905674,100,83.88675491810231,54.908607324951404,9.129653491443102,-0.8181259816245352,1,75.18251563108163,46.66445451065844,true
draft_2,R4,0,1927-07,0.00007108861155133971,100,83.88560492286234,54.9360220808112,9.130133302987108,-0.8056622540948843,1,75.18251563108163,46.64302748869162,true
draft_2,R4,0,1927-08,0.0000497620280859378,100,83.88479989889441,54.95521332390949,9.130469187062848,-0.805719753856883,1,75.18251563108163,46.62097117105094,true
draft_2,R4,0,1927-09,0.000034833419660156455,100,83.88423636069011,54.96864783387579,9.130704317112324,-0.8057600050552793,1,75.18251563108163,46.598283546662024,true
draft_2,R4,0,1927-10,0.000024383393762109517,100,83.88384186781308,54.97805243871046,9.130868915984475,-0.8057881819654944,1,75.18251563108163,46.574963207705785,true
draft_2,R4,0,1927-11,0.000017068375633476662,100,83.88356571094899,54.98463597559551,9.130984140681246,-0.8058079066093462,1,75.18251563108163,46.551009168661935,true
draft_2,R4,0,1927-12,0.000011947862943433663,100,83.88337239257638,54.98924467086559,9.13106480180937,-0.8058217144525508,1,75.18251563108163,46.5264207396334,true
draft_2,R4,0,1928-01,0.000008363504060403562,100,83.88323706358453,54.99247091117002,9.131121267287325,-0.8058313803711812,1,75.18251563108163,46.501197437669255,true
draft_2,R4,1,1922-01,5.199999999999999,98.85931558935361,100,54.879999999999995,3,2,1,35.02281368821293,35.01320677946768,false
draft_2,R4,1,1922-02,6.039999999999999,98.0761976612599,99.98907452471482,54.75999999999999,3.00382391634981,2,1,35.06320169316264,35.031106720259025,false
draft_2,R4,1,1922-03,6.627999999999998,97.53535656675545,99.9700861807984,54.65079999999999,3.0104705628982824,1.9994537262357412,1,35.11581788510177,35.052020893425684,false
draft_2,R4,1,1922-04,7.039599999999998,97.16030328962366,99.94513849837014,54.556719999999984,3.019204864511367,1.9985043090399202,1,35.17697897011584,35.07479756943025,false
draft_2,R4,1,1922-05,7.327719999999998,96.89947760000865,99.91578783574015,54.478515999999985,3.029483235300421,1.997256924918507,1,35.24412860351019,35.09864088215306,false
draft_2,R4,1,1922-06,7.529403999999998,96.71773127283399,99.88318887197079,54.415129599999986,3.0409024890203966,1.9957893917870073,1,35.3154836049135,35.12299808461528,false
draft_2,R4,1,1922-07,9.770582799999998,94.7430516876148,99.84819858650013,54.364708599999986,3.0531634110564614,1.9941594435985395,1,35.426753032179235,35.159247748250294,false
draft_2,R4,1,1922-08,11.339407959999999,93.408077073091,99.79669193569569,54.262178535999986,3.07121814618114,1.9924099293250066,1,35.56761885827976,35.20414813974113,false
draft_2,R4,1,1922-09,12.437585572,92.49576062214805,99.73301894636569,54.14334273639999,3.093549093062485,1.9898345967847846,1,35.72886911927747,35.25478452384373,false
draft_2,R4,1,1922-10,13.206309900399999,91.86767070801992,99.66032975825657,54.02721234831999,3.1190584139543707,1.9866509473182845,1,35.904270365563015,35.30919401257598,false
draft_2,R4,1,1922-11,13.744416930279998,91.43305913972652,99.58094985801857,53.92285934681199,3.146936071143235,1.9830164879128283,1,36.089548011362915,35.366037233245976,false
draft_2,R4,1,1922-12,14.121091851195999,91.13126970043977,99.49661212595282,53.833669034859994,3.176578493981238,1.9790474929009285,1,36.28174382877312,35.42439193928747,false
draft_2,R4,1,1923-01,18.8847642958372,87.47967043211912,99.40861253951228,53.75993556886611,3.2075341763869916,1.974830606297641,1,36.547628261333614,35.505493599091885,false
draft_2,R4,1,1923-02,22.219335007086038,85.0929192127991,99.29055128955805,53.56541196933116,3.249101437440511,1.9704306269756138,1,36.86655350760439,35.602845058837254,false
draft_2,R4,1,1923-03,24.553534504960226,83.49823263815794,99.15077455253395,53.329208328319226,3.2983728508056847,0.9645275644779026,1,37.22122456152382,35.710972390396215,false
draft_2,R4,1,1923-04,26.187474153472156,82.41705501887833,98.9950324680465,53.09383979467465,3.3533494556951666,0.9575387276266973,1,37.60037176359099,35.82632954648738,false
draft_2,R4,1,1923-05,27.331231907430507,81.67674060956841,98.82747747259099,52.88006363166809,3.412589042720265,0.9497516234023251,1,37.99645674491217,35.94655948943082,false
draft_2,R4,1,1923-06,28.131862335201355,81.16638446097755,98.65118395766771,52.69610758494474,3.475023834947216,0.9413738736295492,1,38.4043464518061,36.07006771402429,false
draft_2,R4,1,1923-07,37.69230363464095,75.53072848280493,98.46845502280902,52.54331943940527,3.5398533936355188,0.9325591978833856,1,38.92614666149415,36.22922094861969,false
draft_2,R4,1,1923-08,44.38461254424867,72.0298362598215,98.23941308296952,52.14955449854446,3.6212649268267874,0.9234227511404511,1,39.52625570289336,36.41282411558215,false
draft_2,R4,1,1923-09,49.069228780974065,69.76624273867156,97.97758737143275,51.67314977265366,3.714546224181929,-0.088029345851524,1,40.1775714967975,36.61232095238787,false
draft_2,R4,1,1923-10,70.34846014668184,61.051329674743634,97.69171541011845,51.19912797742833,3.816666708207217,-0.10112063142836258,1,49.007605145315274,39.39444089829771,true
draft_2,R4,1,1923-11,85.24392210267729,56.14219285551228,97.33162136056615,50.22893577979937,3.945677563236436,-1.1154142294940776,1,49.94926671571964,39.685262256947645,true
draft_2,R4,1,1923-12,95.6707454718741,53.15051043997227,96.92046492984566,49.10293738277924,4.093527510397055,-1.1334189319716927,1,50.9601814805005,39.99788787892575,true
draft_2,R4,1,1924-01,102.96952183031186,51.239220086918706,96.47147907746773,45.00193380378924,4.255665659905542,-0.15397675350771678,1,52.016466153516376,40.21313867958647,true
draft_2,R4,1,1924-02,108.07866528121829,49.98109722563053,95.95047787765343,41.91226800774311,4.4446856911922765,-0.1764260461266134,1,53.11135422464713,40.52407526706162,true
draft_2,R4,1,1924-03,111.6550656968528,49.136551330624,95.37830984529405,39.59622764698362,4.653396284151625,-0.20247610611732858,1,54.23297849451433,40.84349893671422,true
draft_2,R4,1,1924-04,78.15854598779696,49.136551330624,94.77641874007203,40.86770738198295,4.87426608900496,1.7689154922647026,1,55.36068237032852,41.16522332500184,true
draft_2,R4,1,1924-05,54.710982191457866,49.136551330624,94.19640185267338,42.762638787754156,5.0884606252495495,1.7388209370036014,1,56.48504861183834,41.48596462759834,true
draft_2,R4,1,1924-06,38.297687534020504,49.136551330624,93.64670893610793,44.792517685684174,5.29270677161384,2.7098200926336684,1,57.60444065840801,41.80489964517868,true
draft_2,R4,1,1924-07,26.80838127381435,49.136551330624,93.12873753157461,46.70583175395831,5.486296053763998,-2.3176645531946036,0.5,58.71850427287061,42.139619189017445,true
draft_2,R4,1,1924-08,18.765866891670044,49.136551330624,92.64035876880406,48.389830789556385,5.669840437055717,-2.3435631234212693,0.5,59.82754543790399,42.472524387056545,true
draft_2,R4,1,1924-09,13.13610682416903,49.136551330624,92.17794206665215,49.80990554593936,5.844543825410546,-1.3679820615597968,1,60.93216610546893,42.790700225209655,true
draft_2,R4,1,1924-10,9.19527477691832,49.136551330624,91.73746846449951,50.972850677432476,6.011791821294365,-1.3911028966673924,1,62.03305907679836,43.11065733789277,true
draft_2,R4,1,1924-11,6.436692343842823,49.136551330624,91.31510251804438,51.90513723089518,6.172934355237844,-1.4131265767750243,1,63.13089931715762,43.43250235918355,true
draft_2,R4,1,1924-12,4.505684640689976,51.136551330624,90.90745095131619,52.64049529131134,6.3291823847756445,-1.434244874097781,1,64.18629230531404,43.74405063956405,true
draft_2,R4,1,1925-01,3.153979248482983,53.136551330624,90.51991234247214,53.21317616469723,6.478387440770513,-1.4546274524341904,1,65.19816380669899,44.04494871119068,true
draft_2,R4,1,1925-02,2.207785473938088,55.136551330624,90.15628485068125,53.65460393783357,6.618985922180105,-1.4740043828763931,1,66.16573202079131,44.33496832006299,true
draft_2,R4,1,1925-03,1.5454498317566616,57.136551330624,89.81451271547898,53.99198919226535,6.751666907780732,-1.4921857574659376,1,67.08934148697914,44.610019450753576,true
draft_2,R4,1,1925-04,1.0818148822296632,59.136551330624,89.4929518351091,54.248028939633045,6.876976620795591,-1.5092743642260509,1,67.96926531687409,44.87023495325024,true
draft_2,R4,1,1925-05,0.7572704175607642,61.136551330624,89.19029816713928,54.441165811276235,6.99534212513677,-1.525352408244545,1,68.80571704243219,45.115732645688574,true
draft_2,R4,1,1925-06,0.5300892922925349,63.136551330624,88.54876118031298,50.986097955366546,7.247093660901823,-1.5404850916430362,1,69.66886178370223,45.368664375897154,true
draft_2,R4,1,1925-07,0.3710625046047744,65.136551330624,87.88011521055843,48.5743658899878,7.511384302910401,-0.572561940984351,1,70.49827607809404,45.609614490665756,true
draft_2,R4,1,1925-08,0.2597437532233421,67.136551330624,87.19878761897671,46.89092424785332,7.782736538262218,-0.6059942394720785,1,71.29122116915747,45.838014577233956,true
draft_2,R4,1,1925-09,0.18182062725633946,69.136551330624,86.5146750018803,45.715854660900625,8.057326842235241,-0.6400606190511646,1,72.0457852945315,46.053501965508,true
draft_2,R4,1,1925-10,0.1272744390794376,71.136551330624,85.83452278088495,44.89564364381275,8.332486261539765,-0.6742662499059846,1,72.76063397757127,46.2558565890381,true
draft_2,R4,1,1925-11,0.08909210735560633,71.136551330624,85.1628908714975,44.32313231749654,8.606351788684002,-0.7082738609557524,1,73.47483571453091,46.45696004783995,true
draft_2,R4,1,1925-12,0.062364475148924424,71.136551330624,84.48920079208092,43.923519859026904,8.883223000291398,-0.7418554564251252,1,74.19054029372212,46.657572486379884,true
draft_2,R4,1,1926-01,0.043655132604247096,71.136551330624,83.98475397047743,45.44459296706436,9.09219217730576,-0.7755399603959539,1,74.87229385561682,46.84652257924102,true
draft_2,R4,1,1926-02,0.030558592822972967,73.136551330624,83.50248101540518,46.50990542296692,9.293175720502925,-0.8007623014761287,1,75.51005460060293,47.02158951317883,true
draft_2,R4,1,1926-03,0.021391014976081077,75.136551330624,83.04968129018688,47.25601703829216,9.482966373306601,-0.8248759492297411,1,76.10221890039229,47.18223009712206,true
draft_2,R4,1,1926-04,0.014973710483256754,77.136551330624,82.62191951105221,47.77857019635523,9.66323994012982,-0.8475159354906558,1,76.64962465719141,47.32872929930486,true
draft_2,R4,1,1926-05,0.010481597338279728,79.136551330624,82.2160566519749,48.14454992613416,9.835170102873208,-0.8689040244473893,1,77.15285871195063,47.461307725437536,true
draft_2,R4,1,1926-06,0.007337118136795809,81.136551330624,81.82985548970322,48.400870500373756,9.999578872035256,-0.8891971674012553,1,77.61233206991916,47.58014035050832,true
draft_2,R4,1,1926-07,0.005135982695757066,83.136551330624,81.8708567218833,50.38038923671752,9.982041958182547,-0.908507225514839,1,77.94088536842769,47.66046016312344,true
draft_2,R4,1,1926-08,0.003595187887029946,85.136551330624,81.94928756922442,51.76611838622138,9.948512570964033,-0.906457163905835,1,78.22089039981506,47.729085072131994,true
draft_2,R4,1,1926-09,0.0025166315209209623,87.136551330624,82.05793936544008,52.73617501471835,9.902108105710623,-0.9025356215387788,1,78.45346471631633,47.78589583643433,true
draft_2,R4,1,1926-10,0.0017616420646446734,89.136551330624,82.1918046142546,53.415247011357216,9.845010843157604,-0.8971030317279962,1,78.63939736910213,47.83081014422722,true
draft_2,R4,1,1926-11,0.0012331494452512714,91.136551330624,82.34741105585908,53.89062005868811,9.778748452622231,-0.8904097692872703,1,78.7792353598881,47.86377107423446,true
draft_2,R4,1,1926-12,0.00086320461167589,93.136551330624,82.52235954004404,54.223397046598315,9.704390353588371,-0.8826294472070457,1,78.87334905240003,47.88473895799977,true
draft_2,R4,1,1927-01,0.0006042432281731229,95.136551330624,82.71500251414079,54.45635203648047,9.622685175367982,-0.8738820229977982,1,78.92198124095644,47.893685641089974,true
draft_2,R4,1,1927-02,0.000422970259721186,97.136551330624,82.92421993176963,54.61942829823948,9.534156983450712,-0.8642498742929603,1,78.925283705399,47.89059043625297,true
draft_2,R4,1,1927-03,0.0002960791818048302,99.136551330624,83.14926286006262,54.73358711965984,9.439172641159209,-0.8537890034115185,1,78.88334428789808,47.87543726984742,true
draft_2,R4,1,1927-04,0.0002072554272633811,100,83.3896442338202,54.81350210138643,9.337988965055247,-0.842536856996869,1,78.81893787808448,47.85497909638494,true
draft_2,R4,1,1927-05,0.00014507879908436677,100,83.6374803675093,54.86944525330769,9.233968079022969,-0.8305177883089896,1,78.75138535033886,47.834352641270364,true
draft_2,R4,1,1927-06,0.00010155515935905674,100,83.88675491810231,54.908607324951404,9.129653491443102,-0.8181259816245352,1,78.68230506709929,47.813552042150896,true
draft_2,R4,1,1927-07,0.00007108861155133971,100,83.88560492286234,54.9360220808112,9.130133302987108,-0.8056622540948843,1,78.6825449728713,47.792203789245896,true
draft_2,R4,1,1927-08,0.0000497620280859378,100,83.88479989889441,54.95521332390949,9.130469187062848,-0.805719753856883,1,78.68271291490917,47.770202612574316,true
draft_2,R4,1,1927-09,0.000034833419660156455,100,83.88423636069011,54.96864783387579,9.130704317112324,-0.8057600050552793,1,78.68283047993391,47.747553588701855,true
draft_2,R4,1,1927-10,0.000024383393762109517,100,83.88384186781308,54.97805243871046,9.130868915984475,-0.8057881819654944,1,78.68291277936999,47.724260271393796,true
draft_2,R4,1,1927-11,0.000017068375633476662,100,83.88356571094899,54.98463597559551,9.130984140681246,-0.8058079066093462,1,78.68297039171837,47.700325148404325,true
draft_2,R4,1,1927-12,0.000011947862943433663,100,83.88337239257638,54.98924467086559,9.13106480180937,-0.8058217144525508,1,78.68301072228243,47.67574996124433,true
draft_2,R4,1,1928-01,0.000008363504060403562,100,83.88323706358453,54.99247091117002,9.131121267287325,-0.8058313803711812,1,78.68303895502142,47.65053592902949,true
draft_2,R5,0,1922-01,5.199999999999999,98.85931558935361,100,54.879999999999995,3,2,1,35.02281368821293,35.01320677946768,false
draft_2,R5,0,1922-02,6.039999999999999,98.0761976612599,99.98907452471482,54.75999999999999,3.00382391634981,2,1,35.06128973498773,35.030478960658264,false
draft_2,R5,0,1922-03,6.627999999999998,97.53535656675545,99.9700861807984,54.65079999999999,3.0104705628982824,1.9994537262357412,1,35.110582603652624,35.05030197601655,false
draft_2,R5,0,1922-04,7.039599999999998,97.16030328962366,99.94513849837014,54.556719999999984,3.019204864511367,1.9985043090399202,1,35.16737653786015,35.071644770839626,false
draft_2,R5,0,1922-05,7.327719999999998,96.89947760000865,99.91578783574015,54.478515999999985,3.029483235300421,1.997256924918507,1,35.229386985859975,35.093800717691245,false
draft_2,R5,0,1922-06,7.529403999999998,96.71773127283399,99.88318887197079,54.415129599999986,3.0409024890203966,1.9957893917870073,1,35.2950323604033,35.11628325933444,false
draft_2,R5,0,1922-07,9.770582799999998,94.7430516876148,99.84819858650013,54.364708599999986,3.0531634110564614,1.9941594435985395,1,35.400171326651,35.15052008826852,false
draft_2,R5,0,1922-08,11.339407959999999,93.408077073091,99.79669193569569,54.262178535999986,3.07121814618114,1.9924099293250066,1,35.53200978518918,35.192456494076396,false
draft_2,R5,0,1922-09,12.437585572,92.49576062214805,99.73301894636569,54.14334273639999,3.093549093062485,1.9898345967847846,1,35.68209457274622,35.23942688106597,false
draft_2,R5,0,1922-10,13.206309900399999,91.86767070801992,99.66032975825657,54.02721234831999,3.1190584139543707,1.9866509473182845,1,35.844741158585826,35.28964858961847,false
draft_2,R5,0,1922-11,13.744416930279998,91.43305913972652,99.58094985801857,53.92285934681199,3.146936071143235,1.9830164879128283,1,36.01607997579129,35.3419152282333,false
draft_2,R5,0,1922-12,14.121091851195999,91.13126970043977,99.49661212595282,53.833669034859994,3.176578493981238,1.9790474929009285,1,36.1934545817825,35.39540363652554,false
draft_2,R5,0,1923-01,18.8847642958372,87.47967043211912,99.40861253951228,53.75993556886611,3.2075341763869916,1.974830606297641,1,36.443861173140114,35.47142340513502,false
draft_2,R5,0,1923-02,22.219335007086038,85.0929192127991,99.29055128955805,53.56541196933116,3.249101437440511,1.9704306269756138,1,36.74200278888413,35.561950906190766,false
draft_2,R5,0,1923-03,24.553534504960226,83.49823263815794,99.15077455253395,53.329208328319226,3.2983728508056847,0.9645275644779026,1,37.07203813612097,35.66198951405561,false
draft_2,R5,0,1923-04,26.187474153472156,82.41705501887833,98.9950324680465,53.09383979467465,3.3533494556951666,0.9575387276266973,1,37.42369703574341,35.768321344177416,false
draft_2,R5,0,1923-05,27.331231907430507,81.67674060956841,98.82747747259099,52.88006363166809,3.412589042720265,0.9497516234023251,1,37.79016222355204,35.87882612158424,false
draft_2,R5,0,1923-06,28.131862335201355,81.16638446097755,98.65118395766771,52.69610758494474,3.475023834947216,0.9413738736295492,1,38.16683453433249,35.99208463445379,false
draft_2,R5,0,1923-07,37.69230363464095,75.53072848280493,98.46845502280902,52.54331943940527,3.5398533936355188,0.9325591978833856,1,38.65621996467639,36.14059501649786,false
draft_2,R5,0,1923-08,44.38461254424867,72.0298362598215,98.23941308296952,52.14955449854446,3.6212649268267874,0.9234227511404511,1,39.21562323947996,36.310833123428075,false
draft_2,R5,0,1923-09,49.069228780974065,69.76624273867156,97.97758737143275,51.67314977265366,3.714546224181929,-0.088029345851524,1,39.820298384706525,36.495016280584665,false
draft_2,R5,0,1923-10,70.34846014668184,61.051329674743634,97.69171541011845,51.19912797742833,3.816666708207217,-0.10112063142836258,1,48.599271791211656,39.26037144703369,true
draft_2,R5,0,1923-11,85.24392210267729,56.14219285551228,97.33162136056615,50.22893577979937,3.945677563236436,-1.1154142294940776,1,49.47642793410141,39.53001352364966,true
draft_2,R5,0,1923-12,95.6707454718741,53.15051043997227,96.92046492984566,49.10293738277924,4.093527510397055,-1.1334189319716927,1,50.41341772530196,39.81836711263556,true
draft_2,R5,0,1924-01,102.96952183031186,51.239220086918706,96.47147907746773,45.00193380378924,4.255665659905542,-0.15397675350771678,1,51.38863332356359,40.225164978796705,true
draft_2,R5,0,1924-02,108.07866528121829,49.98109722563053,95.95047787765343,41.91226800774311,4.4446856911922765,-0.1764260461266134,1,52.38901137905098,40.53425754717445,true
draft_2,R5,0,1924-03,111.6550656968528,49.136551330624,95.37830984529405,39.59622764698362,4.653396284151625,-0.20247610611732858,1,53.4062803524385,40.84997519674881,true
draft_2,R5,0,1924-04,78.15854598779696,49.136551330624,94.77641874007203,40.86770738198295,4.87426608900496,1.7689154922647028,1,54.42354932582602,41.167447806057474,true
draft_2,R5,0,1924-05,54.710982191457866,49.136551330624,94.19640185267338,42.762638787754156,5.0884606252495495,1.7388209370036016,1,55.44081829921355,41.486439730392966,true
draft_2,R5,0,1924-06,38.297687534020504,49.136551330624,93.64670893610793,44.792517685684174,5.29270677161384,2.709820092633669,1,56.45808727260107,41.80659978007876,true
draft_2,R5,0,1924-07,26.80838127381435,49.136551330624,93.12873753157461,46.70583175395831,5.486296053763998,0.6823354468053964,1,57.47535624598859,42.12755175547441,true
draft_2,R5,0,1924-08,18.765866891670044,49.136551330624,92.64035876880406,48.389830789556385,5.669840437055717,0.6564368765787307,1,58.492625219376116,42.44894106002478,true
draft_2,R5,0,1924-09,13.13610682416903,49.136551330624,92.17794206665215,49.80990554593936,5.844543825410546,1.6320179384402032,1,59.50989419276364,42.7768155963765,true
draft_2,R5,0,1924-10,9.19527477691832,49.136551330624,91.73746846449951,50.972850677432476,6.011791821294365,1.6088971033326076,1,60.52716316615116,43.10879359602852,true
draft_2,R5,0,1924-11,6.436692343842823,49.136551330624,91.31510251804438,51.90513723089518,6.172934355237844,1.5868734232249757,1,61.544432139538685,43.44471998692965,true
draft_2,R5,0,1924-12,4.505684640689976,51.136551330624,90.90745095131619,52.64049529131134,6.3291823847756445,1.565755125902219,1,62.5217011129262,43.77217918012105,true
draft_2,R5,0,1925-01,3.153979248482983,53.136551330624,90.51991234247214,53.21317616469723,6.478387440770513,1.5453725475658096,1,63.45897008631372,44.09112416591625,true
draft_2,R5,0,1925-02,2.207785473938088,55.136551330624,90.15628485068125,53.65460393783357,6.618985922180105,1.5259956171236069,1,64.35623905970124,44.401526864979466,true
draft_2,R5,0,1925-03,1.5454498317566616,57.136551330624,89.81451271547898,53.99198919226535,6.751666907780732,1.5078142425340624,1,65.21350803308876,44.6991321465617,true
draft_2,R5,0,1925-04,1.0818148822296632,59.136551330624,89.4929518351091,54.248028939633045,6.876976620795591,1.4907256357739491,1,66.03077700647627,44.98393478431499,true
draft_2,R5,0,1925-05,0.7572704175607642,61.136551330624,89.19029816713928,54.441165811276235,6.99534212513677,1.474647591755455,1,66.80804597986379,45.25593688641238,true
draft_2,R5,0,1925-06,0.5300892922925349,63.136551330624,88.54876118031298,50.986097955366546,7.247093660901823,1.4595149083569638,1,67.5453149532513,45.515128654539446,true
draft_2,R5,0,1925-07,0.3710625046047744,65.136551330624,87.88011521055843,48.5743658899878,7.511384302910401,1.427438059015649,1,68.24258392663883,45.762015812500756,true
draft_2,R5,0,1925-08,0.2597437532233421,67.136551330624,87.19878761897671,46.89092424785332,7.782736538262218,1.3940057605279215,1,68.89985290002635,45.996975543699946,true
draft_2,R5,0,1925-09,0.18182062725633946,69.136551330624,86.5146750018803,45.715854660900625,8.057326842235241,1.3599393809488354,1,69.51712187341387,46.22029413666911,true
draft_2,R5,0,1925-10,0.1272744390794376,71.136551330624,85.83452278088495,44.89564364381275,8.332486261539765,1.3257337500940154,1,70.09439084680139,46.43219341531417,true
draft_2,R5,0,1925-11,0.08909210735560633,71.136551330624,85.1628908714975,44.32313231749654,8.606351788684002,1.2917261390442476,1,70.6716598201889,46.64485232682219,true
draft_2,R5,0,1925-12,0.062364475148924424,71.136551330624,84.48920079208092,43.923519859026904,8.883223000291398,-0.7418554564251252,1,71.24892879357643,46.858344905825156,true
draft_2,R5,0,1926-01,0.043655132604247096,71.136551330624,83.98475397047743,45.44459296706436,9.09219217730576,-0.7755399603959539,1,71.82619776696394,47.0726946207574,true
draft_2,R5,0,1926-02,0.030558592822972967,73.136551330624,83.50248101540518,46.50990542296692,9.293175720502925,-0.8007623014761287,1,72.36346674035147,47.27579194358499,true
draft_2,R5,0,1926-03,0.021391014976081077,75.136551330624,83.3001887332331,47.25601703829216,8.982966373306601,0.17512405077025894,1,72.85340236498003,47.467213891108976,true
draft_2,R5,0,1926-04,0.014973710483256754,77.136551330624,83.1210372382903,47.77857019635523,9.16323994012982,0.16500943666165502,1,73.31067133836754,47.647174974909795,true
draft_2,R5,0,1926-05,0.010481597338279728,79.136551330624,82.96208567972579,48.14454992613416,9.335170102873208,0.15605186191451503,1,73.72794031175506,47.81564833289894,true
draft_2,R5,0,1926-06,0.007337118136795809,81.136551330624,82.82126638265868,48.400870500373756,9.499578872035256,0.1481042839862894,1,74.10520928514258,47.972624602856634,true
draft_2,R5,0,1926-07,0.005135982695757066,83.136551330624,83.11122816505593,50.38038923671752,9.482041958182547,0.1410633191329338,1,74.44228427011828,48.11789767422845,true
draft_2,R5,0,1926-08,0.003595187887029946,85.136551330624,83.44018095101832,51.76611838622138,9.448512570964033,0.15556140825279674,1,74.73931687198704,48.25118999901765,true
draft_2,R5,0,1926-09,0.0025166315209209623,87.136551330624,83.80112997894794,52.73617501471835,9.402108105710623,0.17200904755091595,1,74.99646527711191,48.37229778977879,true
draft_2,R5,0,1926-10,0.0017616420646446734,89.136551330624,84.18924237233186,53.415247011357216,9.345010843157604,0.19005649894739696,1,75.21386491497479,48.48106851867306,true
draft_2,R5,0,1926-11,0.0012331494452512714,91.136551330624,84.60119811250465,53.89062005868811,9.278748452622231,0.20946211861659303,1,75.39163790517307,48.57738508008382,true
draft_2,R5,0,1926-12,0.00086320461167589,93.136551330624,85.03473840020311,54.223397046598315,9.204390353588371,0.23005990562523237,1,75.52989969495165,48.66115464373568,true
draft_2,R5,0,1927-01,0.0006042432281731229,95.136551330624,85.48835057128694,54.45635203648047,9.122685175367982,0.2517369200101556,1,75.62876364350092,48.732300809375445,true
draft_2,R5,0,1927-02,0.000422970259721186,97.136551330624,85.96104788317412,54.61942829823948,9.034156983450712,0.2744175285643471,1,75.68834413009101,48.79075808529441,true
draft_2,R5,0,1927-03,0.0002960791818048302,99.136551330624,86.45221541527712,54.73358711965984,8.939172641159209,0.2980523941587059,1,75.70875861600095,48.83646800246378,true
draft_2,R5,0,1927-04,0.0002072554272633811,100,86.96150214618152,54.81350210138643,8.837988965055247,0.32261077076385614,1,75.71286000123781,48.87618012320516,true
draft_2,R5,0,1927-05,0.00014507879908436677,100,87.48083843844702,54.86944525330769,8.733968079022969,0.34807510730907576,1,75.71786473815989,48.91504089180952,true
draft_2,R5,0,1927-06,0.00010155515935905674,100,88.00401031327229,54.908607324951404,8.629653491443102,0.3740419219223512,1,75.72367132975995,48.953042517283855,true
draft_2,R5,0,1927-07,0.00007108861155133971,100,88.26681590592449,54.9360220808112,8.630133302987108,0.40020051566361436,1,75.72367132975995,48.990420870673326,true
draft_2,R5,0,1927-08,0.0000497620280859378,100,88.53076928456001,54.95521332390949,8.630469187062848,0.4133407952962245,1,75.72367132975995,49.02717213402769,true
draft_2,R5,0,1927-09,0.000034833419660156455,100,88.79576684258049,54.96864783387579,8.630704317112324,0.42653846422800035,1,75.72367132975995,49.06329363465448,true
draft_2,R5,0,1927-10,0.000024383393762109517,100,89.06173655216325,54.97805243871046,8.630868915984475,0.4397883421290245,1,75.72367132975995,49.09878350157988,true
draft_2,R5,0,1927-11,0.000017068375633476662,100,89.32862855863152,54.98463597559551,8.630984140681246,0.45308682760816277,1,75.72367132975995,49.13364042505982,true
draft_2,R5,0,1927-12,0.000011947862943433663,100,89.59640857722303,54.98924467086559,8.63106480180937,0.466431427931576,1,75.72367132975995,49.167863488229834,true
draft_2,R5,0,1928-01,0.000008363504060403562,100,89.86505325712517,54.99247091117002,8.631121267287325,0.4798204288611516,1,75.72367132975995,49.20145204925422,true
draft_2,R5,1,1922-01,5.199999999999999,98.85931558935361,100,54.879999999999995,3,2,1,35.02281368821293,35.01320677946768,false
draft_2,R5,1,1922-02,6.039999999999999,98.0761976612599,99.98907452471482,54.75999999999999,3.00382391634981,2,1,35.06320169316264,35.031106720259025,false
draft_2,R5,1,1922-03,6.627999999999998,97.53535656675545,99.9700861807984,54.65079999999999,3.0104705628982824,1.9994537262357412,1,35.11581788510177,35.052020893425684,false
draft_2,R5,1,1922-04,7.039599999999998,97.16030328962366,99.94513849837014,54.556719999999984,3.019204864511367,1.9985043090399202,1,35.17697897011584,35.07479756943025,false
draft_2,R5,1,1922-05,7.327719999999998,96.89947760000865,99.91578783574015,54.478515999999985,3.029483235300421,1.997256924918507,1,35.24412860351019,35.09864088215306,false
draft_2,R5,1,1922-06,7.529403999999998,96.71773127283399,99.88318887197079,54.415129599999986,3.0409024890203966,1.9957893917870073,1,35.3154836049135,35.12299808461528,false
draft_2,R5,1,1922-07,9.770582799999998,94.7430516876148,99.84819858650013,54.364708599999986,3.0531634110564614,1.9941594435985395,1,35.426753032179235,35.159247748250294,false
draft_2,R5,1,1922-08,11.339407959999999,93.408077073091,99.79669193569569,54.262178535999986,3.07121814618114,1.9924099293250066,1,35.56761885827976,35.20414813974113,false
draft_2,R5,1,1922-09,12.437585572,92.49576062214805,99.73301894636569,54.14334273639999,3.093549093062485,1.9898345967847846,1,35.72886911927747,35.25478452384373,false
draft_2,R5,1,1922-10,13.206309900399999,91.86767070801992,99.66032975825657,54.02721234831999,3.1190584139543707,1.9866509473182845,1,35.904270365563015,35.30919401257598,false
draft_2,R5,1,1922-11,13.744416930279998,91.43305913972652,99.58094985801857,53.92285934681199,3.146936071143235,1.9830164879128283,1,36.089548011362915,35.366037233245976,false
draft_2,R5,1,1922-12,14.121091851195999,91.13126970043977,99.49661212595282,53.833669034859994,3.176578493981238,1.9790474929009285,1,36.28174382877312,35.42439193928747,false
draft_2,R5,1,1923-01,18.8847642958372,87.47967043211912,99.40861253951228,53.75993556886611,3.2075341763869916,1.974830606297641,1,36.547628261333614,35.505493599091885,false
draft_2,R5,1,1923-02,22.219335007086038,85.0929192127991,99.29055128955805,53.56541196933116,3.249101437440511,1.9704306269756138,1,36.86655350760439,35.602845058837254,false
draft_2,R5,1,1923-03,24.553534504960226,83.49823263815794,99.15077455253395,53.329208328319226,3.2983728508056847,0.9645275644779026,1,37.22122456152382,35.710972390396215,false
draft_2,R5,1,1923-04,26.187474153472156,82.41705501887833,98.9950324680465,53.09383979467465,3.3533494556951666,0.9575387276266973,1,37.60037176359099,35.82632954648738,false
draft_2,R5,1,1923-05,27.331231907430507,81.67674060956841,98.82747747259099,52.88006363166809,3.412589042720265,0.9497516234023251,1,37.99645674491217,35.94655948943082,false
draft_2,R5,1,1923-06,28.131862335201355,81.16638446097755,98.65118395766771,52.69610758494474,3.475023834947216,0.9413738736295492,1,38.4043464518061,36.07006771402429,false
draft_2,R5,1,1923-07,37.69230363464095,75.53072848280493,98.46845502280902,52.54331943940527,3.5398533936355188,0.9325591978833856,1,38.92614666149415,36.22922094861969,false
draft_2,R5,1,1923-08,44.38461254424867,72.0298362598215,98.23941308296952,52.14955449854446,3.6212649268267874,0.9234227511404511,1,39.52625570289336,36.41282411558215,false
draft_2,R5,1,1923-09,49.069228780974065,69.76624273867156,97.97758737143275,51.67314977265366,3.714546224181929,-0.088029345851524,1,40.1775714967975,36.61232095238787,false
draft_2,R5,1,1923-10,70.34846014668184,61.051329674743634,97.69171541011845,51.19912797742833,3.816666708207217,-0.10112063142836258,1,49.007605145315274,39.39444089829771,true
draft_2,R5,1,1923-11,85.24392210267729,56.14219285551228,97.33162136056615,50.22893577979937,3.945677563236436,-1.1154142294940776,1,49.94926671571964,39.685262256947645,true
draft_2,R5,1,1923-12,95.6707454718741,53.15051043997227,96.92046492984566,49.10293738277924,4.093527510397055,-1.1334189319716927,1,50.9601814805005,39.99788787892575,true
draft_2,R5,1,1924-01,102.96952183031186,51.239220086918706,96.47147907746773,45.00193380378924,4.255665659905542,-0.15397675350771678,1,52.016466153516376,40.4313034246312,true
draft_2,R5,1,1924-02,108.07866528121829,49.98109722563053,95.95047787765343,41.91226800774311,4.4446856911922765,-0.1764260461266134,1,53.11135422464713,40.77142678147852,true
draft_2,R5,1,1924-03,111.6550656968528,49.136551330624,95.37830984529405,39.59622764698362,4.653396284151625,-0.20247610611732858,1,54.23297849451433,41.121407753397044,true
draft_2,R5,1,1924-04,78.15854598779696,49.136551330624,94.77641874007203,40.86770738198295,4.87426608900496,1.7689154922647028,1,55.36068237032852,41.4751398223358,true
draft_2,R5,1,1924-05,54.710982191457866,49.136551330624,94.19640185267338,42.762638787754156,5.0884606252495495,1.7388209370036016,1,56.48504861183834,41.82929534970477,true
draft_2,R5,1,1924-06,38.297687534020504,49.136551330624,93.64670893610793,44.792517685684174,5.29270677161384,2.709820092633669,1,57.60444065840801,42.18298580841871,true
draft_2,R5,1,1924-07,26.80838127381435,49.136551330624,93.12873753157461,46.70583175395831,5.486296053763998,0.6823354468053964,1,58.71850427287061,42.535718690967336,true
draft_2,R5,1,1924-08,18.765866891670044,49.136551330624,92.64035876880406,48.389830789556385,5.669840437055717,0.6564368765787307,1,59.82754543790399,42.8872398651081,true
draft_2,R5,1,1924-09,13.13610682416903,49.136551330624,92.17794206665215,49.80990554593936,5.844543825410546,1.6320179384402032,1,60.93216610546893,43.2437948743814,true
draft_2,R5,1,1924-10,9.19527477691832,49.136551330624,91.73746846449951,50.972850677432476,6.011791821294365,1.6088971033326076,1,62.03305907679836,43.603229420024356,true
draft_2,R5,1,1924-11,6.436692343842823,49.136551330624,91.31510251804438,51.90513723089518,6.172934355237844,1.5868734232249757,1,63.13089931715762,43.9656100435812,true
draft_2,R5,1,1924-12,4.505684640689976,51.136551330624,90.90745095131619,52.64049529131134,6.3291823847756445,1.565755125902219,1,64.18629230531404,44.31871995495505,true
draft_2,R5,1,1925-01,3.153979248482983,53.136551330624,90.51991234247214,53.21317616469723,6.478387440770513,1.5453725475658096,1,65.19816380669899,44.662159437442746,true
draft_2,R5,1,1925-02,2.207785473938088,55.136551330624,90.15628485068125,53.65460393783357,6.618985922180105,1.5259956171236069,1,66.16573202079131,44.995643720537366,true
draft_2,R5,1,1925-03,1.5454498317566616,57.136551330624,89.81451271547898,53.99198919226535,6.751666907780732,1.5078142425340624,1,67.08934148697914,45.31503079725572,true
draft_2,R5,1,1925-04,1.0818148822296632,59.136551330624,89.4929518351091,54.248028939633045,6.876976620795591,1.4907256357739491,1,67.96926531687409,45.62040511289561,true
draft_2,R5,1,1925-05,0.7572704175607642,61.136551330624,89.19029816713928,54.441165811276235,6.99534212513677,1.474647591755455,1,68.80571704243219,45.911838885289,true
draft_2,R5,1,1925-06,0.5300892922925349,63.136551330624,88.54876118031298,50.986097955366546,7.247093660901823,1.4595149083569638,1,69.66886178370223,46.21235986387084,true
draft_2,R5,1,1925-07,0.3710625046047744,65.136551330624,87.88011521055843,48.5743658899878,7.511384302910401,1.427438059015649,1,70.49827607809404,46.50263473556188,true
draft_2,R5,1,1925-08,0.2597437532233421,67.136551330624,87.19878761897671,46.89092424785332,7.782736538262218,1.3940057605279215,1,71.29122116915747,46.78214145873134,true
draft_2,R5,1,1925-09,0.18182062725633946,69.136551330624,86.5146750018803,45.715854660900625,8.057326842235241,1.3599393809488354,1,72.0457852945315,47.05053862660273,true
draft_2,R5,1,1925-10,0.1272744390794376,71.136551330624,85.83452278088495,44.89564364381275,8.332486261539765,1.3257337500940154,1,72.76063397757127,47.30760990991694,true
draft_2,R5,1,1925-11,0.08909210735560633,71.136551330624,85.1628908714975,44.32313231749654,8.606351788684002,1.2917261390442476,1,73.47483571453091,47.56522841213115,true
draft_2,R5,1,1925-12,0.062364475148924424,71.136551330624,84.48920079208092,43.923519859026904,8.883223000291398,-0.7418554564251252,1,74.19054029372212,47.82417401503966,true
draft_2,R5,1,1926-01,0.043655132604247096,71.136551330624,83.98475397047743,45.44459296706436,9.09219217730576,-0.7755399603959539,1,74.87229385561682,48.072829503198435,true
draft_2,R5,1,1926-02,0.030558592822972967,73.136551330624,83.50248101540518,46.50990542296692,9.293175720502925,-0.8007623014761287,1,75.51005460060293,48.308921624367564,true
draft_2,R5,1,1926-03,0.021391014976081077,75.136551330624,83.3001887332331,47.25601703829216,8.982966373306601,0.17512405077025894,1,75.99999022523149,48.500343571891534,true
draft_2,R5,1,1926-04,0.014973710483256754,77.136551330624,83.1210372382903,47.77857019635523,9.16323994012982,0.16500943666165502,1,76.54739598203061,48.70989956624584,true
draft_2,R5,1,1926-05,0.010481597338279728,79.136551330624,82.96208567972579,48.14454992613416,9.335170102873208,0.15605186191451503,1,77.05063003678983,48.906598125952016,true
draft_2,R5,1,1926-06,0.007337118136795809,81.136551330624,82.82126638265868,48.400870500373756,9.499578872035256,0.1481042839862894,1,77.51010339475836,49.09056483551381,true
draft_2,R5,1,1926-07,0.005135982695757066,83.136551330624,83.11122816505593,50.38038923671752,9.482041958182547,0.1410633191329338,1,77.84717837973407,49.235837906885635,true
draft_2,R5,1,1926-08,0.003595187887029946,85.136551330624,83.44018095101832,51.76611838622138,9.448512570964033,0.15556140825279674,1,78.14421098160284,49.36913023167482,true
draft_2,R5,1,1926-09,0.0025166315209209623,87.136551330624,83.80112997894794,52.73617501471835,9.402108105710623,0.17200904755091595,1,78.4013593867277,49.49023802243598,true
draft_2,R5,1,1926-10,0.0017616420646446734,89.136551330624,84.18924237233186,53.415247011357216,9.345010843157604,0.19005649894739696,1,78.61875902459059,49.599008751330246,true
draft_2,R5,1,1926-11,0.0012331494452512714,91.136551330624,84.60119811250465,53.89062005868811,9.278748452622231,0.20946211861659303,1,78.79653201478885,49.69532531274101,true
draft_2,R5,1,1926-12,0.00086320461167589,93.136551330624,85.03473840020311,54.223397046598315,9.204390353588371,0.23005990562523237,1,78.93479380456743,49.77909487639286,true
draft_2,R5,1,1927-01,0.0006042432281731229,95.136551330624,85.48835057128694,54.45635203648047,9.122685175367982,0.2517369200101556,1,79.03365775311671,49.85024104203263,true
draft_2,R5,1,1927-02,0.000422970259721186,97.136551330624,85.96104788317412,54.61942829823948,9.034156983450712,0.2744175285643471,1,79.0932382397068,49.90869831795159,true
draft_2,R5,1,1927-03,0.0002960791818048302,99.136551330624,86.45221541527712,54.73358711965984,8.939172641159209,0.2980523941587059,1,79.11365272561673,49.95440823512097,true
draft_2,R5,1,1927-04,0.0002072554272633811,100,86.96150214618152,54.81350210138643,8.837988965055247,0.32261077076385614,1,79.1177541108536,49.99412035586234,true
draft_2,R5,1,1927-05,0.00014507879908436677,100,87.48083843844702,54.86944525330769,8.733968079022969,0.34807510730907576,1,79.12275884777566,50.032981124466694,true
draft_2,R5,1,1927-06,0.00010155515935905674,100,88.00401031327229,54.908607324951404,8.629653491443102,0.3740419219223512,1,79.12856543937573,50.07098274994103,true
draft_2,R5,1,1927-07,0.00007108861155133971,100,88.26681590592449,54.9360220808112,8.630133302987108,0.40020051566361436,1,79.12880534514774,50.10843987239232,true
draft_2,R5,1,1927-08,0.0000497620280859378,100,88.53076928456001,54.95521332390949,8.630469187062848,0.4133407952962245,1,79.12897328718562,50.14524627671578,true
draft_2,R5,1,1927-09,0.000034833419660156455,100,88.79576684258049,54.96864783387579,8.630704317112324,0.42653846422800035,1,79.12909085221035,50.18140637785903,true
draft_2,R5,1,1927-10,0.000024383393762109517,100,89.06173655216325,54.97805243871046,8.630868915984475,0.4397883421290245,1,79.12917315164643,50.216923266432595,true
draft_2,R5,1,1927-11,0.000017068375633476662,100,89.32862855863152,54.98463597559551,8.630984140681246,0.45308682760816277,1,79.12923076399481,50.25179910596693,true
draft_2,R5,1,1927-12,0.000011947862943433663,100,89.59640857722303,54.98924467086559,8.63106480180937,0.466431427931576,1,79.12927109455887,50.28603541100549,true
draft_2,R5,1,1928-01,0.000008363504060403562,100,89.86505325712517,54.99247091117002,8.631121267287325,0.4798204288611516,1,79.12929932729786,50.319633241779165,true
draft_2,R6,0,1922-01,5.199999999999999,98.85931558935361,100,54.879999999999995,3,2,1,35.02281368821293,35.01320677946768,false
draft_2,R6,0,1922-02,6.039999999999999,98.0761976612599,99.98907452471482,54.75999999999999,3.00382391634981,2,1,35.06128973498773,35.030478960658264,false
draft_2,R6,0,1922-03,6.627999999999998,97.53535656675545,99.9700861807984,54.65079999999999,3.0104705628982824,1.9994537262357412,1,35.110582603652624,35.05030197601655,false
draft_2,R6,0,1922-04,7.039599999999998,97.16030328962366,99.94513849837014,54.556719999999984,3.019204864511367,1.9985043090399202,1,35.16737653786015,35.071644770839626,false
draft_2,R6,0,1922-05,7.327719999999998,96.89947760000865,99.91578783574015,54.478515999999985,3.029483235300421,1.997256924918507,1,35.229386985859975,35.093800717691245,false
draft_2,R6,0,1922-06,7.529403999999998,96.71773127283399,99.88318887197079,54.415129599999986,3.0409024890203966,1.9957893917870073,1,35.2950323604033,35.11628325933444,false
draft_2,R6,0,1922-07,9.770582799999998,94.7430516876148,99.84819858650013,54.364708599999986,3.0531634110564614,1.9941594435985395,1,35.400171326651,35.15052008826852,false
draft_2,R6,0,1922-08,11.339407959999999,93.408077073091,99.79669193569569,54.262178535999986,3.07121814618114,1.9924099293250066,1,35.53200978518918,35.192456494076396,false
draft_2,R6,0,1922-09,12.437585572,92.49576062214805,99.73301894636569,54.14334273639999,3.093549093062485,1.9898345967847846,1,35.68209457274622,35.23942688106597,false
draft_2,R6,0,1922-10,13.206309900399999,91.86767070801992,99.66032975825657,54.02721234831999,3.1190584139543707,1.9866509473182845,1,35.844741158585826,35.28964858961847,false
draft_2,R6,0,1922-11,13.744416930279998,91.43305913972652,99.58094985801857,53.92285934681199,3.146936071143235,1.9830164879128283,1,36.01607997579129,35.3419152282333,false
draft_2,R6,0,1922-12,14.121091851195999,91.13126970043977,99.49661212595282,53.833669034859994,3.176578493981238,1.9790474929009285,1,36.1934545817825,35.39540363652554,false
draft_2,R6,0,1923-01,18.8847642958372,87.47967043211912,99.40861253951228,53.75993556886611,3.2075341763869916,1.974830606297641,1,36.443861173140114,35.47142340513502,false
draft_2,R6,0,1923-02,22.219335007086038,85.0929192127991,99.29055128955805,53.56541196933116,3.249101437440511,1.9704306269756138,1,36.74200278888413,35.561950906190766,false
draft_2,R6,0,1923-03,24.553534504960226,83.49823263815794,99.15077455253395,53.329208328319226,3.2983728508056847,0.9645275644779026,1,37.07203813612097,35.66198951405561,false
draft_2,R6,0,1923-04,26.187474153472156,82.41705501887833,98.9950324680465,53.09383979467465,3.3533494556951666,0.9575387276266973,1,37.42369703574341,35.768321344177416,false
draft_2,R6,0,1923-05,27.331231907430507,81.67674060956841,98.82747747259099,49.88006363166809,3.412589042720265,1.9497516234023253,1,37.79016222355204,35.98614546709233,false
draft_2,R6,0,1923-06,28.131862335201355,81.16638446097755,98.60671159280503,47.59610758494475,3.490773834947216,1.9413738736295492,1,38.16683453433249,36.09999310004501,false
draft_2,R6,0,1923-07,37.69230363464095,75.53072848280493,98.3486308985432,45.97331943940528,3.582378393635519,1.9303355796402513,1,38.65621996467639,36.250078368885106,false
draft_2,R6,0,1923-08,26.384612544248665,75.53072848280493,98.02294509911519,47.550554498544464,3.6982824268267875,3.9174315449271604,1,39.14560539502029,36.401012078082495,false
draft_2,R6,0,1923-09,18.469228780974063,75.53072848280493,97.72152860632036,48.99384977265366,3.8059059759575753,3.9011472549557595,1,39.63499082536419,36.55248756508548,false
draft_2,R6,0,1923-10,12.928460146681843,75.53072848280493,97.44219510980857,50.241617977428334,3.90595222489929,4.8860764303160185,1,48.12437625570809,39.22829453087683,true
draft_2,R6,0,1923-11,9.04992210267729,75.53072848280493,97.18189786904112,51.28127877979937,3.9994476907659373,1.8721097554904282,1,48.613761686051994,39.380049728181085,true
draft_2,R6,0,1923-12,6.334945471874102,75.53072848280493,96.93745139152627,52.12539748277924,4.087484937420137,1.8590948934520561,1,49.103147116395895,39.53162133682056,true
draft_2,R6,0,1924-01,4.434461830311871,77.53072848280493,96.70589378979608,52.79772987378925,4.171090560883692,1.8468725695763133,1,49.5525325467398,39.67025970429386,true
draft_2,R6,0,1924-02,3.104123281218309,79.53072848280493,96.50011503586774,53.325377056743115,4.2455664392944445,1.835294689489804,1,49.9619179770837,39.79584979853001,true
draft_2,R6,0,1924-03,2.172886296852816,81.53072848280493,96.31785187537906,53.73464024128363,4.311672169994689,1.8250057517933869,1,50.331303407427605,39.90830142083255,true
draft_2,R6,0,1924-04,1.5210204077969713,83.53072848280493,96.15725672064855,54.04906157999295,4.370029268976096,1.8158925937689532,1,50.66068883777151,40.007544418626246,true
draft_2,R6,0,1924-05,1.06471428545788,85.53072848280493,96.01684957863935,54.28871249376115,4.421135655929279,1.8078628360324274,1,50.95007426811541,40.093524353486735,true
draft_2,R6,0,1924-06,0.7452999998205159,87.53072848280493,95.89546173147298,54.47015731706907,4.46538387558518,1.8008424789319677,1,51.19945969845931,40.166198777183126,true
draft_2,R6,0,1924-07,0.5217099998743611,89.53072848280493,95.79218058119655,54.60675112195373,4.503079509918713,1.7947730865736489,1,51.40884512880321,40.225534137335764,true
draft_2,R6,0,1924-08,0.36519699991205273,91.53072848280493,95.70630010824738,54.709074485371374,4.534458026776602,1.7896090290598274,1,51.57823055914711,40.27150326764914,true
draft_2,R6,0,1924-09,0.2556378999384369,93.53072848280493,95.63727858623372,54.7853962297626,4.559699345976549,1.7853150054123688,1,51.70761598949101,40.31044338876662,true
draft_2,R6,0,1924-10,0.1789465299569058,95.53072848280493,95.58470368636254,54.84210822383566,4.578939976018441,1.781863929311686,1,51.79700141983491,40.3423345380639,true
draft_2,R6,0,1924-11,0.12526257096983406,97.53072848280493,95.54826436107346,54.884107360786246,4.59228286809145,1.7792351843181273,1,51.84638685017882,40.367158350108205,true
draft_2,R6,0,1924-12,0.08768379967888384,99.53072848280493,95.52772859137777,54.915117275421274,4.599805264695469,1.7774132180536732,1,51.85577228052272,40.38348809215405,true
draft_2,R6,0,1925-01,0.06137865977521869,100,95.522926017926,54.93795157880452,4.601564859247653,1.7763864295688883,1,51.85577228052272,40.4004968710698,true
draft_2,R6,0,1925-02,0.04296506184265308,100,95.5220369609139,54.9547247453699,4.60189061345893,1.7761463008962999,1,51.85577228052272,40.421118291236475,true
draft_2,R6,0,1925-03,0.030075543289857152,100,95.52138824323197,54.96701836990365,4.602128308545738,1.7761018480456947,1,51.85577228052272,40.44111001671809,true
draft_2,R6,0,1925-04,0.021052880302900007,100,95.52091567556796,54.976010592633855,4.6023014621037435,1.7760694121615983,1,51.85577228052272,40.46047033542766,true
draft_2,R6,0,1925-05,0.014737016212030003,100,95.52057195204424,54.982575828434605,4.602427406492415,1.776045783778398,1,51.85577228052272,40.479197995052004,true
draft_2,R6,0,1925-06,0.010315911348421001,100,95.138240009211,51.387360969417855,4.742518883393133,1.7760285976022119,1,51.85577228052272,40.497613847942056,true
draft_2,R6,0,1925-07,0.0072211379438947,100,94.70613203130044,48.87084320125204,4.90148523830369,-0.24308799953944993,1,51.85577228052272,40.516218586189176,true
draft_2,R6,0,1925-08,0.0050547965607262895,100,94.24023719322183,47.10937360673812,5.073663311497117,-0.26469339843497797,1,51.85577228052272,40.53536267578598,true
draft_2,R6,0,1925-09,0.0035383575925084024,100,93.75173406901332,47.37640988081986,5.255089100061742,0.7120118596610916,1,51.85577228052272,40.5552914299974,true
draft_2,R6,0,1925-10,0.0024768503147558816,100,93.26951841371158,47.56338076584612,5.435112948187438,0.6875867034506662,1,51.85577228052272,40.57596765968291,true
draft_2,R6,0,1925-11,0.001733795220329117,100,92.79239885586739,47.69429223058284,5.6141551991667455,0.6634759206855789,1,51.85577228052272,40.597365326108516,true
draft_2,R6,0,1925-12,0.0012136566542303817,100,92.3195421380543,47.785952547551375,5.792510164956186,0.6396199427933695,1,51.85577228052272,40.61946619772542,true
draft_2,R6,0,1926-01,0.0008495596579612671,100,92.03500342011236,49.650130373586336,5.900383914081541,0.6159771069027151,1,51.85577228052272,40.6420966260117,true
draft_2,R6,0,1926-02,0.000594691760572887,100,91.77707712286751,50.955065774720694,5.998470729620212,0.6017501710056181,1,51.85577228052272,40.664996993912155,true
draft_2,R6,0,1926-03,0.00041628423240102085,100,91.53783813256922,51.86852820155167,6.089706634302929,0.5888538561433756,1,51.85577228052272,40.687985567967,true
draft_2,R6,0,1926-04,0.00029139896268071455,100,91.31176523251362,52.507957252559194,6.176146861244782,0.576891906628461,1,51.85577228052272,40.71093513368954,true
draft_2,R6,0,1926-05,0.00020397927387650017,100,91.09500877870303,52.955561334822555,6.259230085668847,0.5655882616256811,1,51.85577228052272,40.73375664019367,true
draft_2,R6,0,1926-06,0.0001427854917135501,100,90.88488303742285,53.26888681499757,6.339963388661029,0.5547504389351516,1,51.85577228052272,40.75638775133739,true
draft_2,R6,0,1926-07,0.00009994984419948506,100,91.1339378836336,55.28821648693355,6.2440517328822915,0.5442441518711427,1,51.87126270755646,40.77838262312273,true
draft_2,R6,0,1926-08,0.00006996489093963954,100,91.4112796427971,56.70174854235815,6.13753859632589,0.5566968941816803,1,51.889222596309914,40.79946003107873,true
draft_2,R6,0,1926-09,0.000048975423657747675,100,91.70884733350857,57.69122188070398,6.02360441647851,0.5705639821398549,1,51.90923739056415,40.819423117896804,true
draft_2,R6,0,1926-10,0.00003428279656042337,100,92.02099520399881,58.38385384723007,5.904475501604814,0.5854423666754287,1,51.930999137991286,40.838134083335625,true
draft_2,R6,0,1926-11,0.00002399795759229636,100,92.34376602940786,58.86869666457714,5.781710268906856,0.6010497601999405,1,51.95427966090774,40.8554964671386,true
draft_2,R6,0,1926-12,0.00001679857031460745,100,92.67438483044094,59.208086945265265,5.656399611417826,0.6171883014703929,1,51.978910164802365,40.871442747064705,true
draft_2,R6,0,1927-01,0.000011758999220225215,100,93.01090526527707,59.44566035772857,5.529307154955183,0.6337192415220472,1,52.00476586628193,40.88592565750228,true
draft_2,R6,0,1927-02,0.000008231299454157649,100,93.35196221522905,59.611961897640015,5.400967438077108,0.6505452632638538,1,52.03175448030976,40.89891211249305,true
draft_2,R6,0,1927-03,0.000005761909617910354,100,93.69659845579572,59.72837308140902,5.271754638114499,0.6675981107614526,1,52.05980764366273,40.910054246816294,true
draft_2,R6,0,1927-04,0.000004033336732537247,100,94.04414312225681,59.80986098412902,5.141930679437102,0.684829922789786,1,52.088874554070415,40.91904182882392,true
draft_2,R6,0,1927-05,0.000002823335712776073,100,94.39412643984203,59.86690256789021,5.011678909270424,0.7022071561128407,1,52.11891727038233,40.925858327370676,true
draft_2,R6,0,1927-06,0.000001976334998943251,100,94.74621987161612,59.90683171282306,4.881127670789001,0.7197063219921014,1,52.14990725128039,40.93049217064437,true
draft_2,R6,0,1927-07,0.0000013834344992602755,100,94.81595543506654,59.93478213968609,4.855366804296679,0.737310993580806,1,52.15620179407234,40.93317658336909,true
draft_2,R6,0,1927-08,9.684041494821928e-7,100,94.88613984758229,59.954347456277226,4.8294591980633275,0.7407977717533272,1,52.16271931128097,40.93390589534657,true
draft_2,R6,0,1927-09,6.778829046375349e-7,100,94.95665468342075,59.96804319034193,4.803448873917872,0.7443069923791144,1,52.16945035972062,40.93267613743441,true
draft_2,R6,0,1927-10,4.745180332462744e-7,100,95.0274169976724,59.97763021290285,4.777366647168576,0.7478327341710376,1,52.17638805840771,40.92948453123037,true
draft_2,R6,0,1927-11,3.3216262327239205e-7,100,95.09836869895767,59.98434113479645,4.751234088550836,0.7513708498836202,1,52.183527387281835,40.92432913185117,true
draft_2,R6,0,1927-12,2.3251383629067442e-7,100,95.16946910560142,59.98903878439263,4.7250662975931546,0.7549184349478835,1,52.19086467605564,40.91720857787722,true
draft_2,R6,0,1928-01,1.6275968540347208e-7,100,95.2406897314701,59.99232714209943,4.698873843975093,0.7584734552800712,1,52.19839723225144,40.90812191631398,true
draft_2,R6,1,1922-01,5.199999999999999,98.85931558935361,100,54.879999999999995,3,2,1,35.02281368821293,35.01320677946768,false
draft_2,R6,1,1922-02,6.039999999999999,98.0761976612599,99.98907452471482,54.75999999999999,3.00382391634981,2,1,35.06320169316264,35.031106720259025,false
draft_2,R6,1,1922-03,6.627999999999998,97.53535656675545,99.9700861807984,54.65079999999999,3.0104705628982824,1.9994537262357412,1,35.11581788510177,35.052020893425684,false
draft_2,R6,1,1922-04,7.039599999999998,97.16030328962366,99.94513849837014,54.556719999999984,3.019204864511367,1.9985043090399202,1,35.17697897011584,35.07479756943025,false
draft_2,R6,1,1922-05,7.327719999999998,96.89947760000865,99.91578783574015,54.478515999999985,3.029483235300421,1.997256924918507,1,35.24412860351019,35.09864088215306,false
draft_2,R6,1,1922-06,7.529403999999998,96.71773127283399,99.88318887197079,54.415129599999986,3.0409024890203966,1.9957893917870073,1,35.3154836049135,35.12299808461528,false
draft_2,R6,1,1922-07,9.770582799999998,94.7430516876148,99.84819858650013,54.364708599999986,3.0531634110564614,1.9941594435985395,1,35.426753032179235,35.159247748250294,false
draft_2,R6,1,1922-08,11.339407959999999,93.408077073091,99.79669193569569,54.262178535999986,3.07121814618114,1.9924099293250066,1,35.56761885827976,35.20414813974113,false
draft_2,R6,1,1922-09,12.437585572,92.49576062214805,99.73301894636569,54.14334273639999,3.093549093062485,1.9898345967847846,1,35.72886911927747,35.25478452384373,false
draft_2,R6,1,1922-10,13.206309900399999,91.86767070801992,99.66032975825657,54.02721234831999,3.1190584139543707,1.9866509473182845,1,35.904270365563015,35.30919401257598,false
draft_2,R6,1,1922-11,13.744416930279998,91.43305913972652,99.58094985801857,53.92285934681199,3.146936071143235,1.9830164879128283,1,36.089548011362915,35.366037233245976,false
draft_2,R6,1,1922-12,14.121091851195999,91.13126970043977,99.49661212595282,53.833669034859994,3.176578493981238,1.9790474929009285,1,36.28174382877312,35.42439193928747,false
draft_2,R6,1,1923-01,18.8847642958372,87.47967043211912,99.40861253951228,53.75993556886611,3.2075341763869916,1.974830606297641,1,36.547628261333614,35.505493599091885,false
draft_2,R6,1,1923-02,22.219335007086038,85.0929192127991,99.29055128955805,53.56541196933116,3.249101437440511,1.9704306269756138,1,36.86655350760439,35.602845058837254,false
draft_2,R6,1,1923-03,24.553534504960226,83.49823263815794,99.15077455253395,53.329208328319226,3.2983728508056847,0.9645275644779026,1,37.22122456152382,35.710972390396215,false
draft_2,R6,1,1923-04,26.187474153472156,82.41705501887833,98.9950324680465,53.09383979467465,3.3533494556951666,0.9575387276266973,1,37.60037176359099,35.82632954648738,false
draft_2,R6,1,1923-05,27.331231907430507,81.67674060956841,98.82747747259099,49.88006363166809,3.412589042720265,1.9497516234023253,1,37.99645674491217,36.05387883493891,false
draft_2,R6,1,1923-06,28.131862335201355,81.16638446097755,98.60671159280503,47.59610758494475,3.490773834947216,1.9413738736295492,1,38.4122214518061,36.180561804615515,false
draft_2,R6,1,1923-07,37.69230363464095,75.53072848280493,98.3486308985432,45.97331943940528,3.582378393635519,1.9303355796402513,1,38.94740916149415,36.34568548850693,false
draft_2,R6,1,1923-08,26.384612544248665,75.53072848280493,98.02294509911519,47.550554498544464,3.6982824268267875,3.9174315449271604,1,39.49474660843369,36.51564677648656,false
draft_2,R6,1,1923-09,18.469228780974063,75.53072848280493,97.72152860632036,48.99384977265366,3.8059059759575753,3.9011472549557595,1,40.037943813342984,36.68479046280519,false
draft_2,R6,1,1923-10,12.928460146681843,75.53072848280493,97.44219510980857,50.241617977428334,3.90595222489929,4.8860764303160185,1,48.57735236815774,39.37702168779779,true
draft_2,R6,1,1923-11,9.04992210267729,75.53072848280493,97.18189786904112,51.28127877979937,3.9994476907659373,1.8721097554904282,1,49.11348553143497,39.54412572408183,true
draft_2,R6,1,1923-12,6.334945471874102,75.53072848280493,96.93745139152627,52.12539748277924,4.087484937420137,1.8590948934520561,1,49.64688958510597,39.71015011404703,true
draft_2,R6,1,1924-01,4.434461830311871,77.53072848280493,96.70589378979608,52.79772987378925,4.171090560883692,1.8468725695763133,1,50.13807782718165,39.86251373803894,true
draft_2,R6,1,1924-02,3.104123281218309,79.53072848280493,96.50011503586774,53.325377056743115,4.2455664392944445,1.835294689489804,1,50.584701196730926,40.00033028898084,true
draft_2,R6,1,1924-03,2.172886296852816,81.53072848280493,96.31785187537906,53.73464024128363,4.311672169994689,1.8250057517933869,1,50.98713949242495,40.12363426874001,true
draft_2,R6,1,1924-04,1.5210204077969713,83.53072848280493,96.15725672064855,54.04906157999295,4.370029268976096,1.8158925937689532,1,51.34570347225956,40.23245755694982,true
draft_2,R6,1,1924-05,1.06471428545788,85.53072848280493,96.01684957863935,54.28871249376115,4.421135655929279,1.8078628360324274,1,51.660642096080046,40.32682745700179,true
draft_2,R6,1,1924-06,0.7452999998205159,87.53072848280493,95.89546173147298,54.47015731706907,4.46538387558518,1.8008424789319677,1,51.932151636251895,40.40676596342502,true
draft_2,R6,1,1924-07,0.5217099998743611,89.53072848280493,95.79218058119655,54.60675112195373,4.503079509918713,1.7947730865736489,1,52.16038488376256,40.47228969021409,true
draft_2,R6,1,1924-08,0.36519699991205273,91.53072848280493,95.70630010824738,54.709074485371374,4.534458026776602,1.7896090290598274,1,52.345459572535404,40.52341012704496,true
draft_2,R6,1,1924-09,0.2556378999384369,93.53072848280493,95.63727858623372,54.7853962297626,4.559699345976549,1.7853150054123688,1,52.48746566247928,40.56649403139777,true
draft_2,R6,1,1924-10,0.1789465299569058,95.53072848280493,95.58470368636254,54.84210822383566,4.578939976018441,1.781863929311686,1,52.58647140784413,40.6015438507936,true
draft_2,R6,1,1924-11,0.12526257096983406,97.53072848280493,95.54826436107346,54.884107360786246,4.59228286809145,1.7792351843181273,1,52.64252828422454,40.62855812095322,true
draft_2,R6,1,1924-12,0.08768379967888384,99.53072848280493,95.52772859137777,54.915117275421274,4.599805264695469,1.7774132180536732,1,52.65567491287045,40.64612278977489,true
draft_2,R6,1,1925-01,0.06137865977521869,100,95.522926017926,54.93795157880452,4.601564859247653,1.7763864295688883,1,52.656554710146544,40.66342043546295,true
draft_2,R6,1,1925-02,0.04296506184265308,100,95.5220369609139,54.9547247453699,4.60189061345893,1.7761463008962999,1,52.65671758725218,40.68409533361265,true
draft_2,R6,1,1925-03,0.030075543289857152,100,95.52138824323197,54.96701836990365,4.602128308545738,1.7761018480456947,1,52.656836434795586,40.70412608070435,true
draft_2,R6,1,1925-04,0.021052880302900007,100,95.52091567556796,54.976010592633855,4.6023014621037435,1.7760694121615983,1,52.65692301157459,40.72351482545635,true
draft_2,R6,1,1925-05,0.014737016212030003,100,95.52057195204424,54.982575828434605,4.602427406492415,1.776045783778398,1,52.65698598376893,40.74226316095118,true
draft_2,R6,1,1925-06,0.010315911348421001,100,95.138240009211,51.387360969417855,4.742518883393133,1.7760285976022119,1,52.72703172221929,40.78367736463243,true
draft_2,R6,1,1925-07,0.0072211379438947,100,94.70613203130044,48.87084320125204,4.90148523830369,-0.24308799953944993,1,52.80651489967457,40.828379079477365,true
draft_2,R6,1,1925-08,0.0050547965607262895,100,94.24023719322183,47.10937360673812,5.073663311497117,-0.26469339843497797,1,52.89260393627128,40.87578906942342,true
draft_2,R6,1,1925-09,0.0035383575925084024,100,93.75173406901332,47.37640988081986,5.255089100061742,0.7120118596610916,1,52.98331683055359,40.92550189059087,true
draft_2,R6,1,1925-10,0.0024768503147558816,100,93.26951841371158,47.56338076584612,5.435112948187438,0.6875867034506662,1,53.07332875461644,40.97573203534368,true
draft_2,R6,1,1925-11,0.001733795220329117,100,92.79239885586739,47.69429223058284,5.6141551991667455,0.6634759206855789,1,53.162849880106094,41.02652247130506,true
draft_2,R6,1,1925-12,0.0012136566542303817,100,92.3195421380543,47.785952547551375,5.792510164956186,0.6396199427933695,1,53.25202736300081,41.077903283139065,true
draft_2,R6,1,1926-01,0.0008495596579612671,100,92.03500342011236,49.650130373586336,5.900383914081541,0.6159771069027151,1,53.305964237563494,41.11824298524008,true
draft_2,R6,1,1926-02,0.000594691760572887,100,91.77707712286751,50.955065774720694,5.998470729620212,0.6017501710056181,1,53.35500764533283,41.15724593869148,true
draft_2,R6,1,1926-03,0.00041628423240102085,100,91.53783813256922,51.86852820155167,6.089706634302929,0.5888538561433756,1,53.40062559767419,41.1952124070984,true
draft_2,R6,1,1926-04,0.00029139896268071455,100,91.31176523251362,52.507957252559194,6.176146861244782,0.576891906628461,1,53.443845711145116,41.232352576743885,true
draft_2,R6,1,1926-05,0.00020397927387650017,100,91.09500877870303,52.955561334822555,6.259230085668847,0.5655882616256811,1,53.485387323357145,41.26881357925764,true
draft_2,R6,1,1926-06,0.0001427854917135501,100,90.88488303742285,53.26888681499757,6.339963388661029,0.5547504389351516,1,53.52575397485324,41.30469840764258,true
draft_2,R6,1,1926-07,0.00009994984419948506,100,91.1339378836336,55.28821648693355,6.2440517328822915,0.5442441518711427,1,53.54124440188697,41.326693279427914,true
draft_2,R6,1,1926-08,0.00006996489093963954,100,91.4112796427971,56.70174854235815,6.13753859632589,0.5566968941816803,1,53.55920429064042,41.34777068738392,true
draft_2,R6,1,1926-09,0.000048975423657747675,100,91.70884733350857,57.69122188070398,6.02360441647851,0.5705639821398549,1,53.57921908489466,41.36773377420199,true
draft_2,R6,1,1926-10,0.00003428279656042337,100,92.02099520399881,58.38385384723007,5.904475501604814,0.5854423666754287,1,53.60098083232179,41.38644473964081,true
draft_2,R6,1,1926-11,0.00002399795759229636,100,92.34376602940786,58.86869666457714,5.781710268906856,0.6010497601999405,1,53.62426135523825,41.40380712344378,true
draft_2,R6,1,1926-12,0.00001679857031460745,100,92.67438483044094,59.208086945265265,5.656399611417826,0.6171883014703929,1,53.64889185913288,41.41975340336989,true
draft_2,R6,1,1927-01,0.000011758999220225215,100,93.01090526527707,59.44566035772857,5.529307154955183,0.6337192415220472,1,53.67474756061244,41.43423631380746,true
draft_2,R6,1,1927-02,0.000008231299454157649,100,93.35196221522905,59.611961897640015,5.400967438077108,0.6505452632638538,1,53.70173617464027,41.447222768798234,true
draft_2,R6,1,1927-03,0.000005761909617910354,100,93.69659845579572,59.72837308140902,5.271754638114499,0.6675981107614526,1,53.729789337993246,41.45836490312148,true
draft_2,R6,1,1927-04,0.000004033336732537247,100,94.04414312225681,59.80986098412902,5.141930679437102,0.684829922789786,1,53.75885624840093,41.4673524851291,true
draft_2,R6,1,1927-05,0.000002823335712776073,100,94.39412643984203,59.86690256789021,5.011678909270424,0.7022071561128407,1,53.78889896471285,41.47416898367586,true
draft_2,R6,1,1927-06,0.000001976334998943251,100,94.74621987161612,59.90683171282306,4.881127670789001,0.7197063219921014,1,53.819888945610906,41.47880282694955,true
draft_2,R6,1,1927-07,0.0000013834344992602755,100,94.81595543506654,59.93478213968609,4.855366804296679,0.737310993580806,1,53.82618348840286,41.48148723967428,true
draft_2,R6,1,1927-08,9.684041494821928e-7,100,94.88613984758229,59.954347456277226,4.8294591980633275,0.7407977717533272,1,53.832701005611504,41.48221655165176,true
draft_2,R6,1,1927-09,6.778829046375349e-7,100,94.95665468342075,59.96804319034193,4.803448873917872,0.7443069923791144,1,53.83943205405115,41.480986793739596,true
draft_2,R6,1,1927-10,4.745180332462744e-7,100,95.0274169976724,59.97763021290285,4.777366647168576,0.7478327341710376,1,53.846369752738234,41.47779518753556,true
draft_2,R6,1,1927-11,3.3216262327239205e-7,100,95.09836869895767,59.98434113479645,4.751234088550836,0.7513708498836202,1,53.853509081612366,41.47263978815636,true
draft_2,R6,1,1927-12,2.3251383629067442e-7,100,95.16946910560142,59.98903878439263,4.7250662975931546,0.7549184349478835,1,53.86084637038617,41.46551923418241,true
draft_2,R6,1,1928-01,1.6275968540347208e-7,100,95.2406897314701,59.99232714209943,4.698873843975093,0.7584734552800712,1,53.86837892658197,41.45643257261917,true
recommended_3,R0,0,1922-01,5.199999999999999,98.85931558935361,100,54.879999999999995,3,2,1,35.02281368821293,35.01320677946768,false
recommended_3,R0,0,1922-02,6.039999999999999,98.0761976612599,99.98907452471482,54.75999999999999,3.00382391634981,2,1,35.06128973498773,35.030478960658264,false
recommended_3,R0,0,1922-03,6.627999999999998,97.53535656675545,99.9700861807984,54.65079999999999,3.0104705628982824,1.9994537262357412,1,35.110582603652624,35.05030197601655,false
recommended_3,R0,0,1922-04,7.039599999999998,97.16030328962366,99.94513849837014,54.556719999999984,3.019204864511367,1.9985043090399202,1,35.16737653786015,35.071644770839626,false
recommended_3,R0,0,1922-05,7.327719999999998,96.89947760000865,99.91578783574015,54.478515999999985,3.029483235300421,1.997256924918507,1,35.229386985859975,35.093800717691245,false
recommended_3,R0,0,1922-06,7.529403999999998,96.71773127283399,99.88318887197079,54.415129599999986,3.0409024890203966,1.9957893917870073,1,35.2950323604033,35.11628325933444,false
recommended_3,R0,0,1922-07,9.770582799999998,94.7430516876148,99.84819858650013,54.364708599999986,3.0531634110564614,1.9941594435985395,1,35.400171326651,35.15052008826852,false
recommended_3,R0,0,1922-08,11.339407959999999,93.408077073091,99.79669193569569,54.262178535999986,3.07121814618114,1.9924099293250066,1,35.53200978518918,35.192456494076396,false
recommended_3,R0,0,1922-09,12.437585572,92.49576062214805,99.73301894636569,54.14334273639999,3.093549093062485,1.9898345967847846,1,35.68209457274622,35.23942688106597,false
recommended_3,R0,0,1922-10,13.206309900399999,91.86767070801992,99.66032975825657,54.02721234831999,3.1190584139543707,1.9866509473182845,1,35.844741158585826,35.28964858961847,false
recommended_3,R0,0,1922-11,13.744416930279998,91.43305913972652,99.58094985801857,53.92285934681199,3.146936071143235,1.9830164879128283,1,36.01607997579129,35.3419152282333,false
recommended_3,R0,0,1922-12,14.121091851195999,91.13126970043977,99.49661212595282,53.833669034859994,3.176578493981238,1.9790474929009285,1,36.1934545817825,35.39540363652554,false
recommended_3,R0,0,1923-01,18.8847642958372,87.47967043211912,99.40861253951228,53.75993556886611,3.2075341763869916,1.974830606297641,1,36.443861173140114,35.47142340513502,false
recommended_3,R0,0,1923-02,22.219335007086038,85.0929192127991,99.29055128955805,53.56541196933116,3.249101437440511,1.9704306269756138,1,36.74200278888413,35.561950906190766,false
recommended_3,R0,0,1923-03,24.553534504960226,83.49823263815794,99.15077455253395,53.329208328319226,3.2983728508056847,0.9645275644779026,1,37.07203813612097,35.66198951405561,false
recommended_3,R0,0,1923-04,26.187474153472156,82.41705501887833,98.9950324680465,53.09383979467465,3.3533494556951666,0.9575387276266973,1,37.42369703574341,35.768321344177416,false
recommended_3,R0,0,1923-05,27.331231907430507,81.67674060956841,98.82747747259099,52.88006363166809,3.412589042720265,0.9497516234023251,1,37.79016222355204,35.87882612158424,false
recommended_3,R0,0,1923-06,28.131862335201355,81.16638446097755,98.65118395766771,52.69610758494474,3.475023834947216,0.9413738736295492,1,38.16683453433249,35.99208463445379,false
recommended_3,R0,0,1923-07,37.69230363464095,75.53072848280493,98.46845502280902,52.54331943940527,3.5398533936355188,0.9325591978833856,1,38.65621996467639,36.14059501649786,false
recommended_3,R0,0,1923-08,44.38461254424867,72.0298362598215,98.23941308296952,52.14955449854446,3.6212649268267874,0.9234227511404511,1,39.21562323947996,36.310833123428075,false
recommended_3,R0,0,1923-09,49.069228780974065,69.76624273867156,97.97758737143275,51.67314977265366,3.714546224181929,-0.088029345851524,1,39.820298384706525,36.495016280584665,false
recommended_3,R0,0,1923-10,70.34846014668184,61.051329674743634,97.69171541011845,51.19912797742833,3.816666708207217,-0.10112063142836258,1,48.599271791211656,39.26037144703369,true
recommended_3,R0,0,1923-11,85.24392210267729,56.14219285551228,97.33162136056615,50.22893577979937,3.945677563236436,-1.1154142294940776,1,49.47642793410141,39.53001352364966,true
recommended_3,R0,0,1923-12,95.6707454718741,53.15051043997227,96.92046492984566,49.10293738277924,4.093527510397055,-1.1334189319716927,1,50.41341772530196,39.81836711263556,true
recommended_3,R0,0,1924-01,102.96952183031186,51.239220086918706,96.47147907746773,48.00193380378924,4.255665659905542,-1.1539767535077168,1,51.38863332356359,40.11878238508549,true
recommended_3,R0,0,1924-02,108.07866528121829,49.98109722563053,95.9938900432383,47.01226800774311,4.428935691192276,-1.1764260461266134,1,52.38901137905098,40.42731808676343,true
recommended_3,R0,0,1924-03,111.6550656968528,49.136551330624,95.49489846308141,46.16622764698363,4.610871284151624,-1.2003054978380852,1,53.4062803524385,40.741534554621616,true
recommended_3,R0,0,1924-04,114.15854598779696,48.56215264270896,94.9863818401445,45.46670738198296,4.79724858900496,-1.2252550768459294,1,54.43503729958432,41.059879295075255,true
recommended_3,R0,0,1924-05,115.91098219145786,48.16799911909001,94.4706063668626,44.90193878775416,4.98729837524955,-1.2506809079927748,1,55.47167731720252,41.3813430342958,true
recommended_3,R0,0,1924-06,117.1376875340205,47.89587711884681,93.94962844651756,44.454027685684174,5.180313196613841,-1.2764696816568701,1,56.51375977482559,41.70526050971127,true
recommended_3,R0,0,1924-07,117.99638127381435,47.707213941946506,93.42521140565091,44.1036887539583,5.375679551263999,-1.3025185776741217,1,57.559615495986655,42.031189016407616,true
recommended_3,R0,0,1924-08,118.59746689167004,47.57603163422708,92.89881203277282,43.83269068955638,5.572885185305718,-1.3287394297174544,1,58.608094863302114,42.35883202449062,true
recommended_3,R0,0,1924-09,119.01822682416902,47.48463244727696,92.37160231936032,43.62495947593936,5.771513559185546,-1.3550593983613588,1,59.65840221435658,42.694350037847194,true
recommended_3,R0,0,1924-10,119.31275877691832,47.4208616862949,91.8445063021346,43.46692482843248,5.971232521936865,-1.381419884031984,1,60.70998498063068,43.03598121555762,true
recommended_3,R0,0,1924-11,119.51893114384282,47.376323972647526,91.31824083763436,43.34746461659519,6.171781166587595,-1.4077746848932697,1,61.762458501177726,43.38272630847319,true
recommended_3,R0,0,1924-12,119.66325180068996,47.34519731792177,90.7933545194072,43.25765729730135,6.37295697735047,-1.434087958118282,1,62.81555455481929,43.73451615767205,true
recommended_3,R0,0,1925-01,119.76427626048297,47.3234329844995,90.2702620987454,43.190462554090246,6.574604276539638,-1.4603322740296398,1,63.86908589512931,44.09130337944344,true
recommended_3,R0,0,1925-02,119.83499338233807,47.30820985316142,89.74927354427435,43.14039550004868,6.776604348130665,-1.4864868950627297,1,64.92292169806608,44.45305549150664,true
recommended_3,R0,0,1925-03,119.88449536763665,47.29755948736488,89.23061781683829,43.10322704856394,6.9788672717554086,-1.5125363227862827,1,65.97697050831879,44.815510220672415,true
recommended_3,R0,0,1925-04,119.91914675734564,47.290107084105564,88.71446188549844,43.075724072965656,7.181325329750448,-1.5384691091580855,1,67.03116836663668,45.17865229300153,true
recommended_3,R0,0,1925-05,119.94340273014194,47.284891799006175,88.20092567962028,43.05543244835559,7.383927778367378,-1.564276905725078,1,68.08547053065655,45.54247123504713,true
recommended_3,R0,0,1925-06,119.96038191109935,47.28124178381967,87.33728998694865,39.44050063194465,7.726636758013511,-1.5899537160189858,1,69.13984569498015,45.9067969719142,true
recommended_3,R0,0,1925-07,119.97226733776954,47.27868710845582,86.43475299079911,36.90953898502828,8.0883241296958,-1.6331355006525676,1,70.19427195281104,46.27206046117451,true
recommended_3,R0,0,1925-08,119.98058713643867,47.27689899995405,85.50872828747491,35.137509269386705,8.463299050024402,-1.6782623504600445,1,71.24873397281195,46.63856344709049,true
recommended_3,R0,0,1925-09,119.98641099550707,47.27564740447721,84.56989601272564,33.89683887447753,8.847577126360122,-1.7245635856262544,1,72.3032210247224,47.00651720412735,true
recommended_3,R0,0,1925-10,119.99048769685494,47.27477132707263,83.62563302333504,33.028194882269055,9.238368722269115,-1.7715051993637183,1,73.35772559818095,47.376069662685005,true
recommended_3,R0,0,1925-11,119.99334138779845,47.2741580922086,82.68101704240303,32.42002178668269,9.633720699137202,-1.818718348833248,1,74.41224243633678,47.74732440124587,true
recommended_3,R0,0,1925-12,119.9953389714589,47.27372883726979,81.73952857154295,31.994215009043927,10.032265584757118,-1.8659491478798487,1,75.46676785959139,48.12035394399057,true
recommended_3,R0,0,1926-01,119.99673728002124,47.27342836345086,80.96701909717683,33.49609033718698,10.363045955959638,-1.9130235714228525,1,76.52129929232237,48.495290554555304,true
recommended_3,R0,0,1926-02,119.99771609601486,47.27321803405027,80.22005086294382,34.547361117630246,10.685941481689406,-1.9516490451411586,1,77.57583493164137,48.8719518311214,true
recommended_3,R0,0,1926-03,119.9984012672104,47.27307080458346,79.49262379805239,35.28322129946072,11.003317835821848,-1.9889974568528088,1,78.63037351554969,49.25021009907872,true
recommended_3,R0,0,1926-04,119.99888088704728,47.272967744502346,78.78056728450136,35.79830287160619,11.31683092399968,-2.0253688100973806,0.5,79.68491416065963,49.6299759907966,true
recommended_3,R0,0,1926-05,119.99921662093308,47.27289560271296,78.08097579190434,36.158845583512914,11.627639833923748,-2.060971635774932,0.5,80.73945624860538,50.01118695211803,true
recommended_3,R0,0,1926-06,119.99945163465316,47.272845103591386,77.39181957887013,36.411215409831044,11.936555894610306,-2.0959512104047833,0.5,81.79399934653355,50.39379919734596,true
recommended_3,R0,0,1926-07,119.9996161442572,47.27280975427048,77.09863477981233,38.38786723784214,12.069147013708694,-2.1304090210564937,0.5,82.84854315144814,50.77798579299474,true
recommended_3,R0,0,1926-08,119.99973130098003,47.27278500977731,76.82942023152101,39.771518582161775,12.191360710710022,-2.1450682610093836,0.5,83.90308745125259,51.16350732741841,true
recommended_3,R0,0,1926-09,119.99981191068602,47.272767688647484,76.57709150153865,40.740071068483836,12.306310238153673,-2.1585289884239494,0.5,84.95763209747963,51.55019621315898,true
recommended_3,R0,0,1926-10,119.99986833748021,47.27275556386417,76.33671682764799,41.4180553906181,12.416174865044132,-2.1711454249230675,0.5,86.01217698620236,51.937935139471556,true
recommended_3,R0,0,1926-11,119.99990783623615,47.27274707651955,76.10485995187805,41.892642723308256,12.522480074243386,-2.1831641586176005,0.5,87.06672204467196,52.326641989162646,true
recommended_3,R0,0,1926-12,119.9999354853653,47.27274113538012,75.8791250534439,42.22485267122869,12.626293699946018,-2.194757002406097,0.5,88.12126722196436,52.71625928042395,true
recommended_3,R0,0,1927-01,119.9999548397557,47.27273697658343,75.65784087813006,42.45739880529912,12.728363223422068,-2.206043747327805,0.5,89.17581248243269,53.106746776147396,true
recommended_3,R0,0,1927-02,119.99996838782899,47.272734065426164,75.43984111844395,42.62018051851671,12.829211879694247,-2.217107956093497,0.5,90.23035780112417,53.498076310467205,true
recommended_3,R0,0,1927-03,119.99997787148028,47.2727320276163,75.22431153511178,42.73412731132683,12.929205931972035,-2.2280079440778024,0.5,91.28490316057184,53.89022816735392,true
recommended_3,R0,0,1927-04,119.9999845100362,47.2727306011495,75.01068344931925,42.81388978178437,13.02860176358757,-2.238784423244411,0.5,92.33944854854886,54.28318854564042,true
recommended_3,R0,0,1927-05,119.99998915702534,47.27272960262279,74.79855949746135,42.86972331194797,13.127578842233202,-2.2494658275340376,0.5,93.3939939564964,54.67694778454705,true
recommended_3,R0,0,1927-06,119.99999240991774,47.272728903654105,74.5876618545781,42.90880664365282,13.226262794845475,-2.260072025126932,0.5,94.44853937842332,55.07149912155423,true
recommended_3,R0,0,1927-07,119.99999468694242,47.27272841437605,74.15403313093756,42.93616487825943,13.429741559966297,-2.270616907271095,0.5,95.5030848101358,55.4667155933789,true
recommended_3,R0,0,1927-08,119.99999628085969,47.27272807188142,73.72322969401826,42.955315574173326,13.633076694355434,-2.2922983434531217,0.5,96.55763024869817,55.862593886407275,true
recommended_3,R0,0,1927-09,119.99999739660178,47.27272783213517,73.29514081976461,42.96872101349554,13.836311287591025,-2.313838515299087,0.5,97.61217569205546,56.25913168111939,true
recommended_3,R0,0,1927-10,119.99999817762125,47.27272766431281,72.86968511335189,42.97810478754882,14.039475502270173,-2.3352429590117696,0.5,98.66672113876922,56.65632735385801,true
recommended_3,R0,0,1927-11,119.99999872433487,47.27272754683715,72.44680161510892,42.98467340595553,14.242590452135541,-2.3565157443324054,0.5,99.72126658783247,57.05417976806779,true
recommended_3,R0,0,1927-12,119.99999910703441,47.27272746460419,72.02644361133356,42.989271422438826,14.445670916754274,-2.3776599192445538,0.5,100,57.234759903912476,true
recommended_3,R0,0,1928-01,119.99999937492409,47.2727274070411,71.60857432719482,42.99249002249614,14.648727241786471,-2.398677819433322,0.5,100,57.33840133781923,true
recommended_3,R0,1,1922-01,5.199999999999999,98.85931558935361,100,54.879999999999995,3,2,1,35.02281368821293,35.01320677946768,false
recommended_3,R0,1,1922-02,6.039999999999999,98.0761976612599,99.98907452471482,54.75999999999999,3.00382391634981,2,1,35.06320169316264,35.031106720259025,false
recommended_3,R0,1,1922-03,6.627999999999998,97.53535656675545,99.9700861807984,54.65079999999999,3.0104705628982824,1.9994537262357412,1,35.11581788510177,35.052020893425684,false
recommended_3,R0,1,1922-04,7.039599999999998,97.16030328962366,99.94513849837014,54.556719999999984,3.019204864511367,1.9985043090399202,1,35.17697897011584,35.07479756943025,false
recommended_3,R0,1,1922-05,7.327719999999998,96.89947760000865,99.91578783574015,54.478515999999985,3.029483235300421,1.997256924918507,1,35.24412860351019,35.09864088215306,false
recommended_3,R0,1,1922-06,7.529403999999998,96.71773127283399,99.88318887197079,54.415129599999986,3.0409024890203966,1.9957893917870073,1,35.3154836049135,35.12299808461528,false
recommended_3,R0,1,1922-07,9.770582799999998,94.7430516876148,99.84819858650013,54.364708599999986,3.0531634110564614,1.9941594435985395,1,35.426753032179235,35.159247748250294,false
recommended_3,R0,1,1922-08,11.339407959999999,93.408077073091,99.79669193569569,54.262178535999986,3.07121814618114,1.9924099293250066,1,35.56761885827976,35.20414813974113,false
recommended_3,R0,1,1922-09,12.437585572,92.49576062214805,99.73301894636569,54.14334273639999,3.093549093062485,1.9898345967847846,1,35.72886911927747,35.25478452384373,false
recommended_3,R0,1,1922-10,13.206309900399999,91.86767070801992,99.66032975825657,54.02721234831999,3.1190584139543707,1.9866509473182845,1,35.904270365563015,35.30919401257598,false
recommended_3,R0,1,1922-11,13.744416930279998,91.43305913972652,99.58094985801857,53.92285934681199,3.146936071143235,1.9830164879128283,1,36.089548011362915,35.366037233245976,false
recommended_3,R0,1,1922-12,14.121091851195999,91.13126970043977,99.49661212595282,53.833669034859994,3.176578493981238,1.9790474929009285,1,36.28174382877312,35.42439193928747,false
recommended_3,R0,1,1923-01,18.8847642958372,87.47967043211912,99.40861253951228,53.75993556886611,3.2075341763869916,1.974830606297641,1,36.547628261333614,35.505493599091885,false
recommended_3,R0,1,1923-02,22.219335007086038,85.0929192127991,99.29055128955805,53.56541196933116,3.249101437440511,1.9704306269756138,1,36.86655350760439,35.602845058837254,false
recommended_3,R0,1,1923-03,24.553534504960226,83.49823263815794,99.15077455253395,53.329208328319226,3.2983728508056847,0.9645275644779026,1,37.22122456152382,35.710972390396215,false
recommended_3,R0,1,1923-04,26.187474153472156,82.41705501887833,98.9950324680465,53.09383979467465,3.3533494556951666,0.9575387276266973,1,37.60037176359099,35.82632954648738,false
recommended_3,R0,1,1923-05,27.331231907430507,81.67674060956841,98.82747747259099,52.88006363166809,3.412589042720265,0.9497516234023251,1,37.99645674491217,35.94655948943082,false
recommended_3,R0,1,1923-06,28.131862335201355,81.16638446097755,98.65118395766771,52.69610758494474,3.475023834947216,0.9413738736295492,1,38.4043464518061,36.07006771402429,false
recommended_3,R0,1,1923-07,37.69230363464095,75.53072848280493,98.46845502280902,52.54331943940527,3.5398533936355188,0.9325591978833856,1,38.92614666149415,36.22922094861969,false
recommended_3,R0,1,1923-08,44.38461254424867,72.0298362598215,98.23941308296952,52.14955449854446,3.6212649268267874,0.9234227511404511,1,39.52625570289336,36.41282411558215,false
recommended_3,R0,1,1923-09,49.069228780974065,69.76624273867156,97.97758737143275,51.67314977265366,3.714546224181929,-0.088029345851524,1,40.1775714967975,36.61232095238787,false
recommended_3,R0,1,1923-10,70.34846014668184,61.051329674743634,97.69171541011845,51.19912797742833,3.816666708207217,-0.10112063142836258,1,49.007605145315274,39.39444089829771,true
recommended_3,R0,1,1923-11,85.24392210267729,56.14219285551228,97.33162136056615,50.22893577979937,3.945677563236436,-1.1154142294940776,1,49.94926671571964,39.685262256947645,true
recommended_3,R0,1,1923-12,95.6707454718741,53.15051043997227,96.92046492984566,49.10293738277924,4.093527510397055,-1.1334189319716927,1,50.9601814805005,39.99788787892575,true
recommended_3,R0,1,1924-01,102.96952183031186,51.239220086918706,96.47147907746773,48.00193380378924,4.255665659905542,-1.1539767535077168,1,52.016466153516376,40.324920830919986,true
recommended_3,R0,1,1924-02,108.07866528121829,49.98109722563053,95.9938900432383,47.01226800774311,4.428935691192276,-1.1764260461266134,1,53.10347922464713,40.661901696067495,true
recommended_3,R0,1,1924-03,111.6550656968528,49.136551330624,95.49489846308141,46.16622764698363,4.610871284151624,-1.2003054978380852,1,54.21171599451433,41.00598592376985,true
recommended_3,R0,1,1924-04,114.15854598779696,48.56215264270896,94.9863818401445,45.46670738198296,4.79724858900496,-1.2252550768459294,1,55.33366159408682,41.354927605103576,true
recommended_3,R0,1,1924-05,115.91098219145786,48.16799911909001,94.4706063668626,44.90193878775416,4.98729837524955,-1.2506809079927748,1,56.46532650482731,41.70759118423262,true
recommended_3,R0,1,1924-06,117.1376875340205,47.89587711884681,93.94962844651756,44.454027685684174,5.180313196613841,-1.2764696816568701,1,57.60391637313252,42.063195259488715,true
recommended_3,R0,1,1924-07,117.99638127381435,47.707213941946506,93.42521140565091,44.1036887539583,5.375679551263999,-1.3025185776741217,1,58.74745527161867,42.4211964094068,true
recommended_3,R0,1,1924-08,118.59746689167004,47.57603163422708,92.89881203277282,43.83269068955638,5.572885185305718,-1.3287394297174544,1,59.89453745595499,42.78121400907832,true
recommended_3,R0,1,1924-09,119.01822682416902,47.48463244727696,92.37160231936032,43.62495947593936,5.771513559185546,-1.3550593983613588,1,61.04415899394937,43.14934018048016,true
recommended_3,R0,1,1924-10,119.31275877691832,47.4208616862949,91.8445063021346,43.46692482843248,5.971232521936865,-1.381419884031984,1,62.19560124159913,43.52375855457559,true
recommended_3,R0,1,1924-11,119.51893114384282,47.376323972647526,91.31824083763436,43.34746461659519,6.171781166587595,-1.4077746848932697,1,63.348349084471536,43.90342704998798,true
recommended_3,R0,1,1924-12,119.66325180068996,47.34519731792177,90.7933545194072,43.25765729730135,6.37295697735047,-1.434087958118282,1,64.50203304349454,44.288243261453744,true
recommended_3,R0,1,1925-01,119.76427626048297,47.3234329844995,90.2702620987454,43.190462554090246,6.574604276539638,-1.4603322740296398,1,65.65638803339914,44.67813424817536,true
recommended_3,R0,1,1925-02,119.83499338233807,47.30820985316142,89.74927354427435,43.14039550004868,6.776604348130665,-1.4864868950627297,1,66.81122387213142,45.073048038658094,true
recommended_3,R0,1,1925-03,119.88449536763665,47.29755948736488,89.23061781683829,43.10322704856394,6.9788672717554086,-1.5125363227862827,1,67.9664041441965,45.4687075977856,true
recommended_3,R0,1,1925-04,119.91914675734564,47.290107084105564,88.71446188549844,43.075724072965656,7.181325329750448,-1.5384691091580855,1,69.12183103151192,45.865086534635566,true
recommended_3,R0,1,1925-05,119.94340273014194,47.284891799006175,88.20092567962028,43.05543244835559,7.383927778367378,-1.564276905725078,1,70.27743441984026,46.26216604532912,true
recommended_3,R0,1,1925-06,119.96038191109935,47.28124178381967,87.33728998694865,39.44050063194465,7.726636758013511,-1.5899537160189858,1,71.50316407398694,46.682753173021425,true
recommended_3,R0,1,1925-07,119.97226733776954,47.27868710845582,86.43475299079911,36.90953898502828,8.0883241296958,-1.6331355006525676,1,72.73843401765896,47.107393672466245,true
recommended_3,R0,1,1925-08,119.98058713643867,47.27689899995405,85.50872828747491,35.137509269386705,8.463299050024402,-1.6782623504600445,1,73.98038349782418,47.535455041136174,true
recommended_3,R0,1,1925-09,119.98641099550707,47.27564740447721,84.56989601272564,33.89683887447753,8.847577126360122,-1.7245635856262544,1,75.2270095879025,47.96649444903815,true
recommended_3,R0,1,1925-10,119.99048769685494,47.27477132707263,83.62563302333504,33.028194882269055,9.238368722269115,-1.7715051993637183,1,76.47690995931555,48.400201861257536,true
recommended_3,R0,1,1925-11,119.99334138779845,47.2741580922086,82.68101704240303,32.42002178668269,9.633720699137202,-1.818718348833248,1,77.72910278590543,48.8363602160209,true
recommended_3,R0,1,1925-12,119.9953389714589,47.27372883726979,81.73952857154295,31.994215009043927,10.032265584757118,-1.8659491478798487,1,78.98290065196998,49.27481754415488,true
recommended_3,R0,1,1926-01,119.99673728002124,47.27342836345086,80.96701909717683,33.49609033718698,10.363045955959638,-1.9130235714228525,1,80.20282227030222,49.70405726565869,true
recommended_3,R0,1,1926-02,119.99771609601486,47.27321803405027,80.22005086294382,34.547361117630246,10.685941481689406,-1.9516490451411586,1,81.4188056724861,50.13372722436543,true
recommended_3,R0,1,1926-03,119.9984012672104,47.27307080458346,79.49262379805239,35.28322129946072,11.003317835821848,-1.9889974568528088,1,82.63203243346065,50.56408811045949,true
recommended_3,R0,1,1926-04,119.99888088704728,47.272967744502346,78.78056728450136,35.79830287160619,11.31683092399968,-2.0253688100973806,0.5,83.84332962265952,50.995322400819894,true
recommended_3,R0,1,1926-05,119.99921662093308,47.27289560271296,78.08097579190434,36.158845583512914,11.627639833923748,-2.060971635774932,0.5,85.0532761655673,51.42755782485386,true
recommended_3,R0,1,1926-06,119.99945163465316,47.272845103591386,77.39181957887013,36.411215409831044,11.936555894610306,-2.0959512104047833,0.5,86.26227729383875,51.8608837900445,true
recommended_3,R0,1,1926-07,119.9996161442572,47.27280975427048,77.09863477981233,38.38786723784214,12.069147013708694,-2.1304090210564937,0.5,87.38311665830253,52.266837427745266,true
recommended_3,R0,1,1926-08,119.99973130098003,47.27278500977731,76.82942023152101,39.771518582161775,12.191360710710022,-2.1450682610093836,0.5,88.49876780660765,52.67242237742666,true
recommended_3,R0,1,1926-09,119.99981191068602,47.272767688647484,76.57709150153865,40.740071068483836,12.306310238153673,-2.1585289884239494,0.5,89.61078721655652,53.07798214392256,true
recommended_3,R0,1,1926-10,119.99986833748021,47.27275556386417,76.33671682764799,41.4180553906181,12.416174865044132,-2.1711454249230675,0.5,90.72026441872447,53.483757179816315,true
recommended_3,R0,1,1926-11,119.99990783623615,47.27274707651955,76.10485995187805,41.892642723308256,12.522480074243386,-2.1831641586176005,0.5,91.82796208179371,53.88991580135096,true
recommended_3,R0,1,1926-12,119.9999354853653,47.27274113538012,75.8791250534439,42.22485267122869,12.626293699946018,-2.194757002406097,0.5,92.93441407193743,54.29657582949843,true
recommended_3,R0,1,1927-01,119.9999548397557,47.27273697658343,75.65784087813006,42.45739880529912,12.728363223422068,-2.206043747327805,0.5,94.03999409414378,54.703819738659206,true
recommended_3,R0,1,1927-02,119.99996838782899,47.272734065426164,75.43984111844395,42.62018051851671,12.829211879694247,-2.217107956093497,0.5,95.14496374097135,55.11170526071703,true
recommended_3,R0,1,1927-03,119.99997787148028,47.2727320276163,75.22431153511178,42.73412731132683,12.929205931972035,-2.2280079440778024,0.5,96.2495061265579,55.520272807852685,true
recommended_3,R0,1,1927-04,119.9999845100362,47.2727306011495,75.01068344931925,42.81388978178437,13.02860176358757,-2.238784423244411,0.5,97.3537494303427,55.92955066849607,true
recommended_3,R0,1,1927-05,119.99998915702534,47.27272960262279,74.79855949746135,42.86972331194797,13.127578842233202,-2.2494658275340376,0.5,98.45778337761305,56.33955864448036,true
recommended_3,R0,1,1927-06,119.99999240991774,47.272728903654105,74.5876618545781,42.90880664365282,13.226262794845475,-2.260072025126932,0.5,99.56167077584611,56.750310597041384,true
recommended_3,R0,1,1927-07,119.99999468694242,47.27272841437605,74.15403313093756,42.93616487825943,13.429741559966297,-2.270616907271095,0.5,100,56.974860509572416,true
recommended_3,R0,1,1927-08,119.99999628085969,47.27272807188142,73.72322969401826,42.955315574173326,13.633076694355434,-2.2922983434531217,0.5,100,57.07625071518533,true
recommended_3,R0,1,1927-09,119.99999739660178,47.27272783213517,73.29514081976461,42.96872101349554,13.836311287591025,-2.313838515299087,0.5,100,57.179069663181366,true
recommended_3,R0,1,1927-10,119.99999817762125,47.27272766431281,72.86968511335189,42.97810478754882,14.039475502270173,-2.3352429590117696,0.5,99.99999999999999,57.283316091267444,true
recommended_3,R0,1,1927-11,119.99999872433487,47.27272754683715,72.44680161510892,42.98467340595553,14.242590452135541,-2.3565157443324054,0.5,100,57.388989122901414,true
recommended_3,R0,1,1927-12,119.99999910703441,47.27272746460419,72.02644361133356,42.989271422438826,14.445670916754274,-2.3776599192445538,0.5,100,57.496088149442855,true
recommended_3,R0,1,1928-01,119.99999937492409,47.2727274070411,71.60857432719482,42.99249002249614,14.648727241786471,-2.398677819433322,0.5,100,57.60461274829846,true
recommended_3,R1,0,1922-01,5.199999999999999,98.85931558935361,100,54.879999999999995,3,2,1,35.02281368821293,35.01320677946768,false
recommended_3,R1,0,1922-02,6.039999999999999,98.0761976612599,99.98907452471482,54.75999999999999,3.00382391634981,2,1,35.06128973498773,35.030478960658264,false
recommended_3,R1,0,1922-03,6.627999999999998,97.53535656675545,99.9700861807984,54.65079999999999,3.0104705628982824,1.9994537262357412,1,35.110582603652624,35.05030197601655,false
recommended_3,R1,0,1922-04,7.039599999999998,97.16030328962366,99.94513849837014,54.556719999999984,3.019204864511367,1.9985043090399202,1,35.16737653786015,35.071644770839626,false
recommended_3,R1,0,1922-05,7.327719999999998,96.89947760000865,99.91578783574015,54.478515999999985,3.029483235300421,1.997256924918507,1,35.229386985859975,35.093800717691245,false
recommended_3,R1,0,1922-06,7.529403999999998,96.71773127283399,99.88318887197079,54.415129599999986,3.0409024890203966,1.9957893917870073,1,35.2950323604033,35.11628325933444,false
recommended_3,R1,0,1922-07,9.770582799999998,94.7430516876148,99.84819858650013,54.364708599999986,3.0531634110564614,1.9941594435985395,1,35.400171326651,35.15052008826852,false
recommended_3,R1,0,1922-08,11.339407959999999,93.408077073091,99.79669193569569,54.262178535999986,3.07121814618114,1.9924099293250066,1,35.53200978518918,35.192456494076396,false
recommended_3,R1,0,1922-09,12.437585572,92.49576062214805,99.73301894636569,54.14334273639999,3.093549093062485,1.9898345967847846,1,35.68209457274622,35.23942688106597,false
recommended_3,R1,0,1922-10,13.206309900399999,91.86767070801992,99.66032975825657,54.02721234831999,3.1190584139543707,1.9866509473182845,1,35.844741158585826,35.28964858961847,false
recommended_3,R1,0,1922-11,13.744416930279998,91.43305913972652,99.58094985801857,53.92285934681199,3.146936071143235,1.9830164879128283,1,36.01607997579129,35.3419152282333,false
recommended_3,R1,0,1922-12,14.121091851195999,91.13126970043977,99.49661212595282,53.833669034859994,3.176578493981238,1.9790474929009285,1,36.1934545817825,35.39540363652554,false
recommended_3,R1,0,1923-01,18.8847642958372,87.47967043211912,99.40861253951228,53.75993556886611,3.2075341763869916,1.974830606297641,1,36.443861173140114,35.47142340513502,false
recommended_3,R1,0,1923-02,22.219335007086038,85.0929192127991,99.29055128955805,53.56541196933116,3.249101437440511,1.9704306269756138,1,36.74200278888413,35.561950906190766,false
recommended_3,R1,0,1923-03,24.553534504960226,83.49823263815794,99.15077455253395,53.329208328319226,3.2983728508056847,0.9645275644779026,1,37.07203813612097,35.66198951405561,false
recommended_3,R1,0,1923-04,26.187474153472156,82.41705501887833,98.9950324680465,53.09383979467465,3.3533494556951666,0.9575387276266973,1,37.42369703574341,35.768321344177416,false
recommended_3,R1,0,1923-05,27.331231907430507,81.67674060956841,98.82747747259099,49.88006363166809,3.412589042720265,1.9497516234023253,1,37.79016222355204,35.98614546709233,false
recommended_3,R1,0,1923-06,28.131862335201355,81.16638446097755,98.60671159280503,47.59610758494475,3.490773834947216,1.9413738736295492,1,38.16683453433249,36.09999310004501,false
recommended_3,R1,0,1923-07,37.69230363464095,75.53072848280493,98.3486308985432,45.97331943940528,3.582378393635519,1.9303355796402513,1,38.65621996467639,36.250078368885106,false
recommended_3,R1,0,1923-08,26.384612544248665,75.53072848280493,98.02294509911519,47.550554498544464,3.6982824268267875,3.9174315449271604,1,39.14560539502029,36.401012078082495,false
recommended_3,R1,0,1923-09,18.469228780974063,75.53072848280493,97.72152860632036,48.99384977265366,3.8059059759575753,3.9011472549557595,1,39.63499082536419,36.55248756508548,false
recommended_3,R1,0,1923-10,12.928460146681843,75.53072848280493,97.44219510980857,50.241617977428334,3.90595222489929,4.8860764303160185,1,48.12437625570809,39.22829453087683,true
recommended_3,R1,0,1923-11,9.04992210267729,75.53072848280493,97.18189786904112,51.28127877979937,3.9994476907659373,1.8721097554904282,1,48.613761686051994,39.380049728181085,true
recommended_3,R1,0,1923-12,6.334945471874102,75.53072848280493,96.93745139152627,52.12539748277924,4.087484937420137,1.8590948934520561,1,49.103147116395895,39.53162133682056,true
recommended_3,R1,0,1924-01,4.434461830311871,78.53072848280493,96.70589378979608,52.79772987378925,4.171090560883692,1.8468725695763133,1,49.532532546739795,39.6639669392407,true
recommended_3,R1,0,1924-02,3.104123281218309,81.53072848280493,96.50785150737093,53.325377056743115,4.242766439294445,1.835294689489804,1,49.9019179770837,39.77697824508592,true
recommended_3,R1,0,1924-03,2.172886296852816,84.53072848280493,96.34101499097767,53.73464024128363,4.30327216999469,1.8253925753685465,1,50.2113034074276,39.87056849365612,true
recommended_3,R1,0,1924-04,1.5210204077969713,87.53072848280493,96.20350305892414,54.04906157999295,4.353229268976097,1.8170507495488835,1,50.4606888377715,39.94466782990481,true
recommended_3,R1,0,1924-05,1.06471428545788,90.53072848280493,96.09381350980068,54.28871249376115,4.393135655929281,1.8101751529462071,1,50.650074268115404,39.99921909513956,true
recommended_3,R1,0,1924-06,0.7452999998205159,93.53072848280493,96.01076588755447,54.47015731706907,4.423383875585181,1.804690675490034,1,50.779459698459306,40.03417419233377,true
recommended_3,R1,0,1924-07,0.5217099998743611,96.53072848280493,95.95344572023821,54.60675112195373,4.444279509918714,1.8005382943777235,1,50.848845128803205,40.049491054918995,true
recommended_3,R1,0,1924-08,0.36519699991205273,99.53072848280493,95.92115459800996,54.709074485371374,4.456058026776604,1.7976722860119103,1,50.85823055914711,40.045131180450674,true
recommended_3,R1,0,1924-09,0.2556378999384369,100,95.91336766606024,54.7853962297626,4.45889934597655,1.796057729900498,1,50.85823055914711,40.0432951108792,true
recommended_3,R1,0,1924-10,0.1789465299569058,100,95.91028016051264,54.84210822383566,4.460026015770296,1.795668383303012,1,50.85823055914711,40.04690857716983,true
recommended_3,R1,0,1924-11,0.12526257096983406,100,95.9080086438396,54.884107360786246,4.460854947595159,1.795514008025632,1,50.85823055914711,40.05596007437299,true
recommended_3,R1,0,1924-12,0.08768379967888384,100,95.90634138900307,54.915117275421274,4.461463383951031,1.7954004321919796,1,50.85823055914711,40.06903205631545,true
recommended_3,R1,0,1925-01,0.06137865977521869,100,95.90512027026885,54.93795157880452,4.46190901825507,1.7953170694501537,1,50.85823055914711,40.08571985955665,true
recommended_3,R1,0,1925-02,0.04296506184265308,100,95.90422765607426,54.9547247453699,4.4622347724663465,1.7952560135134426,1,50.85823055914711,40.10602030404878,true
recommended_3,R1,0,1925-03,0.030075543289857152,100,95.90357634282518,54.96701836990365,4.462472467553154,1.7952113828037128,1,50.85823055914711,40.12569105385585,true
recommended_3,R1,0,1925-04,0.021052880302900007,100,95.90310188438319,54.976010592633855,4.46264562111116,1.7951788171412588,1,50.85823055914711,40.14473039689086,true
recommended_3,R1,0,1925-05,0.014737016212030003,100,95.90275678559637,54.982575828434605,4.462771565499832,1.7951550942191594,1,50.85823055914711,40.16313708084066,true
recommended_3,R1,0,1925-06,0.010315911348421001,100,95.5188951045408,51.387360969417855,4.60286304240055,1.7951378392798183,1,50.85823055914711,40.181231958056166,true
recommended_3,R1,0,1925-07,0.0072211379438947,100,95.08505823083073,48.87084320125204,4.761829397311106,1.7759447552270402,1,50.85823055914711,40.19951572062873,true
recommended_3,R1,0,1925-08,0.0050547965607262895,100,94.61729931324018,47.10937360673812,4.934007470504533,1.7542529115415362,1,50.85823055914711,40.21833883455099,true
recommended_3,R1,0,1925-09,0.0035383575925084024,100,94.12684165210419,45.87640988081986,5.1154332590691585,1.730864965662009,1,50.85823055914711,40.237946613087864,true
recommended_3,R1,0,1925-10,0.0024768503147558816,100,93.62151807712875,45.01338076584612,5.303332107194854,1.7063420826052096,1,50.85823055914711,40.25851076647383,true
recommended_3,R1,0,1925-11,0.001733795220329117,100,93.10678763684628,44.40929223058284,5.495761858174162,1.6810759038564378,1,50.85823055914711,40.28015148553738,true
recommended_3,R1,0,1925-12,0.0012136566542303817,100,92.58645046941724,43.98645254755138,5.691363073963602,1.6553393818423139,1,50.85823055914711,40.3029528994235,true
recommended_3,R1,0,1926-01,0.0008495596579612671,100,92.2483217786236,45.49048037358634,5.819184198088958,1.6293225234708621,1,50.85823055914711,40.32681301209584,true
recommended_3,R1,0,1926-02,0.000594691760572887,100,91.93223955109772,46.543310774720695,5.939109176127629,1.6124160889311803,1,50.85823055914711,40.3515223632392,true
recommended_3,R1,0,1926-03,0.00041628423240102085,100,91.6317587150454,47.28029970155167,6.053506794560345,1.5966119775548862,1,50.85823055914711,40.376934329111705,true
recommended_3,R1,0,1926-04,0.00029139896268071455,100,91.34238974035033,47.79619730255919,6.1640352211271985,1.5815879357522697,1,50.85823055914711,40.402946272029226,true
recommended_3,R1,0,1926-05,0.00020397927387650017,100,91.0610030778293,48.157329369822556,6.2718551852887625,1.5671194870175165,1,50.85823055914711,40.429486344867506,true
recommended_3,R1,0,1926-06,0.0001427854917135501,100,90.78541600397637,48.41012443949757,6.377779206097194,1.553050153891465,1,50.85823055914711,40.45650425411775,true
recommended_3,R1,0,1926-07,0.00009994984419948506,100,90.96803256286209,50.38708282408355,6.307376052789832,1.5392708001988182,1,50.869866356063476,40.483562585625286,true
recommended_3,R1,0,1926-08,0.00006996489093963954,100,91.1779924605704,51.77095497836316,6.226593867963393,1.5484016281431046,1,50.88379903276779,40.51038601580947,true
recommended_3,R1,0,1926-09,0.000048975423657747675,100,91.40736376155647,52.73966638590748,6.138546354326986,1.5588996230285197,1,50.899614102336805,40.5367818179849,true
recommended_3,R1,0,1926-10,0.00003428279656042337,100,91.65059418230825,53.41776500087252,6.045413105800972,1.5703681880778233,1,50.91700429172125,40.562615083346515,true
recommended_3,R1,0,1926-11,0.00002399795759229636,100,91.90379404818427,53.892434472126865,5.948719839546392,1.5825297091154127,1,50.93574244379797,40.58779137564308,true
recommended_3,R1,0,1926-12,0.00001679857031460745,100,92.16423700920355,54.22470341055008,5.849534558567726,1.5951897024092134,1,50.95566096671944,40.612244589437324,true
recommended_3,R1,0,1927-01,0.000011758999220225215,100,92.43001152743778,54.45729188342794,5.748604865662338,1.6082118504601772,1,50.976636369284506,40.63592845088023,true
recommended_3,R1,0,1927-02,0.000008231299454157649,100,92.69977718439948,54.62010396562958,5.646454083274341,1.6215005763718893,1,50.998577695670086,40.658810568247375,true
recommended_3,R1,0,1927-03,0.000005761909617910354,100,92.97259407429178,54.73407252900172,5.543448537454785,1.634988859219974,1,51.021417920155514,40.68086826731062,true
recommended_3,R1,0,1927-04,0.000004033336732537247,100,93.2478032614925,54.81385059744391,5.4398446566775265,1.648629703714589,1,51.045107571382445,40.70208567609552,true
recommended_3,R1,0,1927-05,0.000002823335712776073,100,93.52494296784695,54.869695297210626,5.335821941040946,1.6623901630746254,1,51.06961002551957,40.722451684209645,true
recommended_3,R1,0,1927-06,0.000001976334998943251,100,93.80368978576597,54.90878662334737,5.23150604073059,1.6762471483923478,1,51.094898042297,40.7419585143711,true
recommended_3,R1,0,1927-07,0.0000013834344992602755,100,93.80240636307279,54.93615057705311,5.231984910958016,1.6901844892882985,1,51.094898042297,40.76084204747747,true
recommended_3,R1,0,1927-08,9.684041494821928e-7,100,93.8015079786452,54.95530536243414,5.232320120428487,1.6901203181536395,1,51.094898042297,40.77909847265353,true
recommended_3,R1,0,1927-09,6.778829046375349e-7,100,93.80087911498487,54.96871372465177,5.232554767275708,1.6900753989322603,1,51.094898042297,40.796725122284165,true
recommended_3,R1,0,1927-10,4.745180332462744e-7,100,93.80043891296508,54.978099586919754,5.232719020221286,1.6900439557492433,1,51.094898042297,40.813720129037044,true
recommended_3,R1,0,1927-11,3.3216262327239205e-7,100,93.80013077271119,54.98466969660828,5.232833997389958,1.690021945648254,1,51.094898042297,40.830082185778316,true
recommended_3,R1,0,1927-12,2.3251383629067442e-7,100,93.79991507504174,54.98926877766091,5.232914481482764,1.6900065386355592,1,51.094898042297,40.84581037751346,true
recommended_3,R1,0,1928-01,1.6275968540347208e-7,100,93.79976408688013,54.99248813738721,5.232970820400044,1.6899957537520869,1,51.094898042297,40.8609040637457,true
recommended_3,R1,1,1922-01,5.199999999999999,98.85931558935361,100,54.879999999999995,3,2,1,35.02281368821293,35.01320677946768,false
recommended_3,R1,1,1922-02,6.039999999999999,98.0761976612599,99.98907452471482,54.75999999999999,3.00382391634981,2,1,35.06320169316264,35.031106720259025,false
recommended_3,R1,1,1922-03,6.627999999999998,97.53535656675545,99.9700861807984,54.65079999999999,3.0104705628982824,1.9994537262357412,1,35.11581788510177,35.052020893425684,false
recommended_3,R1,1,1922-04,7.039599999999998,97.16030328962366,99.94513849837014,54.556719999999984,3.019204864511367,1.9985043090399202,1,35.17697897011584,35.07479756943025,false
recommended_3,R1,1,1922-05,7.327719999999998,96.89947760000865,99.91578783574015,54.478515999999985,3.029483235300421,1.997256924918507,1,35.24412860351019,35.09864088215306,false
recommended_3,R1,1,1922-06,7.529403999999998,96.71773127283399,99.88318887197079,54.415129599999986,3.0409024890203966,1.9957893917870073,1,35.3154836049135,35.12299808461528,false
recommended_3,R1,1,1922-07,9.770582799999998,94.7430516876148,99.84819858650013,54.364708599999986,3.0531634110564614,1.9941594435985395,1,35.426753032179235,35.159247748250294,false
recommended_3,R1,1,1922-08,11.339407959999999,93.408077073091,99.79669193569569,54.262178535999986,3.07121814618114,1.9924099293250066,1,35.56761885827976,35.20414813974113,false
recommended_3,R1,1,1922-09,12.437585572,92.49576062214805,99.73301894636569,54.14334273639999,3.093549093062485,1.9898345967847846,1,35.72886911927747,35.25478452384373,false
recommended_3,R1,1,1922-10,13.206309900399999,91.86767070801992,99.66032975825657,54.02721234831999,3.1190584139543707,1.9866509473182845,1,35.904270365563015,35.30919401257598,false
recommended_3,R1,1,1922-11,13.744416930279998,91.43305913972652,99.58094985801857,53.92285934681199,3.146936071143235,1.9830164879128283,1,36.089548011362915,35.366037233245976,false
recommended_3,R1,1,1922-12,14.121091851195999,91.13126970043977,99.49661212595282,53.833669034859994,3.176578493981238,1.9790474929009285,1,36.28174382877312,35.42439193928747,false
recommended_3,R1,1,1923-01,18.8847642958372,87.47967043211912,99.40861253951228,53.75993556886611,3.2075341763869916,1.974830606297641,1,36.547628261333614,35.505493599091885,false
recommended_3,R1,1,1923-02,22.219335007086038,85.0929192127991,99.29055128955805,53.56541196933116,3.249101437440511,1.9704306269756138,1,36.86655350760439,35.602845058837254,false
recommended_3,R1,1,1923-03,24.553534504960226,83.49823263815794,99.15077455253395,53.329208328319226,3.2983728508056847,0.9645275644779026,1,37.22122456152382,35.710972390396215,false
recommended_3,R1,1,1923-04,26.187474153472156,82.41705501887833,98.9950324680465,53.09383979467465,3.3533494556951666,0.9575387276266973,1,37.60037176359099,35.82632954648738,false
recommended_3,R1,1,1923-05,27.331231907430507,81.67674060956841,98.82747747259099,49.88006363166809,3.412589042720265,1.9497516234023253,1,37.99645674491217,36.05387883493891,false
recommended_3,R1,1,1923-06,28.131862335201355,81.16638446097755,98.60671159280503,47.59610758494475,3.490773834947216,1.9413738736295492,1,38.4122214518061,36.180561804615515,false
recommended_3,R1,1,1923-07,37.69230363464095,75.53072848280493,98.3486308985432,45.97331943940528,3.582378393635519,1.9303355796402513,1,38.94740916149415,36.34568548850693,false
recommended_3,R1,1,1923-08,26.384612544248665,75.53072848280493,98.02294509911519,47.550554498544464,3.6982824268267875,3.9174315449271604,1,39.49474660843369,36.51564677648656,false
recommended_3,R1,1,1923-09,18.469228780974063,75.53072848280493,97.72152860632036,48.99384977265366,3.8059059759575753,3.9011472549557595,1,40.037943813342984,36.68479046280519,false
recommended_3,R1,1,1923-10,12.928460146681843,75.53072848280493,97.44219510980857,50.241617977428334,3.90595222489929,4.8860764303160185,1,48.57735236815774,39.37702168779779,true
recommended_3,R1,1,1923-11,9.04992210267729,75.53072848280493,97.18189786904112,51.28127877979937,3.9994476907659373,1.8721097554904282,1,49.11348553143497,39.54412572408183,true
recommended_3,R1,1,1923-12,6.334945471874102,75.53072848280493,96.93745139152627,52.12539748277924,4.087484937420137,1.8590948934520561,1,49.64688958510597,39.71015011404703,true
recommended_3,R1,1,1924-01,4.434461830311871,78.53072848280493,96.70589378979608,52.79772987378925,4.171090560883692,1.8468725695763133,1,50.118077827181644,39.856220972985774,true
recommended_3,R1,1,1924-02,3.104123281218309,81.53072848280493,96.50785150737093,53.325377056743115,4.242766439294445,1.835294689489804,1,50.52330119673093,39.9809990688701,true
recommended_3,R1,1,1924-03,2.172886296852816,84.53072848280493,96.34101499097767,53.73464024128363,4.30327216999469,1.8253925753685465,1,50.86293949242495,40.08452234156359,true
recommended_3,R1,1,1924-04,1.5210204077969713,87.53072848280493,96.20350305892414,54.04906157999295,4.353229268976097,1.8170507495488835,1,51.13730347225955,40.16682296822838,true
recommended_3,R1,1,1924-05,1.06471428545788,90.53072848280493,96.09381350980068,54.28871249376115,4.393135655929281,1.8101751529462071,1,51.346642096080046,40.22792553198795,true
recommended_3,R1,1,1924-06,0.7452999998205159,93.53072848280493,96.01076588755447,54.47015731706907,4.423383875585181,1.804690675490034,1,51.4911516362519,40.267846378575676,true
recommended_3,R1,1,1924-07,0.5217099998743611,96.53072848280493,95.95344572023821,54.60675112195373,4.444279509918714,1.8005382943777235,1,51.57098488376256,40.286593607797315,true
recommended_3,R1,1,1924-08,0.36519699991205273,99.53072848280493,95.92115459800996,54.709074485371374,4.456058026776604,1.7976722860119103,1,51.58625957253541,40.284167373179834,true
recommended_3,R1,1,1924-09,0.2556378999384369,100,95.91336766606024,54.7853962297626,4.45889934597655,1.796057729900498,1,51.587680232135384,40.282797753510344,true
recommended_3,R1,1,1924-10,0.1789465299569058,100,95.91028016051264,54.84210822383566,4.460026015770296,1.795668383303012,1,51.58824356703226,40.28659618142545,true
recommended_3,R1,1,1924-11,0.12526257096983406,100,95.9080086438396,54.884107360786246,4.460854947595159,1.795514008025632,1,51.58865803294469,40.295783761603204,true
recommended_3,R1,1,1924-12,0.08768379967888384,100,95.90634138900307,54.915117275421274,4.461463383951031,1.7954004321919796,1,51.58896225112263,40.30895562851408,true
recommended_3,R1,1,1925-01,0.06137865977521869,100,95.90512027026885,54.93795157880452,4.46190901825507,1.7953170694501537,1,51.58918506827465,40.325716590053524,true
recommended_3,R1,1,1925-02,0.04296506184265308,100,95.90422765607426,54.9547247453699,4.4622347724663465,1.7952560135134426,1,51.58934794538029,40.34607051252868,true
recommended_3,R1,1,1925-03,0.030075543289857152,100,95.90357634282518,54.96701836990365,4.462472467553154,1.7952113828037128,1,51.589466792923695,40.36578028394583,true
recommended_3,R1,1,1925-04,0.021052880302900007,100,95.90310188438319,54.976010592633855,4.46264562111116,1.7951788171412588,1,51.5895533697027,40.384848053023276,true
recommended_3,R1,1,1925-05,0.014737016212030003,100,95.90275678559637,54.982575828434605,4.462771565499832,1.7951550942191594,1,51.589616341897035,40.40327541284355,true
recommended_3,R1,1,1925-06,0.010315911348421001,100,95.5188951045408,51.387360969417855,4.60286304240055,1.7951378392798183,1,51.659662080347395,40.444368640850264,true
recommended_3,R1,1,1925-07,0.0072211379438947,100,95.08505823083073,48.87084320125204,4.761829397311106,1.7759447552270402,1,51.739145257802676,40.48874938002066,true
recommended_3,R1,1,1925-08,0.0050547965607262895,100,94.61729931324018,47.10937360673812,4.934007470504533,1.7542529115415362,1,51.82523429439939,40.535838394292156,true
recommended_3,R1,1,1925-09,0.0035383575925084024,100,94.12684165210419,45.87640988081986,5.1154332590691585,1.730864965662009,1,51.9159471886817,40.585230239785055,true
recommended_3,R1,1,1925-10,0.0024768503147558816,100,93.62151807712875,45.01338076584612,5.303332107194854,1.7063420826052096,1,52.00989661274455,40.63664112073832,true
recommended_3,R1,1,1925-11,0.001733795220329117,100,93.10678763684628,44.40929223058284,5.495761858174162,1.6810759038564378,1,52.106111488234205,40.689872390587645,true
recommended_3,R1,1,1925-12,0.0012136566542303817,100,92.58645046941724,43.98645254755138,5.691363073963602,1.6553393818423139,1,52.203912096128924,40.74478500406586,true
recommended_3,R1,1,1926-01,0.0008495596579612671,100,92.2483217786236,45.49048037358634,5.819184198088958,1.6293225234708621,1,52.267822658191605,40.789629084615456,true
recommended_3,R1,1,1926-02,0.000594691760572887,100,91.93223955109772,46.543310774720695,5.939109176127629,1.6124160889311803,1,52.32778514721094,40.83402611965349,true
recommended_3,R1,1,1926-03,0.00041628423240102085,100,91.6317587150454,47.28029970155167,6.053506794560345,1.5966119775548862,1,52.3849839564273,40.8782183612187,true
recommended_3,R1,1,1926-04,0.00029139896268071455,100,91.34238974035033,47.79619730255919,6.1640352211271985,1.5815879357522697,1,52.44024816971073,40.92237538749761,true
recommended_3,R1,1,1926-05,0.00020397927387650017,100,91.0610030778293,48.157329369822556,6.2718551852887625,1.5671194870175165,1,52.49415815179151,40.96661590445242,true
recommended_3,R1,1,1926-06,0.0001427854917135501,100,90.78541600397637,48.41012443949757,6.377779206097194,1.553050153891465,1,52.547120162195725,41.01102300711871,true
recommended_3,R1,1,1926-07,0.00009994984419948506,100,90.96803256286209,50.38708282408355,6.307376052789832,1.5392708001988182,1,52.55875595911209,41.03808133862625,true
recommended_3,R1,1,1926-08,0.00006996489093963954,100,91.1779924605704,51.77095497836316,6.226593867963393,1.5484016281431046,1,52.572688635816405,41.06490476881043,true
recommended_3,R1,1,1926-09,0.000048975423657747675,100,91.40736376155647,52.73966638590748,6.138546354326986,1.5588996230285197,1,52.58850370538541,41.09130057098586,true
recommended_3,R1,1,1926-10,0.00003428279656042337,100,91.65059418230825,53.41776500087252,6.045413105800972,1.5703681880778233,1,52.605893894769856,41.11713383634748,true
recommended_3,R1,1,1926-11,0.00002399795759229636,100,91.90379404818427,53.892434472126865,5.948719839546392,1.5825297091154127,1,52.62463204684658,41.142310128644034,true
recommended_3,R1,1,1926-12,0.00001679857031460745,100,92.16423700920355,54.22470341055008,5.849534558567726,1.5951897024092134,1,52.64455056976805,41.16676334243829,true
recommended_3,R1,1,1927-01,0.000011758999220225215,100,92.43001152743778,54.45729188342794,5.748604865662338,1.6082118504601772,1,52.665525972333114,41.190447203881185,true
recommended_3,R1,1,1927-02,0.000008231299454157649,100,92.69977718439948,54.62010396562958,5.646454083274341,1.6215005763718893,1,52.687467298718694,41.21332932124834,true
recommended_3,R1,1,1927-03,0.000005761909617910354,100,92.97259407429178,54.73407252900172,5.543448537454785,1.634988859219974,1,52.710307523204115,41.235387020311585,true
recommended_3,R1,1,1927-04,0.000004033336732537247,100,93.2478032614925,54.81385059744391,5.4398446566775265,1.648629703714589,1,52.73399717443105,41.25660442909648,true
recommended_3,R1,1,1927-05,0.000002823335712776073,100,93.52494296784695,54.869695297210626,5.335821941040946,1.6623901630746254,1,52.758499628568174,41.27697043721061,true
recommended_3,R1,1,1927-06,0.000001976334998943251,100,93.80368978576597,54.90878662334737,5.23150604073059,1.6762471483923478,1,52.7837876453456,41.296477267372055,true
recommended_3,R1,1,1927-07,0.0000013834344992602755,100,93.80240636307279,54.93615057705311,5.231984910958016,1.6901844892882985,1,52.78402708045931,41.31543941500743,true
recommended_3,R1,1,1927-08,9.684041494821928e-7,100,93.8015079786452,54.95530536243414,5.232320120428487,1.6901203181536395,1,52.78419468519455,41.3337508704049,true
recommended_3,R1,1,1927-09,6.778829046375349e-7,100,93.80087911498487,54.96871372465177,5.232554767275708,1.6900753989322603,1,52.78431200861816,41.35141604122627,true
recommended_3,R1,1,1927-10,4.745180332462744e-7,100,93.80043891296508,54.978099586919754,5.232719020221286,1.6900439557492433,1,52.78439413509095,41.36843801283772,true
recommended_3,R1,1,1927-11,3.3216262327239205e-7,100,93.80013077271119,54.98466969660828,5.232833997389958,1.690021945648254,1,52.78445162367528,41.38481894499752,true
recommended_3,R1,1,1927-12,2.3251383629067442e-7,100,93.79991507504174,54.98926877766091,5.232914481482764,1.6900065386355592,1,52.784491865721684,41.4005603495379,true
recommended_3,R1,1,1928-01,1.6275968540347208e-7,100,93.79976408688013,54.99248813738721,5.232970820400044,1.6899957537520869,1,52.78452003518032,41.415663284742394,true
recommended_3,R2,0,1922-01,5.199999999999999,98.85931558935361,100,54.879999999999995,3,2,1,35.02281368821293,35.01320677946768,false
recommended_3,R2,0,1922-02,6.039999999999999,98.0761976612599,99.98907452471482,54.75999999999999,3.00382391634981,2,1,35.06128973498773,35.030478960658264,false
recommended_3,R2,0,1922-03,6.627999999999998,97.53535656675545,99.9700861807984,54.65079999999999,3.0104705628982824,1.9994537262357412,1,35.110582603652624,35.05030197601655,false
recommended_3,R2,0,1922-04,7.039599999999998,97.16030328962366,99.94513849837014,54.556719999999984,3.019204864511367,1.9985043090399202,1,35.16737653786015,35.071644770839626,false
recommended_3,R2,0,1922-05,7.327719999999998,96.89947760000865,99.91578783574015,54.478515999999985,3.029483235300421,1.997256924918507,1,35.229386985859975,35.093800717691245,false
recommended_3,R2,0,1922-06,7.529403999999998,96.71773127283399,99.88318887197079,54.415129599999986,3.0409024890203966,1.9957893917870073,1,35.2950323604033,35.11628325933444,false
recommended_3,R2,0,1922-07,9.770582799999998,94.7430516876148,99.84819858650013,54.364708599999986,3.0531634110564614,1.9941594435985395,1,35.400171326651,35.15052008826852,false
recommended_3,R2,0,1922-08,11.339407959999999,93.408077073091,99.79669193569569,54.262178535999986,3.07121814618114,1.9924099293250066,1,35.53200978518918,35.192456494076396,false
recommended_3,R2,0,1922-09,12.437585572,92.49576062214805,99.73301894636569,54.14334273639999,3.093549093062485,1.9898345967847846,1,35.68209457274622,35.23942688106597,false
recommended_3,R2,0,1922-10,13.206309900399999,91.86767070801992,99.66032975825657,54.02721234831999,3.1190584139543707,1.9866509473182845,1,35.844741158585826,35.28964858961847,false
recommended_3,R2,0,1922-11,13.744416930279998,91.43305913972652,99.58094985801857,53.92285934681199,3.146936071143235,1.9830164879128283,1,36.01607997579129,35.3419152282333,false
recommended_3,R2,0,1922-12,14.121091851195999,91.13126970043977,99.49661212595282,53.833669034859994,3.176578493981238,1.9790474929009285,1,36.1934545817825,35.39540363652554,false
recommended_3,R2,0,1923-01,18.8847642958372,87.47967043211912,99.40861253951228,53.75993556886611,3.2075341763869916,1.974830606297641,1,36.443861173140114,35.47142340513502,false
recommended_3,R2,0,1923-02,22.219335007086038,85.0929192127991,99.29055128955805,53.56541196933116,3.249101437440511,1.9704306269756138,1,36.74200278888413,35.561950906190766,false
recommended_3,R2,0,1923-03,24.553534504960226,83.49823263815794,99.15077455253395,53.329208328319226,3.2983728508056847,0.9645275644779026,1,37.07203813612097,35.66198951405561,false
recommended_3,R2,0,1923-04,26.187474153472156,82.41705501887833,98.9950324680465,53.09383979467465,3.3533494556951666,0.9575387276266973,1,37.42369703574341,35.768321344177416,false
recommended_3,R2,0,1923-05,27.331231907430507,81.67674060956841,98.82747747259099,51.38006363166809,3.412589042720265,-0.05024837659767489,1,37.79016222355204,35.87882612158424,false
recommended_3,R2,0,1923-06,28.131862335201355,81.16638446097755,98.62894777523637,50.146107584944744,3.4828988349472163,-0.05862612637045084,1,38.16683453433249,35.992379194495356,false
recommended_3,R2,0,1923-07,37.69230363464095,75.53072848280493,98.40853445533634,49.25831943940528,3.5611158936355194,-0.06855261123818157,1,38.65621996467639,36.14167701993744,false
recommended_3,R2,0,1923-08,44.38461254424867,72.0298362598215,98.13114108800876,48.350054498544466,3.659773676826788,-0.07957327723318319,1,39.21562323947996,36.31333242150458,false
recommended_3,R2,0,1923-09,49.069228780974065,69.76624273867156,97.81367655023476,47.51349977265367,3.773002349181929,-1.093442945599562,1,39.820298384706525,36.499658337050505,false
recommended_3,R2,0,1923-10,34.348460146681845,69.76624273867156,97.46725223718249,48.28737297742834,3.896960995707217,-0.10931617248826209,1,48.42497352993309,39.21080396500217,true
recommended_3,R2,0,1923-11,24.04392210267729,69.76624273867156,97.13336894089962,49.27070727979938,4.016856807907438,0.8733626118591247,1,49.029648675159656,39.39800739639405,true
recommended_3,R2,0,1923-12,16.830745471874103,69.76624273867156,96.81495657948263,50.26817743277925,4.13159011502021,0.8566684470449808,1,49.63432382038622,39.58538588644295,true
recommended_3,R2,0,1924-01,11.78152183031187,69.76624273867156,96.51207350830532,51.182801838789246,4.241086703829839,1.8407478289741313,1,50.23899896561279,39.77274747883843,true
recommended_3,R2,0,1924-02,8.247065281218308,69.76624273867156,96.22337884361673,51.97451563224311,4.345781514507915,1.825603675415266,1,50.84367411083935,39.95991616036762,true
recommended_3,R2,0,1924-03,5.7729456968528154,69.76624273867156,95.94697495203529,52.63474898413362,4.446319827770358,1.8111689421808363,1,51.44834925606592,40.146739571124535,true
recommended_3,R2,0,1924-04,4.0410619877969705,72.76624273867156,95.68086714598641,53.17113591798795,4.543391915935376,1.7973487476017644,1,51.99302440129249,40.3142857019226,true
recommended_3,R2,0,1924-05,2.8287433914578792,75.76624273867156,95.44615908996498,53.59856328295765,4.629247972697659,1.7840433572993206,1,52.477699546519055,40.462482526990975,true
recommended_3,R2,0,1924-06,1.9801203740205153,78.76624273867156,95.24105330311458,53.93413199632661,4.704460035793851,1.772307954498249,1,52.90237469174562,40.591272698482584,true
recommended_3,R2,0,1924-07,1.3860842618143607,81.76624273867156,95.06404011183966,54.19448878620801,4.769510363144856,1.7620526651557291,1,53.26704983697219,40.700610635538666,true
recommended_3,R2,0,1924-08,0.9702589832700524,84.76624273867156,94.91388386875445,54.39455962249117,4.824793817348984,1.753202005591983,1,53.57172498219876,40.79045961467472,true
recommended_3,R2,0,1924-09,0.6791812882890367,87.76624273867156,94.78959255869547,54.54708396624572,4.870626899662625,1.7456941934377226,1,53.816400127425325,40.867149115908234,true
recommended_3,R2,0,1924-10,0.47542690180232566,90.76624273867156,94.69038217044898,54.66258333772333,4.907259229171554,1.7394796279347737,1,54.001075272651896,40.93065252830901,true
recommended_3,R2,0,1924-11,0.33279883126162796,93.76624273867156,94.6156418132282,54.74954552935226,4.934885186980226,1.7345191085224492,1,54.125750417878464,40.980933306532286,true
recommended_3,R2,0,1924-12,0.23295918188313955,96.76624273867156,94.56490240112032,54.814697905608725,4.953654593282846,1.7307820906614098,1,54.19042556310503,41.01616126761368,true
recommended_3,R2,0,1925-01,0.16307142731819768,99.76624273867156,94.53780994476517,54.86329975846961,4.96368194961012,1.728245120056016,1,54.1951007083316,41.03631556136311,true
recommended_3,R2,0,1925-02,0.11414999912273836,100,94.53410353158361,54.89941768810918,4.965054146209874,1.7268904972382586,1,54.1951007083316,41.05863558394895,true
recommended_3,R2,0,1925-03,0.07990499938591684,100,94.53267726278075,54.92616788170274,4.9655822033473,1.7267051765791805,1,54.1951007083316,41.08033361425617,true
recommended_3,R2,0,1925-04,0.055933499570141786,100,94.53163033060916,54.945920367210334,4.965969821968361,1.7266338631390377,1,54.1951007083316,41.101405926885654,true
recommended_3,R2,0,1925-05,0.03915344969909925,100,94.53086349523086,54.96046625206012,4.966253740040507,1.726581516530458,1,54.1951007083316,41.121849770982784,true
recommended_3,R2,0,1925-06,0.027407414789369474,100,94.15217946735045,51.37115177295111,5.106461292217191,1.726543174761543,1,54.1951007083316,41.14198488746341,true
recommended_3,R2,0,1925-07,0.01918519035255863,100,93.72432115405113,48.85898401862209,5.265512745409198,1.7076089733675226,1,54.1951007083316,41.162311146695096,true
recommended_3,R2,0,1925-08,0.01342963324679104,100,93.2630894863273,47.100713257324884,5.437753079311432,1.6862160577025562,1,54.1951007083316,41.18317840886037,true
recommended_3,R2,0,1925-09,0.009400743272753727,100,92.77953034542796,45.87009639113002,5.619224334710476,1.663154474316365,1,54.1951007083316,41.20483154173464,true
recommended_3,R2,0,1925-10,0.006580520290927609,100,92.28135199870674,45.008785451492834,5.807156328657044,1.638976517271398,1,54.1951007083316,41.227441928714036,true
recommended_3,R2,0,1925-11,0.004606364203649326,100,91.7739261727151,44.40595240043625,5.999610205036706,1.6140675999353369,1,54.1951007083316,41.25112952134323,true
recommended_3,R2,0,1925-12,0.0032244549425545278,100,91.26099186668334,43.98402848937926,6.195228954934416,1.5886963086357546,1,54.1951007083316,41.275978273920586,true
recommended_3,R2,0,1926-01,0.002257118459788169,100,90.92767060998482,45.48872320891721,6.323062805365175,1.563049593334167,1,54.1951007083316,41.30188606287367,true
recommended_3,R2,0,1926-02,0.0015799829218517184,100,90.61608953229386,46.54203853268825,6.442997008518359,1.5463835304992408,1,54.1951007083316,41.328643335011506,true
recommended_3,R2,0,1926-03,0.0011059880452962028,100,90.31989324419187,47.279379573394124,6.557401306221746,1.5308044766146929,1,54.1951007083316,41.35610339905886,true
recommended_3,R2,0,1926-04,0.000774191631707342,100,90.034654615797,47.79553252173452,6.667934563461427,1.5159946622095937,1,54.1951007083316,41.38416356829405,true
recommended_3,R2,0,1926-05,0.0005419341421951393,100,89.75728754540094,48.15684953946521,6.77575801772232,1.5017327307898498,1,54.1951007083316,41.41275196003151,true
recommended_3,R2,0,1926-06,0.0003793538995365975,100,89.48563957676974,48.40977841960138,6.881684557640128,1.487864377270047,1,54.1951007083316,41.441818255005124,true
recommended_3,R2,0,1926-07,0.00026554772967561825,100,89.66563696653887,50.38683351310398,6.811283220937221,1.474281978838487,1,54.20522590273296,41.470925020424914,true
recommended_3,R2,0,1926-08,0.00018588341077293275,100,89.87258750071645,51.770775492740896,6.730502344993425,1.4832818483269434,1,54.217431332821356,41.49979691924196,true
recommended_3,R2,0,1926-09,0.0001301183875410529,100,90.09867244890538,52.7395372684163,6.642455773656535,1.4936293750358225,1,54.231370679618124,41.52824121504653,true
recommended_3,R2,0,1926-10,0.00009108287127873703,100,90.3384187625667,53.41767218433978,6.54932320299735,1.5049336224452687,1,54.24678426200305,41.556122992019,true
recommended_3,R2,0,1926-11,0.00006375800989511592,100,90.5879922699298,53.892367796551696,6.452630424029566,1.5169209381283353,1,54.26347812816431,41.58334780885262,true
recommended_3,R2,0,1926-12,0.00004463060692658114,100,90.84470552011699,54.22465554484589,6.35344549309767,1.52939961349649,1,54.28130784155176,41.6098495564696,true
recommended_3,R2,0,1927-01,0.000031241424848606797,100,91.10667424587157,54.45725754247391,6.2525160514872296,1.5422352760058495,1,54.300166050047594,41.63558195840131,true
recommended_3,R2,0,1927-02,0.000021868997394024757,100,91.37257714956762,54.62007934248899,6.150365449389241,1.5553337122935786,1,54.31997304082908,41.660512621039786,true
recommended_3,R2,0,1927-03,0.00001530829817581733,100,91.64148773157795,54.73405488367237,6.047360032841174,1.5686288574783809,1,54.34066961562369,41.68461886880353,true
recommended_3,R2,0,1927-04,0.00001071580872307213,100,91.9127564538554,54.8138379593217,5.943756244701894,1.5820743865788978,1,54.36221174832251,41.70788482874636,true
recommended_3,R2,0,1927-05,0.00000750106610615049,100,92.18592812327108,54.86968625005092,5.839733595415455,1.5956378226927697,1,54.38456659912777,41.73029938977846,true
recommended_3,R2,0,1927-06,0.000005250746274305343,100,92.46068394354296,54.90878015000366,5.735417742602687,1.6092964061635542,1,54.4077095535003,41.75185477411784,true
recommended_3,R2,0,1927-07,0.00000367552239201374,100,92.45941880608497,54.93614594748017,5.735896646815168,1.623034197177148,1,54.4077095535003,41.772786862303654,true
recommended_3,R2,0,1927-08,0.0000025728656744096177,100,92.45853321979732,54.955302052970445,5.736231880590897,1.6229709403042485,1,54.4077095535003,41.79309184320392,true
recommended_3,R2,0,1927-09,0.0000018010059720867322,100,92.45791331380427,54.968711359893334,5.736466544812802,1.6229266609898658,1,54.4077095535003,41.81276704901965,true
recommended_3,R2,0,1927-10,0.0000012607041804607124,100,92.45747938144807,54.97809789789515,5.736630810173362,1.6228956656902134,1,54.4077095535003,41.83181061228695,true
recommended_3,R2,0,1927-11,8.824929263224987e-7,100,92.457175629475,54.984668490705474,5.736745796209412,1.6228739690724034,1,54.4077095535003,41.85022122577788,true
recommended_3,R2,0,1927-12,6.17745048425749e-7,100,92.45696300326787,54.989267917019035,5.7368262866332085,1.62285878147375,1,54.4077095535003,41.867997974430615,true
recommended_3,R2,0,1928-01,4.324215338980243e-7,100,92.456814164898,54.992487523380966,5.736882630068859,1.6228481501633936,1,54.4077095535003,41.885140217700304,true
recommended_3,R2,1,1922-01,5.199999999999999,98.85931558935361,100,54.879999999999995,3,2,1,35.02281368821293,35.01320677946768,false
recommended_3,R2,1,1922-02,6.039999999999999,98.0761976612599,99.98907452471482,54.75999999999999,3.00382391634981,2,1,35.06320169316264,35.031106720259025,false
recommended_3,R2,1,1922-03,6.627999999999998,97.53535656675545,99.9700861807984,54.65079999999999,3.0104705628982824,1.9994537262357412,1,35.11581788510177,35.052020893425684,false
recommended_3,R2,1,1922-04,7.039599999999998,97.16030328962366,99.94513849837014,54.556719999999984,3.019204864511367,1.9985043090399202,1,35.17697897011584,35.07479756943025,false
recommended_3,R2,1,1922-05,7.327719999999998,96.89947760000865,99.91578783574015,54.478515999999985,3.029483235300421,1.997256924918507,1,35.24412860351019,35.09864088215306,false
recommended_3,R2,1,1922-06,7.529403999999998,96.71773127283399,99.88318887197079,54.415129599999986,3.0409024890203966,1.9957893917870073,1,35.3154836049135,35.12299808461528,false
recommended_3,R2,1,1922-07,9.770582799999998,94.7430516876148,99.84819858650013,54.364708599999986,3.0531634110564614,1.9941594435985395,1,35.426753032179235,35.159247748250294,false
recommended_3,R2,1,1922-08,11.339407959999999,93.408077073091,99.79669193569569,54.262178535999986,3.07121814618114,1.9924099293250066,1,35.56761885827976,35.20414813974113,false
recommended_3,R2,1,1922-09,12.437585572,92.49576062214805,99.73301894636569,54.14334273639999,3.093549093062485,1.9898345967847846,1,35.72886911927747,35.25478452384373,false
recommended_3,R2,1,1922-10,13.206309900399999,91.86767070801992,99.66032975825657,54.02721234831999,3.1190584139543707,1.9866509473182845,1,35.904270365563015,35.30919401257598,false
recommended_3,R2,1,1922-11,13.744416930279998,91.43305913972652,99.58094985801857,53.92285934681199,3.146936071143235,1.9830164879128283,1,36.089548011362915,35.366037233245976,false
recommended_3,R2,1,1922-12,14.121091851195999,91.13126970043977,99.49661212595282,53.833669034859994,3.176578493981238,1.9790474929009285,1,36.28174382877312,35.42439193928747,false
recommended_3,R2,1,1923-01,18.8847642958372,87.47967043211912,99.40861253951228,53.75993556886611,3.2075341763869916,1.974830606297641,1,36.547628261333614,35.505493599091885,false
recommended_3,R2,1,1923-02,22.219335007086038,85.0929192127991,99.29055128955805,53.56541196933116,3.249101437440511,1.9704306269756138,1,36.86655350760439,35.602845058837254,false
recommended_3,R2,1,1923-03,24.553534504960226,83.49823263815794,99.15077455253395,53.329208328319226,3.2983728508056847,0.9645275644779026,1,37.22122456152382,35.710972390396215,false
recommended_3,R2,1,1923-04,26.187474153472156,82.41705501887833,98.9950324680465,53.09383979467465,3.3533494556951666,0.9575387276266973,1,37.60037176359099,35.82632954648738,false
recommended_3,R2,1,1923-05,27.331231907430507,81.67674060956841,98.82747747259099,51.38006363166809,3.412589042720265,-0.05024837659767489,1,37.99645674491217,35.94655948943082,false
recommended_3,R2,1,1923-06,28.131862335201355,81.16638446097755,98.62894777523637,50.146107584944744,3.4828988349472163,-0.05862612637045084,1,38.4082839518061,36.071655086565855,false
recommended_3,R2,1,1923-07,37.69230363464095,75.53072848280493,98.40853445533634,49.25831943940528,3.5611158936355194,-0.06855261123818157,1,38.936777911494154,36.23379354580927,false
recommended_3,R2,1,1923-08,44.38461254424867,72.0298362598215,98.13114108800876,48.350054498544466,3.659773676826788,-0.07957327723318319,1,39.54551007789336,36.42164526678365,false
recommended_3,R2,1,1923-09,49.069228780974065,69.76624273867156,97.81367655023476,47.51349977265367,3.773002349181929,-1.093442945599562,1,40.206799559297494,36.62655955604121,false
recommended_3,R2,1,1923-10,34.348460146681845,69.76624273867156,97.46725223718249,48.28737297742834,3.896960995707217,-0.10931617248826209,1,48.8734540277867,39.358055061797444,true
recommended_3,R2,1,1923-11,24.04392210267729,69.76624273867156,97.13336894089962,49.27070727979938,4.016856807907438,0.8733626118591247,1,49.53807707911338,39.56494138902552,true
recommended_3,R2,1,1923-12,16.830745471874103,69.76624273867156,96.81495657948263,50.26817743277925,4.13159011502021,0.8566684470449808,1,50.20011887789633,39.77115526365877,true
recommended_3,R2,1,1924-01,11.78152183031187,69.76624273867156,96.51207350830532,51.182801838789246,4.241086703829839,1.8407478289741313,1,50.85954231752771,39.9764925460505,true
recommended_3,R2,1,1924-02,8.247065281218308,69.76624273867156,96.22337884361673,51.97451563224311,4.345781514507915,1.825603675415266,1,51.51656486809331,40.180848625665995,true
recommended_3,R2,1,1924-03,5.7729456968528154,69.76624273867156,95.94697495203529,52.63474898413362,4.446319827770358,1.8111689421808363,1,52.1715091699511,40.3841770761835,true
recommended_3,R2,1,1924-04,4.0410619877969705,72.76624273867156,95.68086714598641,53.17113591798795,4.543391915935376,1.7973487476017644,1,52.76472035926018,40.567659208121995,true
recommended_3,R2,1,1924-05,2.8287433914578792,75.76624273867156,95.44615908996498,53.59856328295765,4.629247972697659,1.7840433572993206,1,53.29232353286789,40.72995073584219,true
recommended_3,R2,1,1924-06,1.9801203740205153,78.76624273867156,95.24105330311458,53.93413199632661,4.704460035793851,1.772307954498249,1,53.75460470964255,40.87108822102541,true
recommended_3,R2,1,1924-07,1.3860842618143607,81.76624273867156,95.06404011183966,54.19448878620801,4.769510363144856,1.7620526651557291,1,54.15180501854462,40.99110525348828,true
recommended_3,R2,1,1924-08,0.9702589832700524,84.76624273867156,94.91388386875445,54.39455962249117,4.824793817348984,1.753202005591983,1,54.484121890873254,41.09002993302284,true
recommended_3,R2,1,1924-09,0.6791812882890367,87.76624273867156,94.78959255869547,54.54708396624572,4.870626899662625,1.7456941934377226,1,54.75171357725664,41.17424369860284,true
recommended_3,R2,1,1924-10,0.47542690180232566,90.76624273867156,94.69038217044898,54.66258333772333,4.907259229171554,1.7394796279347737,1,54.954704887237675,41.243760918431335,true
recommended_3,R2,1,1924-11,0.33279883126162796,93.76624273867156,94.6156418132282,54.74954552935226,4.934885186980226,1.7345191085224492,1,55.09319301136858,41.29857695806154,true
recommended_3,R2,1,1924-12,0.23295918188313955,96.76624273867156,94.56490240112032,54.814697905608725,4.953654593282846,1.7307820906614098,1,55.167252859746455,41.33688623001095,true
recommended_3,R2,1,1925-01,0.16307142731819768,99.76624273867156,94.53780994476517,54.86329975846961,4.96368194961012,1.728245120056016,1,55.17694168313666,41.35868668142411,true
recommended_3,R2,1,1925-02,0.11414999912273836,100,94.53410353158361,54.89941768810918,4.965054146209874,1.7268904972382586,1,55.17762778143654,41.38123197295174,true
recommended_3,R2,1,1925-03,0.07990499938591684,100,94.53267726278075,54.92616788170274,4.9655822033473,1.7267051765791805,1,55.177891810005256,41.40301669263902,true
recommended_3,R2,1,1925-04,0.055933499570141786,100,94.53163033060916,54.945920367210334,4.965969821968361,1.7266338631390377,1,55.17808561931579,41.424152639325456,true
recommended_3,R2,1,1925-05,0.03915344969909925,100,94.53086349523086,54.96046625206012,4.966253740040507,1.726581516530458,1,55.17822757835186,41.44464309330609,true
recommended_3,R2,1,1925-06,0.027407414789369474,100,94.15217946735045,51.37115177295111,5.106461292217191,1.726543174761543,1,55.248331354440204,41.48779561626907,true
recommended_3,R2,1,1925-07,0.01918519035255863,100,93.72432115405113,48.85898401862209,5.265512745409198,1.7076089733675226,1,55.32785708103621,41.53423282239978,true
recommended_3,R2,1,1925-08,0.01342963324679104,100,93.2630894863273,47.100713257324884,5.437753079311432,1.6862160577025562,1,55.413977247987326,41.58337620604733,true
recommended_3,R2,1,1925-09,0.009400743272753727,100,92.77953034542796,45.87009639113002,5.619224334710476,1.663154474316365,1,55.50471287568685,41.63482087001628,true
recommended_3,R2,1,1925-10,0.006580520290927609,100,92.28135199870674,45.008785451492834,5.807156328657044,1.638976517271398,1,55.59867887266013,41.6882834260019,true
recommended_3,R2,1,1925-11,0.004606364203649326,100,91.7739261727151,44.40595240043625,5.999610205036706,1.6140675999353369,1,55.69490581084996,41.74356553000342,true
recommended_3,R2,1,1925-12,0.0032244549425545278,100,91.26099186668334,43.98402848937926,6.195228954934416,1.5886963086357546,1,55.79271518579881,41.800528360688986,true
recommended_3,R2,1,1926-01,0.002257118459788169,100,90.92767060998482,45.48872320891721,6.323062805365175,1.563049593334167,1,55.85663211101419,41.84742220675446,true
recommended_3,R2,1,1926-02,0.0015799829218517184,100,90.61608953229386,46.54203853268825,6.442997008518359,1.5463835304992408,1,55.91659921259078,41.89386867724327,true
recommended_3,R2,1,1926-03,0.0011059880452962028,100,90.31989324419187,47.279379573394124,6.557401306221746,1.5308044766146929,1,55.973801361442476,41.940110113496935,true
recommended_3,R2,1,1926-04,0.000774191631707342,100,90.034654615797,47.79553252173452,6.667934563461427,1.5159946622095937,1,56.029067990062316,41.98631615912897,true
recommended_3,R2,1,1926-05,0.0005419341421951393,100,89.75728754540094,48.15684953946521,6.77575801772232,1.5017327307898498,1,56.082979717192764,42.03260556794093,true
recommended_3,R2,1,1926-06,0.0003793538995365975,100,89.48563957676974,48.40977841960138,6.881684557640128,1.487864377270047,1,56.135942987151665,42.07906146988438,true
recommended_3,R2,1,1926-07,0.00026554772967561825,100,89.66563696653887,50.38683351310398,6.811283220937221,1.474281978838487,1,56.14606818155302,42.10816823530416,true
recommended_3,R2,1,1926-08,0.00018588341077293275,100,89.87258750071645,51.770775492740896,6.730502344993425,1.4832818483269434,1,56.15827361164141,42.13704013412121,true
recommended_3,R2,1,1926-09,0.0001301183875410529,100,90.09867244890538,52.7395372684163,6.642455773656535,1.4936293750358225,1,56.17221295843818,42.165484429925776,true
recommended_3,R2,1,1926-10,0.00009108287127873703,100,90.3384187625667,53.41767218433978,6.54932320299735,1.5049336224452687,1,56.1876265408231,42.19336620689825,true
recommended_3,R2,1,1926-11,0.00006375800989511592,100,90.5879922699298,53.892367796551696,6.452630424029566,1.5169209381283353,1,56.20432040698437,42.220591023731885,true
recommended_3,R2,1,1926-12,0.00004463060692658114,100,90.84470552011699,54.22465554484589,6.35344549309767,1.52939961349649,1,56.22215012037182,42.24709277134885,true
recommended_3,R2,1,1927-01,0.000031241424848606797,100,91.10667424587157,54.45725754247391,6.2525160514872296,1.5422352760058495,1,56.24100832886766,42.272825173280566,true
recommended_3,R2,1,1927-02,0.000021868997394024757,100,91.37257714956762,54.62007934248899,6.150365449389241,1.5553337122935786,1,56.260815319649154,42.29775583591905,true
recommended_3,R2,1,1927-03,0.00001530829817581733,100,91.64148773157795,54.73405488367237,6.047360032841174,1.5686288574783809,1,56.28151189444377,42.321862083682795,true
recommended_3,R2,1,1927-04,0.00001071580872307213,100,91.9127564538554,54.8138379593217,5.943756244701894,1.5820743865788978,1,56.30305402714258,42.34512804362561,true
recommended_3,R2,1,1927-05,0.00000750106610615049,100,92.18592812327108,54.86968625005092,5.839733595415455,1.5956378226927697,1,56.325408877947844,42.367542604657714,true
recommended_3,R2,1,1927-06,0.000005250746274305343,100,92.46068394354296,54.90878015000366,5.735417742602687,1.6092964061635542,1,56.34855183232037,42.3890979889971,true
recommended_3,R2,1,1927-07,0.00000367552239201374,100,92.45941880608497,54.93614594748017,5.735896646815168,1.623034197177148,1,56.34879128442661,42.41010869729113,true
recommended_3,R2,1,1927-08,0.0000025728656744096177,100,92.45853321979732,54.955302052970445,5.736231880590897,1.6229709403042485,1,56.348958901314475,42.430468712402906,true
recommended_3,R2,1,1927-09,0.0000018010059720867322,100,92.45791331380427,54.968711359893334,5.736466544812802,1.6229266609898658,1,56.34907623342543,42.45018244226173,true
recommended_3,R2,1,1927-10,0.0000012607041804607124,100,92.45747938144807,54.97809789789515,5.736630810173362,1.6228956656902134,1,56.34915836610571,42.46925297242573,true
recommended_3,R2,1,1927-11,8.824929263224987e-7,100,92.457175629475,54.984668490705474,5.736745796209412,1.6228739690724034,1,56.34921585912374,42.48768246279091,true
recommended_3,R2,1,1927-12,6.17745048425749e-7,100,92.45696300326787,54.989267917019035,5.7368262866332085,1.62285878147375,1,56.34925610433564,42.50547242528822,true
recommended_3,R2,1,1928-01,4.324215338980243e-7,100,92.456814164898,54.992487523380966,5.736882630068859,1.6228481501633936,1,56.34928427605346,42.522623918271925,true
recommended_3,R3,0,1922-01,5.199999999999999,98.85931558935361,100,54.879999999999995,3,2,1,35.02281368821293,35.01320677946768,false
recommended_3,R3,0,1922-02,6.039999999999999,98.0761976612599,99.98907452471482,54.75999999999999,3.00382391634981,2,1,35.06128973498773,35.030478960658264,false
recommended_3,R3,0,1922-03,6.627999999999998,97.53535656675545,99.9700861807984,54.65079999999999,3.0104705628982824,1.9994537262357412,1,35.110582603652624,35.05030197601655,false
recommended_3,R3,0,1922-04,7.039599999999998,97.16030328962366,99.94513849837014,54.556719999999984,3.019204864511367,1.9985043090399202,1,35.16737653786015,35.071644770839626,false
recommended_3,R3,0,1922-05,7.327719999999998,96.89947760000865,99.91578783574015,54.478515999999985,3.029483235300421,1.997256924918507,1,35.229386985859975,35.093800717691245,false
recommended_3,R3,0,1922-06,7.529403999999998,96.71773127283399,99.88318887197079,54.415129599999986,3.0409024890203966,1.9957893917870073,1,35.2950323604033,35.11628325933444,false
recommended_3,R3,0,1922-07,9.770582799999998,94.7430516876148,99.84819858650013,54.364708599999986,3.0531634110564614,1.9941594435985395,1,35.400171326651,35.15052008826852,false
recommended_3,R3,0,1922-08,11.339407959999999,93.408077073091,99.79669193569569,54.262178535999986,3.07121814618114,1.9924099293250066,1,35.53200978518918,35.192456494076396,false
recommended_3,R3,0,1922-09,12.437585572,92.49576062214805,99.73301894636569,54.14334273639999,3.093549093062485,1.9898345967847846,1,35.68209457274622,35.23942688106597,false
recommended_3,R3,0,1922-10,13.206309900399999,91.86767070801992,99.66032975825657,54.02721234831999,3.1190584139543707,1.9866509473182845,1,35.844741158585826,35.28964858961847,false
recommended_3,R3,0,1922-11,13.744416930279998,91.43305913972652,99.58094985801857,53.92285934681199,3.146936071143235,1.9830164879128283,1,36.01607997579129,35.3419152282333,false
recommended_3,R3,0,1922-12,14.121091851195999,91.13126970043977,99.49661212595282,53.833669034859994,3.176578493981238,1.9790474929009285,1,36.1934545817825,35.39540363652554,false
recommended_3,R3,0,1923-01,18.8847642958372,87.47967043211912,99.40861253951228,53.75993556886611,3.2075341763869916,1.974830606297641,1,36.443861173140114,35.47142340513502,false
recommended_3,R3,0,1923-02,22.219335007086038,85.0929192127991,99.29055128955805,53.56541196933116,3.249101437440511,1.9704306269756138,1,36.74200278888413,35.561950906190766,false
recommended_3,R3,0,1923-03,24.553534504960226,83.49823263815794,99.15077455253395,53.329208328319226,3.2983728508056847,0.9645275644779026,1,37.07203813612097,35.66198951405561,false
recommended_3,R3,0,1923-04,26.187474153472156,82.41705501887833,98.9950324680465,53.09383979467465,3.3533494556951666,0.9575387276266973,1,37.42369703574341,35.768321344177416,false
recommended_3,R3,0,1923-05,27.331231907430507,81.67674060956841,98.82747747259099,52.88006363166809,3.412589042720265,0.9497516234023251,1,37.79016222355204,35.87882612158424,false
recommended_3,R3,0,1923-06,28.131862335201355,81.16638446097755,98.65118395766771,52.69610758494474,3.475023834947216,0.9413738736295492,1,38.16683453433249,35.99208463445379,false
recommended_3,R3,0,1923-07,37.69230363464095,75.53072848280493,98.46845502280902,52.54331943940527,3.5398533936355188,0.9325591978833856,1,38.65621996467639,36.14059501649786,false
recommended_3,R3,0,1923-08,44.38461254424867,72.0298362598215,98.23941308296952,52.14955449854446,3.6212649268267874,0.9234227511404511,1,39.21562323947996,36.310833123428075,false
recommended_3,R3,0,1923-09,49.069228780974065,69.76624273867156,97.97758737143275,51.67314977265366,3.714546224181929,-0.088029345851524,1,39.820298384706525,36.495016280584665,false
recommended_3,R3,0,1923-10,70.34846014668184,61.051329674743634,97.69171541011845,51.19912797742833,3.816666708207217,-0.10112063142836258,1,48.599271791211656,39.26037144703369,true
recommended_3,R3,0,1923-11,85.24392210267729,56.14219285551228,97.33162136056615,50.22893577979937,3.945677563236436,-1.1154142294940776,1,49.47642793410141,39.53001352364966,true
recommended_3,R3,0,1923-12,95.6707454718741,53.15051043997227,96.92046492984566,49.10293738277924,4.093527510397055,-1.1334189319716927,1,50.41341772530196,39.81836711263556,true
recommended_3,R3,0,1924-01,102.96952183031186,51.239220086918706,96.47147907746773,45.00193380378924,4.255665659905542,-0.15397675350771678,1,51.38863332356359,40.225164978796705,true
recommended_3,R3,0,1924-02,108.07866528121829,49.98109722563053,95.95047787765343,41.91226800774311,4.4446856911922765,-0.1764260461266134,1,52.38901137905098,40.53425754717445,true
recommended_3,R3,0,1924-03,111.6550656968528,49.136551330624,95.37830984529405,39.59622764698362,4.653396284151625,-0.20247610611732858,1,53.4062803524385,40.84997519674881,true
recommended_3,R3,0,1924-04,78.15854598779696,49.136551330624,94.77641874007203,40.86770738198295,4.87426608900496,1.7689154922647028,1,54.42354932582602,41.167447806057474,true
recommended_3,R3,0,1924-05,54.710982191457866,49.136551330624,94.19640185267338,42.762638787754156,5.0884606252495495,1.7388209370036016,1,55.44081829921355,41.486439730392966,true
recommended_3,R3,0,1924-06,38.297687534020504,49.136551330624,93.64670893610793,44.792517685684174,5.29270677161384,2.709820092633669,1,56.45808727260107,41.80659978007876,true
recommended_3,R3,0,1924-07,26.80838127381435,49.136551330624,93.12873753157461,46.70583175395831,5.486296053763998,0.6823354468053964,1,57.47535624598859,42.12755175547441,true
recommended_3,R3,0,1924-08,18.765866891670044,49.136551330624,92.64035876880406,48.389830789556385,5.669840437055717,0.6564368765787307,1,58.492625219376116,42.44894106002478,true
recommended_3,R3,0,1924-09,13.13610682416903,49.136551330624,92.17794206665215,49.80990554593936,5.844543825410546,1.6320179384402032,1,59.50989419276364,42.7768155963765,true
recommended_3,R3,0,1924-10,9.19527477691832,49.136551330624,91.73746846449951,50.972850677432476,6.011791821294365,1.6088971033326076,1,60.52716316615116,43.10879359602852,true
recommended_3,R3,0,1924-11,6.436692343842823,49.136551330624,91.31510251804438,51.90513723089518,6.172934355237844,1.5868734232249757,1,61.544432139538685,43.44471998692965,true
recommended_3,R3,0,1924-12,4.505684640689976,52.136551330624,90.90745095131619,52.64049529131134,6.3291823847756445,1.565755125902219,1,62.501701112926206,43.766028129764315,true
recommended_3,R3,0,1925-01,3.153979248482983,55.136551330624,90.52718493854825,53.21317616469723,6.4755874407705125,1.5453725475658096,1,63.39897008631373,44.07269242400283,true
recommended_3,R3,0,1925-02,2.207785473938088,58.136551330624,90.1780125816057,53.65460393783357,6.610585922180105,1.5263592469274123,1,64.23623905970125,44.364702849171,true
recommended_3,R3,0,1925-03,1.5454498317566616,61.136551330624,89.8578008020872,53.99198919226535,6.734866907780732,1.5089006290802849,1,65.01350803308877,44.63781916408427,true
recommended_3,R3,0,1925-04,1.0818148822296632,64.136551330624,89.56483943461085,54.248028939633045,6.848976620795591,1.4928900401043599,1,65.73077700647629,44.892047996755664,true
recommended_3,R3,0,1925-05,0.7572704175607642,67.136551330624,89.29776858778713,54.441165811276235,6.95334212513677,1.4782419717305424,1,66.3880459798638,45.12740037104179,true
recommended_3,R3,0,1925-06,0.5300892922925349,70.136551330624,88.69832150578448,50.986097955366546,7.188293660901823,1.4648884293893567,1,66.98531495325132,45.34393688663632,true
recommended_3,R3,0,1925-07,0.3710625046047744,73.136551330624,88.07821724194638,48.5743658899878,7.432984302910401,1.4349160752892238,1,67.52258392663884,45.54219480268209,true
recommended_3,R3,0,1925-08,0.2597437532233421,76.136551330624,87.45172383999822,46.89092424785332,7.681936538262218,1.4039108620973189,1,67.99985290002637,45.72258041611483,true
recommended_3,R3,0,1925-09,0.18182062725633946,79.136551330624,86.82859206881474,45.715854660900625,7.931326842235241,1.3725861919999112,1,68.41712187341389,45.88540635455135,true
recommended_3,R3,0,1925-10,0.1272744390794376,82.136551330624,86.2154348003931,44.89564364381275,8.178486261539765,1.3414296034407371,1,68.77439084680141,46.0309178362079,true
recommended_3,R3,0,1925-11,0.08909210735560633,82.136551330624,85.61669194017232,44.32313231749654,8.421551788684,1.3107717400196548,1,69.13165982018893,46.17735211368024,true
recommended_3,R3,0,1925-12,0.062364475148924424,82.136551330624,85.01475470818559,43.923519859026904,8.667623000291396,1.280834597008616,1,69.48892879357645,46.324785392706424,true
recommended_3,R3,0,1926-01,0.043655132604247096,82.136551330624,84.58198302588744,45.44459296706436,8.845792177305757,1.2507377354092797,1,69.84619776696397,46.4731920938178,true
recommended_3,R3,0,1926-02,0.030558592822972967,85.136551330624,84.17071269554492,46.50990542296692,9.015975720502922,1.2290991512943719,1,70.14346674035149,46.60444589749658,true
recommended_3,R3,0,1926-03,0.021391014976081077,88.136551330624,83.79509330803441,47.25601703829216,9.172166373306599,1.208535634777246,1,70.380735713739,46.71845708891318,true
recommended_3,R3,0,1926-04,0.014973710483256754,91.136551330624,83.4506390521341,47.77857019635523,9.316039940129818,1.1897546654017206,1,70.55800468712653,46.81517116197015,true
recommended_3,R3,0,1926-05,0.010481597338279728,94.136551330624,83.13416999777897,48.14454992613416,9.448770102873205,1.1725319526067046,1,70.67527366051405,46.8945570134138,true
recommended_3,R3,0,1926-06,0.007337118136795809,97.136551330624,82.84341709992935,48.400870500373756,9.571178872035253,1.1567084998889485,1,70.73254263390157,46.95659860506766,true
recommended_3,R3,0,1926-07,0.005135982695757066,100,82.99096575578714,50.38038923671752,9.508841958182543,1.1421708549964678,1,70.73386013692787,47.00169672077225,true
recommended_3,R3,0,1926-08,0.003595187887029946,100,83.18243075925541,51.76611838622138,9.428094914689776,1.1495482877893572,1,70.73618811255346,47.046560867344304,true
recommended_3,R3,0,1926-09,0.0025166315209209623,100,83.3916277315199,52.73617501471835,9.340072793162113,1.1591215379627706,1,70.73940074108482,47.090998059481656,true
recommended_3,R3,0,1926-10,0.0017616420646446734,100,83.61348500715118,53.415247011357216,9.246957874334841,1.1695813865759952,1,70.74351068089786,47.134873201035354,true
recommended_3,R3,0,1926-11,0.0012331494452512714,100,83.84444945413425,53.89062005868811,9.150277827525215,1.1806742503575591,1,70.7485139875984,47.17809172019496,true
recommended_3,R3,0,1926-12,0.00086320461167589,100,84.08203049993445,54.223397046598315,9.051102072217104,1.1922224727067126,1,70.75439871663094,47.22058741353883,true
recommended_3,R3,0,1927-01,0.0006042432281731229,100,84.3244818384521,54.45635203648047,8.950179237722462,1.2041015249967224,1,70.76114985510974,47.26231393646375,true
recommended_3,R3,0,1927-02,0.000422970259721186,100,84.57057885904351,54.61942829823948,8.84803338953094,1.216224091922605,1,70.76875201080082,47.30323884620187,true
recommended_3,R3,0,1927-03,0.0002960791818048302,100,84.81946282025335,54.73358711965984,8.745031390965183,1.2285289429521753,1,70.77719076092193,47.343339431733746,true
recommended_3,R3,0,1927-04,0.0002072554272633811,100,85.07053165910428,54.81350210138643,8.641430058586968,1.2409731410126674,1,70.78645322384921,47.38259979458842,true
recommended_3,R3,0,1927-05,0.00014507879908436677,100,85.32336343277333,54.86944525330769,8.537409172554689,1.2535265829552138,1,70.79652819944228,47.42100880530607,true
recommended_3,R3,0,1927-06,0.00010155515935905674,100,85.57766261755667,54.908607324951404,8.433094584974823,1.2661681716386668,1,70.80740608600854,47.458558672893716,true
recommended_3,R3,0,1927-07,0.00007108861155133971,100,85.57648944183002,54.9360220808112,8.433574396518829,1.2788831308778335,1,70.80740608600854,47.495485268396486,true
recommended_3,R3,0,1927-08,0.0000497620280859378,100,85.57566819097111,54.95521332390949,8.433910280594569,1.278824472091501,1,70.80740608600854,47.53178477386415,true
recommended_3,R3,0,1927-09,0.000034833419660156455,100,85.57509329351123,54.96864783387579,8.434145410644044,1.2787834095485557,1,70.80740608600854,47.56745451660424,true
recommended_3,R3,0,1927-10,0.000024383393762109517,100,85.57469084883007,54.97805243871046,8.434310009516196,1.2787546646755614,1,70.80740608600854,47.60249262564294,true
recommended_3,R3,0,1927-11,0.000017068375633476662,100,85.57440912546423,54.98463597559551,8.434425234212966,1.2787345424415038,1,70.80740608600854,47.636897791236194,true
recommended_3,R3,0,1927-12,0.000011947862943433663,100,85.5742119103677,54.98924467086559,8.43450589534109,1.2787204562732115,1,70.80740608600854,47.67066909651951,true
recommended_3,R3,0,1928-01,0.000008363504060403562,100,85.57407385354551,54.99247091117002,8.434562360819045,1.2787105955183846,1,70.80740608600854,47.703805899657176,true
recommended_3,R3,1,1922-01,5.199999999999999,98.85931558935361,100,54.879999999999995,3,2,1,35.02281368821293,35.01320677946768,false
recommended_3,R3,1,1922-02,6.039999999999999,98.0761976612599,99.98907452471482,54.75999999999999,3.00382391634981,2,1,35.06320169316264,35.031106720259025,false
recommended_3,R3,1,1922-03,6.627999999999998,97.53535656675545,99.9700861807984,54.65079999999999,3.0104705628982824,1.9994537262357412,1,35.11581788510177,35.052020893425684,false
recommended_3,R3,1,1922-04,7.039599999999998,97.16030328962366,99.94513849837014,54.556719999999984,3.019204864511367,1.9985043090399202,1,35.17697897011584,35.07479756943025,false
recommended_3,R3,1,1922-05,7.327719999999998,96.89947760000865,99.91578783574015,54.478515999999985,3.029483235300421,1.997256924918507,1,35.24412860351019,35.09864088215306,false
recommended_3,R3,1,1922-06,7.529403999999998,96.71773127283399,99.88318887197079,54.415129599999986,3.0409024890203966,1.9957893917870073,1,35.3154836049135,35.12299808461528,false
recommended_3,R3,1,1922-07,9.770582799999998,94.7430516876148,99.84819858650013,54.364708599999986,3.0531634110564614,1.9941594435985395,1,35.426753032179235,35.159247748250294,false
recommended_3,R3,1,1922-08,11.339407959999999,93.408077073091,99.79669193569569,54.262178535999986,3.07121814618114,1.9924099293250066,1,35.56761885827976,35.20414813974113,false
recommended_3,R3,1,1922-09,12.437585572,92.49576062214805,99.73301894636569,54.14334273639999,3.093549093062485,1.9898345967847846,1,35.72886911927747,35.25478452384373,false
recommended_3,R3,1,1922-10,13.206309900399999,91.86767070801992,99.66032975825657,54.02721234831999,3.1190584139543707,1.9866509473182845,1,35.904270365563015,35.30919401257598,false
recommended_3,R3,1,1922-11,13.744416930279998,91.43305913972652,99.58094985801857,53.92285934681199,3.146936071143235,1.9830164879128283,1,36.089548011362915,35.366037233245976,false
recommended_3,R3,1,1922-12,14.121091851195999,91.13126970043977,99.49661212595282,53.833669034859994,3.176578493981238,1.9790474929009285,1,36.28174382877312,35.42439193928747,false
recommended_3,R3,1,1923-01,18.8847642958372,87.47967043211912,99.40861253951228,53.75993556886611,3.2075341763869916,1.974830606297641,1,36.547628261333614,35.505493599091885,false
recommended_3,R3,1,1923-02,22.219335007086038,85.0929192127991,99.29055128955805,53.56541196933116,3.249101437440511,1.9704306269756138,1,36.86655350760439,35.602845058837254,false
recommended_3,R3,1,1923-03,24.553534504960226,83.49823263815794,99.15077455253395,53.329208328319226,3.2983728508056847,0.9645275644779026,1,37.22122456152382,35.710972390396215,false
recommended_3,R3,1,1923-04,26.187474153472156,82.41705501887833,98.9950324680465,53.09383979467465,3.3533494556951666,0.9575387276266973,1,37.60037176359099,35.82632954648738,false
recommended_3,R3,1,1923-05,27.331231907430507,81.67674060956841,98.82747747259099,52.88006363166809,3.412589042720265,0.9497516234023251,1,37.99645674491217,35.94655948943082,false
recommended_3,R3,1,1923-06,28.131862335201355,81.16638446097755,98.65118395766771,52.69610758494474,3.475023834947216,0.9413738736295492,1,38.4043464518061,36.07006771402429,false
recommended_3,R3,1,1923-07,37.69230363464095,75.53072848280493,98.46845502280902,52.54331943940527,3.5398533936355188,0.9325591978833856,1,38.92614666149415,36.22922094861969,false
recommended_3,R3,1,1923-08,44.38461254424867,72.0298362598215,98.23941308296952,52.14955449854446,3.6212649268267874,0.9234227511404511,1,39.52625570289336,36.41282411558215,false
recommended_3,R3,1,1923-09,49.069228780974065,69.76624273867156,97.97758737143275,51.67314977265366,3.714546224181929,-0.088029345851524,1,40.1775714967975,36.61232095238787,false
recommended_3,R3,1,1923-10,70.34846014668184,61.051329674743634,97.69171541011845,51.19912797742833,3.816666708207217,-0.10112063142836258,1,49.007605145315274,39.39444089829771,true
recommended_3,R3,1,1923-11,85.24392210267729,56.14219285551228,97.33162136056615,50.22893577979937,3.945677563236436,-1.1154142294940776,1,49.94926671571964,39.685262256947645,true
recommended_3,R3,1,1923-12,95.6707454718741,53.15051043997227,96.92046492984566,49.10293738277924,4.093527510397055,-1.1334189319716927,1,50.9601814805005,39.99788787892575,true
recommended_3,R3,1,1924-01,102.96952183031186,51.239220086918706,96.47147907746773,45.00193380378924,4.255665659905542,-0.15397675350771678,1,52.016466153516376,40.4313034246312,true
recommended_3,R3,1,1924-02,108.07866528121829,49.98109722563053,95.95047787765343,41.91226800774311,4.4446856911922765,-0.1764260461266134,1,53.11135422464713,40.77142678147852,true
recommended_3,R3,1,1924-03,111.6550656968528,49.136551330624,95.37830984529405,39.59622764698362,4.653396284151625,-0.20247610611732858,1,54.23297849451433,41.121407753397044,true
recommended_3,R3,1,1924-04,78.15854598779696,49.136551330624,94.77641874007203,40.86770738198295,4.87426608900496,1.7689154922647028,1,55.36068237032852,41.4751398223358,true
recommended_3,R3,1,1924-05,54.710982191457866,49.136551330624,94.19640185267338,42.762638787754156,5.0884606252495495,1.7388209370036016,1,56.48504861183834,41.82929534970477,true
recommended_3,R3,1,1924-06,38.297687534020504,49.136551330624,93.64670893610793,44.792517685684174,5.29270677161384,2.709820092633669,1,57.60444065840801,42.18298580841871,true
recommended_3,R3,1,1924-07,26.80838127381435,49.136551330624,93.12873753157461,46.70583175395831,5.486296053763998,0.6823354468053964,1,58.71850427287061,42.535718690967336,true
recommended_3,R3,1,1924-08,18.765866891670044,49.136551330624,92.64035876880406,48.389830789556385,5.669840437055717,0.6564368765787307,1,59.82754543790399,42.8872398651081,true
recommended_3,R3,1,1924-09,13.13610682416903,49.136551330624,92.17794206665215,49.80990554593936,5.844543825410546,1.6320179384402032,1,60.93216610546893,43.2437948743814,true
recommended_3,R3,1,1924-10,9.19527477691832,49.136551330624,91.73746846449951,50.972850677432476,6.011791821294365,1.6088971033326076,1,62.03305907679836,43.603229420024356,true
recommended_3,R3,1,1924-11,6.436692343842823,49.136551330624,91.31510251804438,51.90513723089518,6.172934355237844,1.5868734232249757,1,63.13089931715762,43.9656100435812,true
recommended_3,R3,1,1924-12,4.505684640689976,52.136551330624,90.90745095131619,52.64049529131134,6.3291823847756445,1.565755125902219,1,64.16629230531404,44.312568904598315,true
recommended_3,R3,1,1925-01,3.153979248482983,55.136551330624,90.52718493854825,53.21317616469723,6.4755874407705125,1.5453725475658096,1,65.13676380669901,44.643268028862664,true
recommended_3,R3,1,1925-02,2.207785473938088,58.136551330624,90.1780125816057,53.65460393783357,6.610585922180105,1.5263592469274123,1,66.04153202079132,44.95744070472892,true
recommended_3,R3,1,1925-03,1.5454498317566616,61.136551330624,89.8578008020872,53.99198919226535,6.734866907780732,1.5089006290802849,1,66.88094148697915,45.25095981477828,true
recommended_3,R3,1,1925-04,1.0818148822296632,64.136551330624,89.56483943461085,54.248028939633045,6.848976620795591,1.4928900401043599,1,67.65526531687411,45.523921658669614,true
recommended_3,R3,1,1925-05,0.7572704175607642,67.136551330624,89.29776858778713,54.441165811276235,6.95334212513677,1.4782419717305424,1,68.36471704243222,45.77640736991842,true
recommended_3,R3,1,1925-06,0.5300892922925349,70.136551330624,88.69832150578448,50.986097955366546,7.188293660901823,1.4648884293893567,1,69.07946178370226,46.03151509596771,true
recommended_3,R3,1,1925-07,0.3710625046047744,73.136551330624,88.07821724194638,48.5743658899878,7.432984302910401,1.4349160752892238,1,69.73907607809407,46.26994305907655,true
recommended_3,R3,1,1925-08,0.2597437532233421,76.136551330624,87.45172383999822,46.89092424785332,7.681936538262218,1.4039108620973189,1,70.34082116915751,46.49119833114623,true
recommended_3,R3,1,1925-09,0.18182062725633946,79.136551330624,86.82859206881474,45.715854660900625,7.931326842235241,1.3725861919999112,1,70.88278529453154,46.69496584448498,true
recommended_3,R3,1,1925-10,0.1272744390794376,82.136551330624,86.2154348003931,44.89564364381275,8.178486261539765,1.3414296034407371,1,71.36363397757133,46.881052664144015,true
recommended_3,R3,1,1925-11,0.08909210735560633,82.136551330624,85.61669194017232,44.32313231749654,8.421551788684,1.3107717400196548,1,71.84243571453096,47.06739019898921,true
recommended_3,R3,1,1925-12,0.062364475148924424,82.136551330624,85.01475470818559,43.923519859026904,8.667623000291396,1.280834597008616,1,72.32274029372218,47.255220168587606,true
recommended_3,R3,1,1926-01,0.043655132604247096,82.136551330624,84.58198302588744,45.44459296706436,8.845792177305757,1.2507377354092797,1,72.76909385561687,47.432876309592174,true
recommended_3,R3,1,1926-02,0.030558592822972967,85.136551330624,84.17071269554492,46.50990542296692,9.015975720502922,1.2290991512943719,1,73.15145460060299,47.59206857827916,true
recommended_3,R3,1,1926-03,0.021391014976081077,88.136551330624,83.79509330803441,47.25601703829216,9.172166373306599,1.208535634777246,1,73.46681890039233,47.73172106853103,true
recommended_3,R3,1,1926-04,0.014973710483256754,91.136551330624,83.4506390521341,47.77857019635523,9.316039940129818,1.1897546654017206,1,73.71602465719147,47.8520543854748,true
recommended_3,R3,1,1926-05,0.010481597338279728,94.136551330624,83.13416999777897,48.14454992613416,9.448770102873205,1.1725319526067046,1,73.89965871195069,47.953230105302175,true
recommended_3,R3,1,1926-06,0.007337118136795809,97.136551330624,82.84341709992935,48.400870500373756,9.571178872035253,1.1567084998889485,1,74.01813206991923,48.03536713656012,true
recommended_3,R3,1,1926-07,0.005135982695757066,100,82.99096575578714,50.38038923671752,9.508841958182543,1.1421708549964678,1,74.01944957294553,48.08046525226471,true
recommended_3,R3,1,1926-08,0.003595187887029946,100,83.18243075925541,51.76611838622138,9.428094914689776,1.1495482877893572,1,74.02177754857112,48.12532939883676,true
recommended_3,R3,1,1926-09,0.0025166315209209623,100,83.3916277315199,52.73617501471835,9.340072793162113,1.1591215379627706,1,74.02499017710247,48.16976659097411,true
recommended_3,R3,1,1926-10,0.0017616420646446734,100,83.61348500715118,53.415247011357216,9.246957874334841,1.1695813865759952,1,74.02910011691552,48.21364173252782,true
recommended_3,R3,1,1926-11,0.0012331494452512714,100,83.84444945413425,53.89062005868811,9.150277827525215,1.1806742503575591,1,74.03410342361605,48.25686025168742,true
recommended_3,R3,1,1926-12,0.00086320461167589,100,84.08203049993445,54.223397046598315,9.051102072217104,1.1922224727067126,1,74.03998815264859,48.29935594503129,true
recommended_3,R3,1,1927-01,0.0006042432281731229,100,84.3244818384521,54.45635203648047,8.950179237722462,1.2041015249967224,1,74.04673929112738,48.341082467956205,true
recommended_3,R3,1,1927-02,0.000422970259721186,100,84.57057885904351,54.61942829823948,8.84803338953094,1.216224091922605,1,74.05434144681847,48.38200737769433,true
recommended_3,R3,1,1927-03,0.0002960791818048302,100,84.81946282025335,54.73358711965984,8.745031390965183,1.2285289429521753,1,74.06278019693956,48.4221079632262,true
recommended_3,R3,1,1927-04,0.0002072554272633811,100,85.07053165910428,54.81350210138643,8.641430058586968,1.2409731410126674,1,74.07204265986685,48.46136832608088,true
recommended_3,R3,1,1927-05,0.00014507879908436677,100,85.32336343277333,54.86944525330769,8.537409172554689,1.2535265829552138,1,74.08211763545992,48.49977733679854,true
recommended_3,R3,1,1927-06,0.00010155515935905674,100,85.57766261755667,54.908607324951404,8.433094584974823,1.2661681716386668,1,74.09299552202619,48.53732720438618,true
recommended_3,R3,1,1927-07,0.00007108861155133971,100,85.57648944183002,54.9360220808112,8.433574396518829,1.2788831308778335,1,74.09323542779819,48.57433256895076,true
recommended_3,R3,1,1927-08,0.0000497620280859378,100,85.57566819097111,54.95521332390949,8.433910280594569,1.278824472091501,1,74.09340336983607,48.61068721538752,true
recommended_3,R3,1,1927-09,0.000034833419660156455,100,85.57509329351123,54.96864783387579,8.434145410644044,1.2787834095485557,1,74.0935209348608,48.64639555864407,true
recommended_3,R3,1,1927-10,0.000024383393762109517,100,85.57469084883007,54.97805243871046,8.434310009516196,1.2787546646755614,1,74.09360323429688,48.68146068933094,true
recommended_3,R3,1,1927-11,0.000017068375633476662,100,85.57440912546423,54.98463597559551,8.434425234212966,1.2787345424415038,1,74.09366084664526,48.71588477097858,true
recommended_3,R3,1,1927-12,0.000011947862943433663,100,85.5742119103677,54.98924467086559,8.43450589534109,1.2787204562732115,1,74.09370117720933,48.74966931813043,true
recommended_3,R3,1,1928-01,0.000008363504060403562,100,85.57407385354551,54.99247091117002,8.434562360819045,1.2787105955183846,1,74.09372940994831,48.7828153910174,true
recommended_3,R4,0,1922-01,5.199999999999999,98.85931558935361,100,54.879999999999995,3,2,1,35.02281368821293,35.01320677946768,false
recommended_3,R4,0,1922-02,6.039999999999999,98.0761976612599,99.98907452471482,54.75999999999999,3.00382391634981,2,1,35.06128973498773,35.030478960658264,false
recommended_3,R4,0,1922-03,6.627999999999998,97.53535656675545,99.9700861807984,54.65079999999999,3.0104705628982824,1.9994537262357412,1,35.110582603652624,35.05030197601655,false
recommended_3,R4,0,1922-04,7.039599999999998,97.16030328962366,99.94513849837014,54.556719999999984,3.019204864511367,1.9985043090399202,1,35.16737653786015,35.071644770839626,false
recommended_3,R4,0,1922-05,7.327719999999998,96.89947760000865,99.91578783574015,54.478515999999985,3.029483235300421,1.997256924918507,1,35.229386985859975,35.093800717691245,false
recommended_3,R4,0,1922-06,7.529403999999998,96.71773127283399,99.88318887197079,54.415129599999986,3.0409024890203966,1.9957893917870073,1,35.2950323604033,35.11628325933444,false
recommended_3,R4,0,1922-07,9.770582799999998,94.7430516876148,99.84819858650013,54.364708599999986,3.0531634110564614,1.9941594435985395,1,35.400171326651,35.15052008826852,false
recommended_3,R4,0,1922-08,11.339407959999999,93.408077073091,99.79669193569569,54.262178535999986,3.07121814618114,1.9924099293250066,1,35.53200978518918,35.192456494076396,false
recommended_3,R4,0,1922-09,12.437585572,92.49576062214805,99.73301894636569,54.14334273639999,3.093549093062485,1.9898345967847846,1,35.68209457274622,35.23942688106597,false
recommended_3,R4,0,1922-10,13.206309900399999,91.86767070801992,99.66032975825657,54.02721234831999,3.1190584139543707,1.9866509473182845,1,35.844741158585826,35.28964858961847,false
recommended_3,R4,0,1922-11,13.744416930279998,91.43305913972652,99.58094985801857,53.92285934681199,3.146936071143235,1.9830164879128283,1,36.01607997579129,35.3419152282333,false
recommended_3,R4,0,1922-12,14.121091851195999,91.13126970043977,99.49661212595282,53.833669034859994,3.176578493981238,1.9790474929009285,1,36.1934545817825,35.39540363652554,false
recommended_3,R4,0,1923-01,18.8847642958372,87.47967043211912,99.40861253951228,53.75993556886611,3.2075341763869916,1.974830606297641,1,36.443861173140114,35.47142340513502,false
recommended_3,R4,0,1923-02,22.219335007086038,85.0929192127991,99.29055128955805,53.56541196933116,3.249101437440511,1.9704306269756138,1,36.74200278888413,35.561950906190766,false
recommended_3,R4,0,1923-03,24.553534504960226,83.49823263815794,99.15077455253395,53.329208328319226,3.2983728508056847,0.9645275644779026,1,37.07203813612097,35.66198951405561,false
recommended_3,R4,0,1923-04,26.187474153472156,82.41705501887833,98.9950324680465,53.09383979467465,3.3533494556951666,0.9575387276266973,1,37.42369703574341,35.768321344177416,false
recommended_3,R4,0,1923-05,27.331231907430507,81.67674060956841,98.82747747259099,52.88006363166809,3.412589042720265,0.9497516234023251,1,37.79016222355204,35.87882612158424,false
recommended_3,R4,0,1923-06,28.131862335201355,81.16638446097755,98.65118395766771,52.69610758494474,3.475023834947216,0.9413738736295492,1,38.16683453433249,35.99208463445379,false
recommended_3,R4,0,1923-07,37.69230363464095,75.53072848280493,98.46845502280902,52.54331943940527,3.5398533936355188,0.9325591978833856,1,38.65621996467639,36.14059501649786,false
recommended_3,R4,0,1923-08,44.38461254424867,72.0298362598215,98.23941308296952,52.14955449854446,3.6212649268267874,0.9234227511404511,1,39.21562323947996,36.310833123428075,false
recommended_3,R4,0,1923-09,49.069228780974065,69.76624273867156,97.97758737143275,51.67314977265366,3.714546224181929,-0.088029345851524,1,39.820298384706525,36.495016280584665,false
recommended_3,R4,0,1923-10,70.34846014668184,61.051329674743634,97.69171541011845,51.19912797742833,3.816666708207217,-0.10112063142836258,1,48.599271791211656,39.26037144703369,true
recommended_3,R4,0,1923-11,85.24392210267729,56.14219285551228,97.33162136056615,50.22893577979937,3.945677563236436,-1.1154142294940776,1,49.47642793410141,39.53001352364966,true
recommended_3,R4,0,1923-12,95.6707454718741,53.15051043997227,96.92046492984566,49.10293738277924,4.093527510397055,-1.1334189319716927,1,50.41341772530196,39.81836711263556,true
recommended_3,R4,0,1924-01,102.96952183031186,51.239220086918706,96.47147907746773,45.00193380378924,4.255665659905542,-0.15397675350771678,1,51.38863332356359,40.00700023375197,true
recommended_3,R4,0,1924-02,108.07866528121829,49.98109722563053,95.95047787765343,41.91226800774311,4.4446856911922765,-0.1764260461266134,1,52.38901137905098,40.28690603275755,true
recommended_3,R4,0,1924-03,111.6550656968528,49.136551330624,95.37830984529405,39.59622764698362,4.653396284151625,-0.20247610611732858,1,53.4062803524385,40.57206638006598,true
recommended_3,R4,0,1924-04,78.15854598779696,49.136551330624,94.77641874007203,40.86770738198295,4.87426608900496,1.7689154922647026,1,54.42354932582602,40.857531308723516,true
recommended_3,R4,0,1924-05,54.710982191457866,49.136551330624,94.19640185267338,42.762638787754156,5.0884606252495495,1.7388209370036014,1,55.44081829921355,41.14310900828654,true
recommended_3,R4,0,1924-06,38.297687534020504,49.136551330624,93.64670893610793,44.792517685684174,5.29270677161384,2.7098200926336684,1,56.45808727260107,41.428513616838735,true
recommended_3,R4,0,1924-07,26.80838127381435,49.136551330624,93.12873753157461,46.70583175395831,5.486296053763998,-2.3176645531946036,0.5,57.47535624598859,41.731452253524516,true
recommended_3,R4,0,1924-08,18.765866891670044,49.136551330624,92.64035876880406,48.389830789556385,5.669840437055717,-2.3435631234212693,0.5,58.492625219376116,42.034225581973224,true
recommended_3,R4,0,1924-09,13.13610682416903,49.136551330624,92.17794206665215,49.80990554593936,5.844543825410546,-1.3679820615597968,1,59.50989419276364,42.32372094720475,true
recommended_3,R4,0,1924-10,9.19527477691832,49.136551330624,91.73746846449951,50.972850677432476,6.011791821294365,-1.3911028966673924,1,60.52716316615116,42.61622151389694,true
recommended_3,R4,0,1924-11,6.436692343842823,49.136551330624,91.31510251804438,51.90513723089518,6.172934355237844,-1.4131265767750243,1,61.544432139538685,42.911612302532,true
recommended_3,R4,0,1924-12,4.505684640689976,52.136551330624,90.90745095131619,52.64049529131134,6.3291823847756445,-1.434244874097781,1,62.501701112926206,43.19135881437331,true
recommended_3,R4,0,1925-01,3.153979248482983,55.136551330624,90.52718493854825,53.21317616469723,6.4755874407705125,-1.4546274524341904,1,63.39897008631373,43.45550008441744,true
recommended_3,R4,0,1925-02,2.207785473938088,58.136551330624,90.1780125816057,53.65460393783357,6.610585922180105,-1.4736407530725877,1,64.23623905970125,43.704100995363284,true
recommended_3,R4,0,1925-03,1.5454498317566616,61.136551330624,89.8578008020872,53.99198919226535,6.734866907780732,-1.4910993709197151,1,65.01350803308877,43.9329916842488,true
recommended_3,R4,0,1925-04,1.0818148822296632,64.136551330624,89.56483943461085,54.248028939633045,6.848976620795591,-1.5071099598956401,1,65.73077700647629,44.14224557044364,true
recommended_3,R4,0,1925-05,0.7572704175607642,67.136551330624,89.29776858778713,54.441165811276235,6.95334212513677,-1.5217580282694576,1,66.3880459798638,44.33193766477469,true
recommended_3,R4,0,1925-06,0.5300892922925349,70.136551330624,88.69832150578448,50.986097955366546,7.188293660901823,-1.5351115706106433,1,66.98531495325132,44.50127105199597,true
recommended_3,R4,0,1925-07,0.3710625046047744,73.136551330624,88.07821724194638,48.5743658899878,7.432984302910401,-0.5650839247107762,1,67.52258392663884,44.65071903778596,true
recommended_3,R4,0,1925-08,0.2597437532233421,76.136551330624,87.45172383999822,46.89092424785332,7.681936538262218,-0.5960891379026811,1,67.99985290002637,44.780659934617454,true
recommended_3,R4,0,1925-09,0.18182062725633946,79.136551330624,86.82859206881474,45.715854660900625,7.931326842235241,-0.6274138080000888,1,68.41712187341389,44.891403493456615,true
recommended_3,R4,0,1925-10,0.1272744390794376,82.136551330624,86.2154348003931,44.89564364381275,8.178486261539765,-0.6585703965592629,1,68.77439084680141,44.98320958199573,true
recommended_3,R4,0,1925-11,0.08909210735560633,82.136551330624,85.61669194017232,44.32313231749654,8.421551788684,-0.6892282599803452,1,69.13165982018893,45.074342336055714,true
recommended_3,R4,0,1925-12,0.062364475148924424,82.136551330624,85.01475470818559,43.923519859026904,8.667623000291396,-0.7191654029913841,1,69.48892879357645,45.164858224046654,true
recommended_3,R4,0,1926-01,0.043655132604247096,82.136551330624,84.58198302588744,45.44459296706436,8.845792177305757,-0.7492622645907203,1,69.84619776696397,45.25517755652705,true
recommended_3,R4,0,1926-02,0.030558592822972967,85.136551330624,84.17071269554492,46.50990542296692,9.015975720502922,-0.7709008487056281,1,70.14346674035149,45.32722645297453,true
recommended_3,R4,0,1926-03,0.021391014976081077,88.136551330624,83.79509330803441,47.25601703829216,9.172166373306599,-0.791464365222754,1,70.380735713739,45.38100708520641,true
recommended_3,R4,0,1926-04,0.014973710483256754,91.136551330624,83.4506390521341,47.77857019635523,9.316039940129818,-0.8102453345982794,1,70.55800468712653,45.41654582932319,true
recommended_3,R4,0,1926-05,0.010481597338279728,94.136551330624,83.13416999777897,48.14454992613416,9.448770102873205,-0.8274680473932954,1,70.67527366051405,45.43388475709131,true
recommended_3,R4,0,1926-06,0.007337118136795809,97.136551330624,82.84341709992935,48.400870500373756,9.571178872035253,-0.8432915001110515,1,70.73254263390157,45.43307560748547,true
recommended_3,R4,0,1926-07,0.005135982695757066,100,82.99096575578714,50.38038923671752,9.508841958182543,-0.8578291450035322,1,70.70279511793663,45.415732327664664,true
recommended_3,R4,0,1926-08,0.003595187887029946,100,83.18243075925541,51.76611838622138,9.428094914689776,-0.8504517122106428,1,70.66316407972904,45.39868531763025,true
recommended_3,R4,0,1926-09,0.0025166315209209623,100,83.3916277315199,52.73617501471835,9.340072793162113,-0.8408784620372294,1,70.6187806450921,45.38178936509251,true
recommended_3,R4,0,1926-10,0.0017616420646446734,100,83.61348500715118,53.415247011357216,9.246957874334841,-0.8304186134240048,1,70.57058914585913,45.36494281660474,true
recommended_3,R4,0,1926-11,0.0012331494452512714,100,83.84444945413425,53.89062005868811,9.150277827525215,-0.8193257496424409,1,70.5192736233389,45.3480745113636,true
recommended_3,R4,0,1926-12,0.00086320461167589,100,84.08203049993445,54.223397046598315,9.051102072217104,-0.8077775272932874,1,70.46532920327346,45.33113463443325,true
recommended_3,R4,0,1927-01,0.0006042432281731229,100,84.3244818384521,54.45635203648047,8.950179237722462,-0.7958984750032776,1,70.40911417405337,45.31408831369712,true
recommended_3,R4,0,1927-02,0.000422970259721186,100,84.57057885904351,54.61942829823948,8.84803338953094,-0.783775908077395,1,70.35088787404318,45.29691113751065,true
recommended_3,R4,0,1927-03,0.0002960791818048302,100,84.81946282025335,54.73358711965984,8.745031390965183,-0.7714710570478247,1,70.29083819005878,45.27958601690853,true
recommended_3,R4,0,1927-04,0.0002072554272633811,100,85.07053165910428,54.81350210138643,8.641430058586968,-0.7590268589873326,1,70.22910147695495,45.26210098904515,true
recommended_3,R4,0,1927-05,0.00014507879908436677,100,85.32336343277333,54.86944525330769,8.537409172554689,-0.7464734170447862,1,70.16577696355554,45.24444767952969,true
recommended_3,R4,0,1927-06,0.00010155515935905674,100,85.57766261755667,54.908607324951404,8.433094584974823,-0.7338318283613332,1,70.10093715641369,45.226620226009324,true
recommended_3,R4,0,1927-07,0.00007108861155133971,100,85.57648944183002,54.9360220808112,8.433574396518829,-0.7211168691221665,1,70.10093715641369,45.20816634964162,true
recommended_3,R4,0,1927-08,0.0000497620280859378,100,85.57566819097111,54.95521332390949,8.433910280594569,-0.721175527908499,1,70.10093715641369,45.18908317760005,true
recommended_3,R4,0,1927-09,0.000034833419660156455,100,85.57509329351123,54.96864783387579,8.434145410644044,-0.7212165904514443,1,70.10093715641369,45.169368698810246,true
recommended_3,R4,0,1927-10,0.000024383393762109517,100,85.57469084883007,54.97805243871046,8.434310009516196,-0.7212453353244386,1,70.10093715641369,45.14902150545311,true
recommended_3,R4,0,1927-11,0.000017068375633476662,100,85.57440912546423,54.98463597559551,8.434425234212966,-0.7212654575584962,1,70.10093715641369,45.12804061200837,true
recommended_3,R4,0,1927-12,0.000011947862943433663,100,85.5742119103677,54.98924467086559,8.43450589534109,-0.7212795437267885,1,70.10093715641369,45.10642532857894,true
recommended_3,R4,0,1928-01,0.000008363504060403562,100,85.57407385354551,54.99247091117002,8.434562360819045,-0.7212894044816154,1,70.10093715641369,45.08417517221391,true
recommended_3,R4,1,1922-01,5.199999999999999,98.85931558935361,100,54.879999999999995,3,2,1,35.02281368821293,35.01320677946768,false
recommended_3,R4,1,1922-02,6.039999999999999,98.0761976612599,99.98907452471482,54.75999999999999,3.00382391634981,2,1,35.06320169316264,35.031106720259025,false
recommended_3,R4,1,1922-03,6.627999999999998,97.53535656675545,99.9700861807984,54.65079999999999,3.0104705628982824,1.9994537262357412,1,35.11581788510177,35.052020893425684,false
recommended_3,R4,1,1922-04,7.039599999999998,97.16030328962366,99.94513849837014,54.556719999999984,3.019204864511367,1.9985043090399202,1,35.17697897011584,35.07479756943025,false
recommended_3,R4,1,1922-05,7.327719999999998,96.89947760000865,99.91578783574015,54.478515999999985,3.029483235300421,1.997256924918507,1,35.24412860351019,35.09864088215306,false
recommended_3,R4,1,1922-06,7.529403999999998,96.71773127283399,99.88318887197079,54.415129599999986,3.0409024890203966,1.9957893917870073,1,35.3154836049135,35.12299808461528,false
recommended_3,R4,1,1922-07,9.770582799999998,94.7430516876148,99.84819858650013,54.364708599999986,3.0531634110564614,1.9941594435985395,1,35.426753032179235,35.159247748250294,false
recommended_3,R4,1,1922-08,11.339407959999999,93.408077073091,99.79669193569569,54.262178535999986,3.07121814618114,1.9924099293250066,1,35.56761885827976,35.20414813974113,false
recommended_3,R4,1,1922-09,12.437585572,92.49576062214805,99.73301894636569,54.14334273639999,3.093549093062485,1.9898345967847846,1,35.72886911927747,35.25478452384373,false
recommended_3,R4,1,1922-10,13.206309900399999,91.86767070801992,99.66032975825657,54.02721234831999,3.1190584139543707,1.9866509473182845,1,35.904270365563015,35.30919401257598,false
recommended_3,R4,1,1922-11,13.744416930279998,91.43305913972652,99.58094985801857,53.92285934681199,3.146936071143235,1.9830164879128283,1,36.089548011362915,35.366037233245976,false
recommended_3,R4,1,1922-12,14.121091851195999,91.13126970043977,99.49661212595282,53.833669034859994,3.176578493981238,1.9790474929009285,1,36.28174382877312,35.42439193928747,false
recommended_3,R4,1,1923-01,18.8847642958372,87.47967043211912,99.40861253951228,53.75993556886611,3.2075341763869916,1.974830606297641,1,36.547628261333614,35.505493599091885,false
recommended_3,R4,1,1923-02,22.219335007086038,85.0929192127991,99.29055128955805,53.56541196933116,3.249101437440511,1.9704306269756138,1,36.86655350760439,35.602845058837254,false
recommended_3,R4,1,1923-03,24.553534504960226,83.49823263815794,99.15077455253395,53.329208328319226,3.2983728508056847,0.9645275644779026,1,37.22122456152382,35.710972390396215,false
recommended_3,R4,1,1923-04,26.187474153472156,82.41705501887833,98.9950324680465,53.09383979467465,3.3533494556951666,0.9575387276266973,1,37.60037176359099,35.82632954648738,false
recommended_3,R4,1,1923-05,27.331231907430507,81.67674060956841,98.82747747259099,52.88006363166809,3.412589042720265,0.9497516234023251,1,37.99645674491217,35.94655948943082,false
recommended_3,R4,1,1923-06,28.131862335201355,81.16638446097755,98.65118395766771,52.69610758494474,3.475023834947216,0.9413738736295492,1,38.4043464518061,36.07006771402429,false
recommended_3,R4,1,1923-07,37.69230363464095,75.53072848280493,98.46845502280902,52.54331943940527,3.5398533936355188,0.9325591978833856,1,38.92614666149415,36.22922094861969,false
recommended_3,R4,1,1923-08,44.38461254424867,72.0298362598215,98.23941308296952,52.14955449854446,3.6212649268267874,0.9234227511404511,1,39.52625570289336,36.41282411558215,false
recommended_3,R4,1,1923-09,49.069228780974065,69.76624273867156,97.97758737143275,51.67314977265366,3.714546224181929,-0.088029345851524,1,40.1775714967975,36.61232095238787,false
recommended_3,R4,1,1923-10,70.34846014668184,61.051329674743634,97.69171541011845,51.19912797742833,3.816666708207217,-0.10112063142836258,1,49.007605145315274,39.39444089829771,true
recommended_3,R4,1,1923-11,85.24392210267729,56.14219285551228,97.33162136056615,50.22893577979937,3.945677563236436,-1.1154142294940776,1,49.94926671571964,39.685262256947645,true
recommended_3,R4,1,1923-12,95.6707454718741,53.15051043997227,96.92046492984566,49.10293738277924,4.093527510397055,-1.1334189319716927,1,50.9601814805005,39.99788787892575,true
recommended_3,R4,1,1924-01,102.96952183031186,51.239220086918706,96.47147907746773,45.00193380378924,4.255665659905542,-0.15397675350771678,1,52.016466153516376,40.21313867958647,true
recommended_3,R4,1,1924-02,108.07866528121829,49.98109722563053,95.95047787765343,41.91226800774311,4.4446856911922765,-0.1764260461266134,1,53.11135422464713,40.52407526706162,true
recommended_3,R4,1,1924-03,111.6550656968528,49.136551330624,95.37830984529405,39.59622764698362,4.653396284151625,-0.20247610611732858,1,54.23297849451433,40.84349893671422,true
recommended_3,R4,1,1924-04,78.15854598779696,49.136551330624,94.77641874007203,40.86770738198295,4.87426608900496,1.7689154922647026,1,55.36068237032852,41.16522332500184,true
recommended_3,R4,1,1924-05,54.710982191457866,49.136551330624,94.19640185267338,42.762638787754156,5.0884606252495495,1.7388209370036014,1,56.48504861183834,41.48596462759834,true
recommended_3,R4,1,1924-06,38.297687534020504,49.136551330624,93.64670893610793,44.792517685684174,5.29270677161384,2.7098200926336684,1,57.60444065840801,41.80489964517868,true
recommended_3,R4,1,1924-07,26.80838127381435,49.136551330624,93.12873753157461,46.70583175395831,5.486296053763998,-2.3176645531946036,0.5,58.71850427287061,42.139619189017445,true
recommended_3,R4,1,1924-08,18.765866891670044,49.136551330624,92.64035876880406,48.389830789556385,5.669840437055717,-2.3435631234212693,0.5,59.82754543790399,42.472524387056545,true
recommended_3,R4,1,1924-09,13.13610682416903,49.136551330624,92.17794206665215,49.80990554593936,5.844543825410546,-1.3679820615597968,1,60.93216610546893,42.790700225209655,true
recommended_3,R4,1,1924-10,9.19527477691832,49.136551330624,91.73746846449951,50.972850677432476,6.011791821294365,-1.3911028966673924,1,62.03305907679836,43.11065733789277,true
recommended_3,R4,1,1924-11,6.436692343842823,49.136551330624,91.31510251804438,51.90513723089518,6.172934355237844,-1.4131265767750243,1,63.13089931715762,43.43250235918355,true
recommended_3,R4,1,1924-12,4.505684640689976,52.136551330624,90.90745095131619,52.64049529131134,6.3291823847756445,-1.434244874097781,1,64.16629230531404,43.73789958920731,true
recommended_3,R4,1,1925-01,3.153979248482983,55.136551330624,90.52718493854825,53.21317616469723,6.4755874407705125,-1.4546274524341904,1,65.13676380669901,44.02607568927727,true
recommended_3,R4,1,1925-02,2.207785473938088,58.136551330624,90.1780125816057,53.65460393783357,6.610585922180105,-1.4736407530725877,1,66.04153202079132,44.2968388509212,true
recommended_3,R4,1,1925-03,1.5454498317566616,61.136551330624,89.8578008020872,53.99198919226535,6.734866907780732,-1.4910993709197151,1,66.88094148697915,44.546132334942804,true
recommended_3,R4,1,1925-04,1.0818148822296632,64.136551330624,89.56483943461085,54.248028939633045,6.848976620795591,-1.5071099598956401,1,67.65526531687411,44.774119232357585,true
recommended_3,R4,1,1925-05,0.7572704175607642,67.136551330624,89.29776858778713,54.441165811276235,6.95334212513677,-1.5217580282694576,1,68.36471704243222,44.98094466365132,true
recommended_3,R4,1,1925-06,0.5300892922925349,70.136551330624,88.69832150578448,50.986097955366546,7.188293660901823,-1.5351115706106433,1,69.07946178370226,45.18884926132736,true
recommended_3,R4,1,1925-07,0.3710625046047744,73.136551330624,88.07821724194638,48.5743658899878,7.432984302910401,-0.5650839247107762,1,69.73907607809407,45.378467294180425,true
recommended_3,R4,1,1925-08,0.2597437532233421,76.136551330624,87.45172383999822,46.89092424785332,7.681936538262218,-0.5960891379026811,1,70.34082116915751,45.54927784964884,true
recommended_3,R4,1,1925-09,0.18182062725633946,79.136551330624,86.82859206881474,45.715854660900625,7.931326842235241,-0.6274138080000888,1,70.88278529453154,45.70096298339025,true
recommended_3,R4,1,1925-10,0.1272744390794376,82.136551330624,86.2154348003931,44.89564364381275,8.178486261539765,-0.6585703965592629,1,71.36363397757133,45.83334440993185,true
recommended_3,R4,1,1925-11,0.08909210735560633,82.136551330624,85.61669194017232,44.32313231749654,8.421551788684,-0.6892282599803452,1,71.84243571453096,45.96438042136468,true
recommended_3,R4,1,1925-12,0.062364475148924424,82.136551330624,85.01475470818559,43.923519859026904,8.667623000291396,-0.7191654029913841,1,72.32274029372218,46.09529299992783,true
recommended_3,R4,1,1926-01,0.043655132604247096,82.136551330624,84.58198302588744,45.44459296706436,8.845792177305757,-0.7492622645907203,1,72.76909385561687,46.21486177230142,true
recommended_3,R4,1,1926-02,0.030558592822972967,85.136551330624,84.17071269554492,46.50990542296692,9.015975720502922,-0.7709008487056281,1,73.15145460060299,46.3148491337571,true
recommended_3,R4,1,1926-03,0.021391014976081077,88.136551330624,83.79509330803441,47.25601703829216,9.172166373306599,-0.791464365222754,1,73.46681890039233,46.39427106482426,true
recommended_3,R4,1,1926-04,0.014973710483256754,91.136551330624,83.4506390521341,47.77857019635523,9.316039940129818,-0.8102453345982794,1,73.71602465719147,46.45342905282785,true
recommended_3,R4,1,1926-05,0.010481597338279728,94.136551330624,83.13416999777897,48.14454992613416,9.448770102873205,-0.8274680473932954,1,73.89965871195069,46.49255784897968,true
recommended_3,R4,1,1926-06,0.007337118136795809,97.136551330624,82.84341709992935,48.400870500373756,9.571178872035253,-0.8432915001110515,1,74.01813206991923,46.511844138977935,true
recommended_3,R4,1,1926-07,0.005135982695757066,100,82.99096575578714,50.38038923671752,9.508841958182543,-0.8578291450035322,1,73.98838455395428,46.49450085915712,true
recommended_3,R4,1,1926-08,0.003595187887029946,100,83.18243075925541,51.76611838622138,9.428094914689776,-0.8504517122106428,1,73.94875351574669,46.47745384912272,true
recommended_3,R4,1,1926-09,0.0025166315209209623,100,83.3916277315199,52.73617501471835,9.340072793162113,-0.8408784620372294,1,73.90437008110975,46.460557896584966,true
recommended_3,R4,1,1926-10,0.0017616420646446734,100,83.61348500715118,53.415247011357216,9.246957874334841,-0.8304186134240048,1,73.85617858187678,46.4437113480972,true
recommended_3,R4,1,1926-11,0.0012331494452512714,100,83.84444945413425,53.89062005868811,9.150277827525215,-0.8193257496424409,1,73.80486305935655,46.42684304285606,true
recommended_3,R4,1,1926-12,0.00086320461167589,100,84.08203049993445,54.223397046598315,9.051102072217104,-0.8077775272932874,1,73.7509186392911,46.4099031659257,true
recommended_3,R4,1,1927-01,0.0006042432281731229,100,84.3244818384521,54.45635203648047,8.950179237722462,-0.7958984750032776,1,73.69470361007102,46.39285684518958,true
recommended_3,R4,1,1927-02,0.000422970259721186,100,84.57057885904351,54.61942829823948,8.84803338953094,-0.783775908077395,1,73.63647731006083,46.37567966900311,true
recommended_3,R4,1,1927-03,0.0002960791818048302,100,84.81946282025335,54.73358711965984,8.745031390965183,-0.7714710570478247,1,73.57642762607642,46.35835454840098,true
recommended_3,R4,1,1927-04,0.0002072554272633811,100,85.07053165910428,54.81350210138643,8.641430058586968,-0.7590268589873326,1,73.5146909129726,46.34086952053761,true
recommended_3,R4,1,1927-05,0.00014507879908436677,100,85.32336343277333,54.86944525330769,8.537409172554689,-0.7464734170447862,1,73.4513663995732,46.32321621102216,true
recommended_3,R4,1,1927-06,0.00010155515935905674,100,85.57766261755667,54.908607324951404,8.433094584974823,-0.7338318283613332,1,73.38652659243135,46.305388757501795,true
recommended_3,R4,1,1927-07,0.00007108861155133971,100,85.57648944183002,54.9360220808112,8.433574396518829,-0.7211168691221665,1,73.38676649820336,46.287013650195895,true
recommended_3,R4,1,1927-08,0.0000497620280859378,100,85.57566819097111,54.95521332390949,8.433910280594569,-0.721175527908499,1,73.38693444024123,46.26798561912342,true
recommended_3,R4,1,1927-09,0.000034833419660156455,100,85.57509329351123,54.96864783387579,8.434145410644044,-0.7212165904514443,1,73.38705200526597,46.24830974085008,true
recommended_3,R4,1,1927-10,0.000024383393762109517,100,85.57469084883007,54.97805243871046,8.434310009516196,-0.7212453353244386,1,73.38713430470204,46.22798956914112,true
recommended_3,R4,1,1927-11,0.000017068375633476662,100,85.57440912546423,54.98463597559551,8.434425234212966,-0.7212654575584962,1,73.38719191705043,46.207027591750766,true
recommended_3,R4,1,1927-12,0.000011947862943433663,100,85.5742119103677,54.98924467086559,8.43450589534109,-0.7212795437267885,1,73.38723224761449,46.18542555018988,true
recommended_3,R4,1,1928-01,0.000008363504060403562,100,85.57407385354551,54.99247091117002,8.434562360819045,-0.7212894044816154,1,73.38726048035348,46.16318466357414,true
recommended_3,R5,0,1922-01,5.199999999999999,98.85931558935361,100,54.879999999999995,3,2,1,35.02281368821293,35.01320677946768,false
recommended_3,R5,0,1922-02,6.039999999999999,98.0761976612599,99.98907452471482,54.75999999999999,3.00382391634981,2,1,35.06128973498773,35.030478960658264,false
recommended_3,R5,0,1922-03,6.627999999999998,97.53535656675545,99.9700861807984,54.65079999999999,3.0104705628982824,1.9994537262357412,1,35.110582603652624,35.05030197601655,false
recommended_3,R5,0,1922-04,7.039599999999998,97.16030328962366,99.94513849837014,54.556719999999984,3.019204864511367,1.9985043090399202,1,35.16737653786015,35.071644770839626,false
recommended_3,R5,0,1922-05,7.327719999999998,96.89947760000865,99.91578783574015,54.478515999999985,3.029483235300421,1.997256924918507,1,35.229386985859975,35.093800717691245,false
recommended_3,R5,0,1922-06,7.529403999999998,96.71773127283399,99.88318887197079,54.415129599999986,3.0409024890203966,1.9957893917870073,1,35.2950323604033,35.11628325933444,false
recommended_3,R5,0,1922-07,9.770582799999998,94.7430516876148,99.84819858650013,54.364708599999986,3.0531634110564614,1.9941594435985395,1,35.400171326651,35.15052008826852,false
recommended_3,R5,0,1922-08,11.339407959999999,93.408077073091,99.79669193569569,54.262178535999986,3.07121814618114,1.9924099293250066,1,35.53200978518918,35.192456494076396,false
recommended_3,R5,0,1922-09,12.437585572,92.49576062214805,99.73301894636569,54.14334273639999,3.093549093062485,1.9898345967847846,1,35.68209457274622,35.23942688106597,false
recommended_3,R5,0,1922-10,13.206309900399999,91.86767070801992,99.66032975825657,54.02721234831999,3.1190584139543707,1.9866509473182845,1,35.844741158585826,35.28964858961847,false
recommended_3,R5,0,1922-11,13.744416930279998,91.43305913972652,99.58094985801857,53.92285934681199,3.146936071143235,1.9830164879128283,1,36.01607997579129,35.3419152282333,false
recommended_3,R5,0,1922-12,14.121091851195999,91.13126970043977,99.49661212595282,53.833669034859994,3.176578493981238,1.9790474929009285,1,36.1934545817825,35.39540363652554,false
recommended_3,R5,0,1923-01,18.8847642958372,87.47967043211912,99.40861253951228,53.75993556886611,3.2075341763869916,1.974830606297641,1,36.443861173140114,35.47142340513502,false
recommended_3,R5,0,1923-02,22.219335007086038,85.0929192127991,99.29055128955805,53.56541196933116,3.249101437440511,1.9704306269756138,1,36.74200278888413,35.561950906190766,false
recommended_3,R5,0,1923-03,24.553534504960226,83.49823263815794,99.15077455253395,53.329208328319226,3.2983728508056847,0.9645275644779026,1,37.07203813612097,35.66198951405561,false
recommended_3,R5,0,1923-04,26.187474153472156,82.41705501887833,98.9950324680465,53.09383979467465,3.3533494556951666,0.9575387276266973,1,37.42369703574341,35.768321344177416,false
recommended_3,R5,0,1923-05,27.331231907430507,81.67674060956841,98.82747747259099,52.88006363166809,3.412589042720265,0.9497516234023251,1,37.79016222355204,35.87882612158424,false
recommended_3,R5,0,1923-06,28.131862335201355,81.16638446097755,98.65118395766771,52.69610758494474,3.475023834947216,0.9413738736295492,1,38.16683453433249,35.99208463445379,false
recommended_3,R5,0,1923-07,37.69230363464095,75.53072848280493,98.46845502280902,52.54331943940527,3.5398533936355188,0.9325591978833856,1,38.65621996467639,36.14059501649786,false
recommended_3,R5,0,1923-08,44.38461254424867,72.0298362598215,98.23941308296952,52.14955449854446,3.6212649268267874,0.9234227511404511,1,39.21562323947996,36.310833123428075,false
recommended_3,R5,0,1923-09,49.069228780974065,69.76624273867156,97.97758737143275,51.67314977265366,3.714546224181929,-0.088029345851524,1,39.820298384706525,36.495016280584665,false
recommended_3,R5,0,1923-10,70.34846014668184,61.051329674743634,97.69171541011845,51.19912797742833,3.816666708207217,-0.10112063142836258,1,48.599271791211656,39.26037144703369,true
recommended_3,R5,0,1923-11,85.24392210267729,56.14219285551228,97.33162136056615,50.22893577979937,3.945677563236436,-1.1154142294940776,1,49.47642793410141,39.53001352364966,true
recommended_3,R5,0,1923-12,95.6707454718741,53.15051043997227,96.92046492984566,49.10293738277924,4.093527510397055,-1.1334189319716927,1,50.41341772530196,39.81836711263556,true
recommended_3,R5,0,1924-01,102.96952183031186,51.239220086918706,96.47147907746773,45.00193380378924,4.255665659905542,-0.15397675350771678,1,51.38863332356359,40.225164978796705,true
recommended_3,R5,0,1924-02,108.07866528121829,49.98109722563053,95.95047787765343,41.91226800774311,4.4446856911922765,-0.1764260461266134,1,52.38901137905098,40.53425754717445,true
recommended_3,R5,0,1924-03,111.6550656968528,49.136551330624,95.37830984529405,39.59622764698362,4.653396284151625,-0.20247610611732858,1,53.4062803524385,40.84997519674881,true
recommended_3,R5,0,1924-04,78.15854598779696,49.136551330624,94.77641874007203,40.86770738198295,4.87426608900496,1.7689154922647028,1,54.42354932582602,41.167447806057474,true
recommended_3,R5,0,1924-05,54.710982191457866,49.136551330624,94.19640185267338,42.762638787754156,5.0884606252495495,1.7388209370036016,1,55.44081829921355,41.486439730392966,true
recommended_3,R5,0,1924-06,38.297687534020504,49.136551330624,93.64670893610793,44.792517685684174,5.29270677161384,2.709820092633669,1,56.45808727260107,41.80659978007876,true
recommended_3,R5,0,1924-07,26.80838127381435,49.136551330624,93.12873753157461,46.70583175395831,5.486296053763998,0.6823354468053964,1,57.47535624598859,42.12755175547441,true
recommended_3,R5,0,1924-08,18.765866891670044,49.136551330624,92.64035876880406,48.389830789556385,5.669840437055717,0.6564368765787307,1,58.492625219376116,42.44894106002478,true
recommended_3,R5,0,1924-09,13.13610682416903,49.136551330624,92.17794206665215,49.80990554593936,5.844543825410546,1.6320179384402032,1,59.50989419276364,42.7768155963765,true
recommended_3,R5,0,1924-10,9.19527477691832,49.136551330624,91.73746846449951,50.972850677432476,6.011791821294365,1.6088971033326076,1,60.52716316615116,43.10879359602852,true
recommended_3,R5,0,1924-11,6.436692343842823,49.136551330624,91.31510251804438,51.90513723089518,6.172934355237844,1.5868734232249757,1,61.544432139538685,43.44471998692965,true
recommended_3,R5,0,1924-12,4.505684640689976,52.136551330624,90.90745095131619,52.64049529131134,6.3291823847756445,1.565755125902219,1,62.501701112926206,43.766028129764315,true
recommended_3,R5,0,1925-01,3.153979248482983,55.136551330624,90.52718493854825,53.21317616469723,6.4755874407705125,1.5453725475658096,1,63.39897008631373,44.07269242400283,true
recommended_3,R5,0,1925-02,2.207785473938088,58.136551330624,90.1780125816057,53.65460393783357,6.610585922180105,1.5263592469274123,1,64.23623905970125,44.364702849171,true
recommended_3,R5,0,1925-03,1.5454498317566616,61.136551330624,89.8578008020872,53.99198919226535,6.734866907780732,1.5089006290802849,1,65.01350803308877,44.63781916408427,true
recommended_3,R5,0,1925-04,1.0818148822296632,64.136551330624,89.56483943461085,54.248028939633045,6.848976620795591,1.4928900401043599,1,65.73077700647629,44.892047996755664,true
recommended_3,R5,0,1925-05,0.7572704175607642,67.136551330624,89.29776858778713,54.441165811276235,6.95334212513677,1.4782419717305424,1,66.3880459798638,45.12740037104179,true
recommended_3,R5,0,1925-06,0.5300892922925349,70.136551330624,88.69832150578448,50.986097955366546,7.188293660901823,1.4648884293893567,1,66.98531495325132,45.34393688663632,true
recommended_3,R5,0,1925-07,0.3710625046047744,73.136551330624,88.07821724194638,48.5743658899878,7.432984302910401,1.4349160752892238,1,67.52258392663884,45.54219480268209,true
recommended_3,R5,0,1925-08,0.2597437532233421,76.136551330624,87.45172383999822,46.89092424785332,7.681936538262218,1.4039108620973189,1,67.99985290002637,45.72258041611483,true
recommended_3,R5,0,1925-09,0.18182062725633946,79.136551330624,86.82859206881474,45.715854660900625,7.931326842235241,1.3725861919999112,1,68.41712187341389,45.88540635455135,true
recommended_3,R5,0,1925-10,0.1272744390794376,82.136551330624,86.2154348003931,44.89564364381275,8.178486261539765,1.3414296034407371,1,68.77439084680141,46.0309178362079,true
recommended_3,R5,0,1925-11,0.08909210735560633,82.136551330624,85.61669194017232,44.32313231749654,8.421551788684,1.3107717400196548,1,69.13165982018893,46.17735211368024,true
recommended_3,R5,0,1925-12,0.062364475148924424,82.136551330624,85.01475470818559,43.923519859026904,8.667623000291396,-0.7191654029913841,1,69.48892879357645,46.324785392706424,true
recommended_3,R5,0,1926-01,0.043655132604247096,82.136551330624,84.58198302588744,45.44459296706436,8.845792177305757,-0.7492622645907203,1,69.84619776696397,46.4731920938178,true
recommended_3,R5,0,1926-02,0.030558592822972967,85.136551330624,84.17071269554492,46.50990542296692,9.015975720502922,-0.7709008487056281,1,70.14346674035149,46.60444589749658,true
recommended_3,R5,0,1926-03,0.021391014976081077,88.136551330624,84.04760544612104,47.25601703829216,8.672166373306599,0.20853563477724602,1,70.37970585512416,46.717697438811165,true
recommended_3,R5,0,1926-04,0.014973710483256754,91.136551330624,83.95425601164557,47.77857019635523,8.816039940129818,0.20238027230605193,1,70.55697482851168,46.813553361766104,true
recommended_3,R5,0,1926-05,0.010481597338279728,94.136551330624,83.88773986358262,48.14454992613416,8.948770102873205,0.19771280058227836,1,70.67424380189921,46.891982563107725,true
recommended_3,R5,0,1926-06,0.007337118136795809,97.136551330624,83.84601465504517,48.400870500373756,9.071178872035253,0.1943869931791311,1,70.73151277528673,46.95296900465957,true
recommended_3,R5,0,1926-07,0.005135982695757066,100,84.24688703593728,50.38038923671752,9.008841958182543,0.19230073275225834,1,70.7328195492496,46.99691795369749,true
recommended_3,R5,0,1926-08,0.003595187887029946,100,84.69399018423427,51.76611838622138,8.928094914689776,0.21234435179686395,1,70.7351302375732,47.04063293360288,true
recommended_3,R5,0,1926-09,0.0025166315209209623,100,85.16107057469152,52.73617501471835,8.840072793162113,0.23469950921171323,1,70.7383203543692,47.08392095907356,true
recommended_3,R5,0,1926-10,0.0017616420646446734,100,85.64311853423862,53.415247011357216,8.746957874334841,0.258053528734576,1,70.74240262908918,47.12664693396059,true
recommended_3,R5,0,1926-11,0.0012331494452512714,100,86.13661876723599,53.89062005868811,8.650277827525215,0.2821559267119311,1,70.7473732426341,47.168716286453545,true
recommended_3,R5,0,1926-12,0.00086320461167589,100,86.63910474427848,54.223397046598315,8.551102072217104,0.3068309383617993,1,70.75322039335006,47.21006281313074,true
recommended_3,R5,0,1927-01,0.0006042432281731229,100,87.14884674505049,54.45635203648047,8.450179237722462,0.3319552372139243,1,70.75992920938161,47.250640169388994,true
recommended_3,R5,0,1927-02,0.000422970259721186,100,87.6646330815624,54.61942829823948,8.34803338953094,0.3574423372525246,1,70.76748442832141,47.29041591246044,true
recommended_3,R5,0,1927-03,0.0002960791818048302,100,88.18561647826238,54.73358711965984,8.245031390965183,0.38323165407812,1,70.77587174247641,47.32936733132566,true
recommended_3,R5,0,1927-04,0.0002072554272633811,100,88.71120610951837,54.81350210138643,8.141430058586968,0.4092808239131187,1,70.7850783701875,47.367478527513676,true
recommended_3,R5,0,1927-05,0.00014507879908436677,100,89.24099167814705,54.86944525330769,8.037409172554689,0.4355603054759185,1,70.79509319733381,47.40473837156465,true
recommended_3,R5,0,1927-06,0.00010155515935905674,100,89.77469000295648,54.908607324951404,7.933094584974823,0.4620495839073526,1,70.80590669613044,47.44113907248563,true
recommended_3,R5,0,1927-07,0.00007108861155133971,100,90.0427833606047,54.9360220808112,7.933574396518829,0.4887345001478238,1,70.80590669613044,47.47691650132174,true
recommended_3,R5,0,1927-08,0.0000497620280859378,100,90.31204759819892,54.95521332390949,7.933910280594569,0.5021391680302352,1,70.80590669613044,47.512066840122735,true
recommended_3,R5,0,1927-09,0.000034833419660156455,100,90.58237702453009,54.96864783387579,7.934145410644044,0.5156023799099458,1,70.80590669613044,47.546587416196154,true
recommended_3,R5,0,1927-10,0.000024383393762109517,100,90.85369816254381,54.97805243871046,7.934310009516196,0.5291188512265044,1,70.80590669613044,47.580476358568184,true
recommended_3,R5,0,1927-11,0.000017068375633476662,100,91.12596015446512,54.98463597559551,7.934425234212966,0.5426849081271903,1,70.80590669613044,47.61373235749477,true
recommended_3,R5,0,1927-12,0.000011947862943433663,100,91.39912802570716,54.98924467086559,7.93450589534109,0.556298007723256,1,70.80590669613044,47.64635449611142,true
recommended_3,R5,0,1928-01,0.000008363504060403562,100,91.6731779556286,54.99247091117002,7.934562360819045,0.5699564012853577,1,70.80590669613044,47.67834213258243,true
recommended_3,R5,1,1922-01,5.199999999999999,98.85931558935361,100,54.879999999999995,3,2,1,35.02281368821293,35.01320677946768,false
recommended_3,R5,1,1922-02,6.039999999999999,98.0761976612599,99.98907452471482,54.75999999999999,3.00382391634981,2,1,35.06320169316264,35.031106720259025,false
recommended_3,R5,1,1922-03,6.627999999999998,97.53535656675545,99.9700861807984,54.65079999999999,3.0104705628982824,1.9994537262357412,1,35.11581788510177,35.052020893425684,false
recommended_3,R5,1,1922-04,7.039599999999998,97.16030328962366,99.94513849837014,54.556719999999984,3.019204864511367,1.9985043090399202,1,35.17697897011584,35.07479756943025,false
recommended_3,R5,1,1922-05,7.327719999999998,96.89947760000865,99.91578783574015,54.478515999999985,3.029483235300421,1.997256924918507,1,35.24412860351019,35.09864088215306,false
recommended_3,R5,1,1922-06,7.529403999999998,96.71773127283399,99.88318887197079,54.415129599999986,3.0409024890203966,1.9957893917870073,1,35.3154836049135,35.12299808461528,false
recommended_3,R5,1,1922-07,9.770582799999998,94.7430516876148,99.84819858650013,54.364708599999986,3.0531634110564614,1.9941594435985395,1,35.426753032179235,35.159247748250294,false
recommended_3,R5,1,1922-08,11.339407959999999,93.408077073091,99.79669193569569,54.262178535999986,3.07121814618114,1.9924099293250066,1,35.56761885827976,35.20414813974113,false
recommended_3,R5,1,1922-09,12.437585572,92.49576062214805,99.73301894636569,54.14334273639999,3.093549093062485,1.9898345967847846,1,35.72886911927747,35.25478452384373,false
recommended_3,R5,1,1922-10,13.206309900399999,91.86767070801992,99.66032975825657,54.02721234831999,3.1190584139543707,1.9866509473182845,1,35.904270365563015,35.30919401257598,false
recommended_3,R5,1,1922-11,13.744416930279998,91.43305913972652,99.58094985801857,53.92285934681199,3.146936071143235,1.9830164879128283,1,36.089548011362915,35.366037233245976,false
recommended_3,R5,1,1922-12,14.121091851195999,91.13126970043977,99.49661212595282,53.833669034859994,3.176578493981238,1.9790474929009285,1,36.28174382877312,35.42439193928747,false
recommended_3,R5,1,1923-01,18.8847642958372,87.47967043211912,99.40861253951228,53.75993556886611,3.2075341763869916,1.974830606297641,1,36.547628261333614,35.505493599091885,false
recommended_3,R5,1,1923-02,22.219335007086038,85.0929192127991,99.29055128955805,53.56541196933116,3.249101437440511,1.9704306269756138,1,36.86655350760439,35.602845058837254,false
recommended_3,R5,1,1923-03,24.553534504960226,83.49823263815794,99.15077455253395,53.329208328319226,3.2983728508056847,0.9645275644779026,1,37.22122456152382,35.710972390396215,false
recommended_3,R5,1,1923-04,26.187474153472156,82.41705501887833,98.9950324680465,53.09383979467465,3.3533494556951666,0.9575387276266973,1,37.60037176359099,35.82632954648738,false
recommended_3,R5,1,1923-05,27.331231907430507,81.67674060956841,98.82747747259099,52.88006363166809,3.412589042720265,0.9497516234023251,1,37.99645674491217,35.94655948943082,false
recommended_3,R5,1,1923-06,28.131862335201355,81.16638446097755,98.65118395766771,52.69610758494474,3.475023834947216,0.9413738736295492,1,38.4043464518061,36.07006771402429,false
recommended_3,R5,1,1923-07,37.69230363464095,75.53072848280493,98.46845502280902,52.54331943940527,3.5398533936355188,0.9325591978833856,1,38.92614666149415,36.22922094861969,false
recommended_3,R5,1,1923-08,44.38461254424867,72.0298362598215,98.23941308296952,52.14955449854446,3.6212649268267874,0.9234227511404511,1,39.52625570289336,36.41282411558215,false
recommended_3,R5,1,1923-09,49.069228780974065,69.76624273867156,97.97758737143275,51.67314977265366,3.714546224181929,-0.088029345851524,1,40.1775714967975,36.61232095238787,false
recommended_3,R5,1,1923-10,70.34846014668184,61.051329674743634,97.69171541011845,51.19912797742833,3.816666708207217,-0.10112063142836258,1,49.007605145315274,39.39444089829771,true
recommended_3,R5,1,1923-11,85.24392210267729,56.14219285551228,97.33162136056615,50.22893577979937,3.945677563236436,-1.1154142294940776,1,49.94926671571964,39.685262256947645,true
recommended_3,R5,1,1923-12,95.6707454718741,53.15051043997227,96.92046492984566,49.10293738277924,4.093527510397055,-1.1334189319716927,1,50.9601814805005,39.99788787892575,true
recommended_3,R5,1,1924-01,102.96952183031186,51.239220086918706,96.47147907746773,45.00193380378924,4.255665659905542,-0.15397675350771678,1,52.016466153516376,40.4313034246312,true
recommended_3,R5,1,1924-02,108.07866528121829,49.98109722563053,95.95047787765343,41.91226800774311,4.4446856911922765,-0.1764260461266134,1,53.11135422464713,40.77142678147852,true
recommended_3,R5,1,1924-03,111.6550656968528,49.136551330624,95.37830984529405,39.59622764698362,4.653396284151625,-0.20247610611732858,1,54.23297849451433,41.121407753397044,true
recommended_3,R5,1,1924-04,78.15854598779696,49.136551330624,94.77641874007203,40.86770738198295,4.87426608900496,1.7689154922647028,1,55.36068237032852,41.4751398223358,true
recommended_3,R5,1,1924-05,54.710982191457866,49.136551330624,94.19640185267338,42.762638787754156,5.0884606252495495,1.7388209370036016,1,56.48504861183834,41.82929534970477,true
recommended_3,R5,1,1924-06,38.297687534020504,49.136551330624,93.64670893610793,44.792517685684174,5.29270677161384,2.709820092633669,1,57.60444065840801,42.18298580841871,true
recommended_3,R5,1,1924-07,26.80838127381435,49.136551330624,93.12873753157461,46.70583175395831,5.486296053763998,0.6823354468053964,1,58.71850427287061,42.535718690967336,true
recommended_3,R5,1,1924-08,18.765866891670044,49.136551330624,92.64035876880406,48.389830789556385,5.669840437055717,0.6564368765787307,1,59.82754543790399,42.8872398651081,true
recommended_3,R5,1,1924-09,13.13610682416903,49.136551330624,92.17794206665215,49.80990554593936,5.844543825410546,1.6320179384402032,1,60.93216610546893,43.2437948743814,true
recommended_3,R5,1,1924-10,9.19527477691832,49.136551330624,91.73746846449951,50.972850677432476,6.011791821294365,1.6088971033326076,1,62.03305907679836,43.603229420024356,true
recommended_3,R5,1,1924-11,6.436692343842823,49.136551330624,91.31510251804438,51.90513723089518,6.172934355237844,1.5868734232249757,1,63.13089931715762,43.9656100435812,true
recommended_3,R5,1,1924-12,4.505684640689976,52.136551330624,90.90745095131619,52.64049529131134,6.3291823847756445,1.565755125902219,1,64.16629230531404,44.312568904598315,true
recommended_3,R5,1,1925-01,3.153979248482983,55.136551330624,90.52718493854825,53.21317616469723,6.4755874407705125,1.5453725475658096,1,65.13676380669901,44.643268028862664,true
recommended_3,R5,1,1925-02,2.207785473938088,58.136551330624,90.1780125816057,53.65460393783357,6.610585922180105,1.5263592469274123,1,66.04153202079132,44.95744070472892,true
recommended_3,R5,1,1925-03,1.5454498317566616,61.136551330624,89.8578008020872,53.99198919226535,6.734866907780732,1.5089006290802849,1,66.88094148697915,45.25095981477828,true
recommended_3,R5,1,1925-04,1.0818148822296632,64.136551330624,89.56483943461085,54.248028939633045,6.848976620795591,1.4928900401043599,1,67.65526531687411,45.523921658669614,true
recommended_3,R5,1,1925-05,0.7572704175607642,67.136551330624,89.29776858778713,54.441165811276235,6.95334212513677,1.4782419717305424,1,68.36471704243222,45.77640736991842,true
recommended_3,R5,1,1925-06,0.5300892922925349,70.136551330624,88.69832150578448,50.986097955366546,7.188293660901823,1.4648884293893567,1,69.07946178370226,46.03151509596771,true
recommended_3,R5,1,1925-07,0.3710625046047744,73.136551330624,88.07821724194638,48.5743658899878,7.432984302910401,1.4349160752892238,1,69.73907607809407,46.26994305907655,true
recommended_3,R5,1,1925-08,0.2597437532233421,76.136551330624,87.45172383999822,46.89092424785332,7.681936538262218,1.4039108620973189,1,70.34082116915751,46.49119833114623,true
recommended_3,R5,1,1925-09,0.18182062725633946,79.136551330624,86.82859206881474,45.715854660900625,7.931326842235241,1.3725861919999112,1,70.88278529453154,46.69496584448498,true
recommended_3,R5,1,1925-10,0.1272744390794376,82.136551330624,86.2154348003931,44.89564364381275,8.178486261539765,1.3414296034407371,1,71.36363397757133,46.881052664144015,true
recommended_3,R5,1,1925-11,0.08909210735560633,82.136551330624,85.61669194017232,44.32313231749654,8.421551788684,1.3107717400196548,1,71.84243571453096,47.06739019898921,true
recommended_3,R5,1,1925-12,0.062364475148924424,82.136551330624,85.01475470818559,43.923519859026904,8.667623000291396,-0.7191654029913841,1,72.32274029372218,47.255220168587606,true
recommended_3,R5,1,1926-01,0.043655132604247096,82.136551330624,84.58198302588744,45.44459296706436,8.845792177305757,-0.7492622645907203,1,72.76909385561687,47.432876309592174,true
recommended_3,R5,1,1926-02,0.030558592822972967,85.136551330624,84.17071269554492,46.50990542296692,9.015975720502922,-0.7709008487056281,1,73.15145460060299,47.59206857827916,true
recommended_3,R5,1,1926-03,0.021391014976081077,88.136551330624,84.04760544612104,47.25601703829216,8.672166373306599,0.20853563477724602,1,73.38769371537566,47.705320119593736,true
recommended_3,R5,1,1926-04,0.014973710483256754,91.136551330624,83.95425601164557,47.77857019635523,8.816039940129818,0.20238027230605193,1,73.6368994721748,47.824795286435496,true
recommended_3,R5,1,1926-05,0.010481597338279728,94.136551330624,83.88773986358262,48.14454992613416,8.948770102873205,0.19771280058227836,1,73.82053352693404,47.92501435616084,true
recommended_3,R5,1,1926-06,0.007337118136795809,97.136551330624,83.84601465504517,48.400870500373756,9.071178872035253,0.1943869931791311,1,73.93900688490257,48.00609623731677,true
recommended_3,R5,1,1926-07,0.005135982695757066,100,84.24688703593728,50.38038923671752,9.008841958182543,0.19230073275225834,1,73.94031365886543,48.05004518635469,true
recommended_3,R5,1,1926-08,0.003595187887029946,100,84.69399018423427,51.76611838622138,8.928094914689776,0.21234435179686395,1,73.94262434718904,48.093760166260076,true
recommended_3,R5,1,1926-09,0.0025166315209209623,100,85.16107057469152,52.73617501471835,8.840072793162113,0.23469950921171323,1,73.94581446398502,48.13704819173076,true
recommended_3,R5,1,1926-10,0.0017616420646446734,100,85.64311853423862,53.415247011357216,8.746957874334841,0.258053528734576,1,73.949896738705,48.1797741666178,true
recommended_3,R5,1,1926-11,0.0012331494452512714,100,86.13661876723599,53.89062005868811,8.650277827525215,0.2821559267119311,1,73.95486735224992,48.22184351911074,true
recommended_3,R5,1,1926-12,0.00086320461167589,100,86.63910474427848,54.223397046598315,8.551102072217104,0.3068309383617993,1,73.96071450296589,48.26319004578793,true
recommended_3,R5,1,1927-01,0.0006042432281731229,100,87.14884674505049,54.45635203648047,8.450179237722462,0.3319552372139243,1,73.96742331899743,48.303767402046184,true
recommended_3,R5,1,1927-02,0.000422970259721186,100,87.6646330815624,54.61942829823948,8.34803338953094,0.3574423372525246,1,73.97497853793723,48.34354314511764,true
recommended_3,R5,1,1927-03,0.0002960791818048302,100,88.18561647826238,54.73358711965984,8.245031390965183,0.38323165407812,1,73.98336585209222,48.38249456398285,true
recommended_3,R5,1,1927-04,0.0002072554272633811,100,88.71120610951837,54.81350210138643,8.141430058586968,0.4092808239131187,1,73.99257247980331,48.420605760170865,true
recommended_3,R5,1,1927-05,0.00014507879908436677,100,89.24099167814705,54.86944525330769,8.037409172554689,0.4355603054759185,1,74.00258730694962,48.457865604221844,true
recommended_3,R5,1,1927-06,0.00010155515935905674,100,89.77469000295648,54.908607324951404,7.933094584974823,0.4620495839073526,1,74.01340080574624,48.494266305142816,true
recommended_3,R5,1,1927-07,0.00007108861155133971,100,90.0427833606047,54.9360220808112,7.933574396518829,0.4887345001478238,1,74.01364071151825,48.530122503040744,true
recommended_3,R5,1,1927-08,0.0000497620280859378,100,90.31204759819892,54.95521332390949,7.933910280594569,0.5021391680302352,1,74.01380865355613,48.56532798281083,true
recommended_3,R5,1,1927-09,0.000034833419660156455,100,90.58237702453009,54.96864783387579,7.934145410644044,0.5156023799099458,1,74.01392621858086,48.599887159400716,true
recommended_3,R5,1,1927-10,0.000024383393762109517,100,90.85369816254381,54.97805243871046,7.934310009516196,0.5291188512265044,1,74.01400851801694,48.633803123420925,true
recommended_3,R5,1,1927-11,0.000017068375633476662,100,91.12596015446512,54.98463597559551,7.934425234212966,0.5426849081271903,1,74.01406613036532,48.66707803840189,true
recommended_3,R5,1,1927-12,0.000011947862943433663,100,91.39912802570716,54.98924467086559,7.93450589534109,0.556298007723256,1,74.01410646092938,48.69971341888707,true
recommended_3,R5,1,1928-01,0.000008363504060403562,100,91.6731779556286,54.99247091117002,7.934562360819045,0.5699564012853577,1,74.01413469366837,48.731710325107386,true
recommended_3,R6,0,1922-01,5.199999999999999,98.85931558935361,100,54.879999999999995,3,2,1,35.02281368821293,35.01320677946768,false
recommended_3,R6,0,1922-02,6.039999999999999,98.0761976612599,99.98907452471482,54.75999999999999,3.00382391634981,2,1,35.06128973498773,35.030478960658264,false
recommended_3,R6,0,1922-03,6.627999999999998,97.53535656675545,99.9700861807984,54.65079999999999,3.0104705628982824,1.9994537262357412,1,35.110582603652624,35.05030197601655,false
recommended_3,R6,0,1922-04,7.039599999999998,97.16030328962366,99.94513849837014,54.556719999999984,3.019204864511367,1.9985043090399202,1,35.16737653786015,35.071644770839626,false
recommended_3,R6,0,1922-05,7.327719999999998,96.89947760000865,99.91578783574015,54.478515999999985,3.029483235300421,1.997256924918507,1,35.229386985859975,35.093800717691245,false
recommended_3,R6,0,1922-06,7.529403999999998,96.71773127283399,99.88318887197079,54.415129599999986,3.0409024890203966,1.9957893917870073,1,35.2950323604033,35.11628325933444,false
recommended_3,R6,0,1922-07,9.770582799999998,94.7430516876148,99.84819858650013,54.364708599999986,3.0531634110564614,1.9941594435985395,1,35.400171326651,35.15052008826852,false
recommended_3,R6,0,1922-08,11.339407959999999,93.408077073091,99.79669193569569,54.262178535999986,3.07121814618114,1.9924099293250066,1,35.53200978518918,35.192456494076396,false
recommended_3,R6,0,1922-09,12.437585572,92.49576062214805,99.73301894636569,54.14334273639999,3.093549093062485,1.9898345967847846,1,35.68209457274622,35.23942688106597,false
recommended_3,R6,0,1922-10,13.206309900399999,91.86767070801992,99.66032975825657,54.02721234831999,3.1190584139543707,1.9866509473182845,1,35.844741158585826,35.28964858961847,false
recommended_3,R6,0,1922-11,13.744416930279998,91.43305913972652,99.58094985801857,53.92285934681199,3.146936071143235,1.9830164879128283,1,36.01607997579129,35.3419152282333,false
recommended_3,R6,0,1922-12,14.121091851195999,91.13126970043977,99.49661212595282,53.833669034859994,3.176578493981238,1.9790474929009285,1,36.1934545817825,35.39540363652554,false
recommended_3,R6,0,1923-01,18.8847642958372,87.47967043211912,99.40861253951228,53.75993556886611,3.2075341763869916,1.974830606297641,1,36.443861173140114,35.47142340513502,false
recommended_3,R6,0,1923-02,22.219335007086038,85.0929192127991,99.29055128955805,53.56541196933116,3.249101437440511,1.9704306269756138,1,36.74200278888413,35.561950906190766,false
recommended_3,R6,0,1923-03,24.553534504960226,83.49823263815794,99.15077455253395,53.329208328319226,3.2983728508056847,0.9645275644779026,1,37.07203813612097,35.66198951405561,false
recommended_3,R6,0,1923-04,26.187474153472156,82.41705501887833,98.9950324680465,53.09383979467465,3.3533494556951666,0.9575387276266973,1,37.42369703574341,35.768321344177416,false
recommended_3,R6,0,1923-05,27.331231907430507,81.67674060956841,98.82747747259099,49.88006363166809,3.412589042720265,1.9497516234023253,1,37.79016222355204,35.98614546709233,false
recommended_3,R6,0,1923-06,28.131862335201355,81.16638446097755,98.60671159280503,47.59610758494475,3.490773834947216,1.9413738736295492,1,38.16683453433249,36.09999310004501,false
recommended_3,R6,0,1923-07,37.69230363464095,75.53072848280493,98.3486308985432,45.97331943940528,3.582378393635519,1.9303355796402513,1,38.65621996467639,36.250078368885106,false
recommended_3,R6,0,1923-08,26.384612544248665,75.53072848280493,98.02294509911519,47.550554498544464,3.6982824268267875,3.9174315449271604,1,39.14560539502029,36.401012078082495,false
recommended_3,R6,0,1923-09,18.469228780974063,75.53072848280493,97.72152860632036,48.99384977265366,3.8059059759575753,3.9011472549557595,1,39.63499082536419,36.55248756508548,false
recommended_3,R6,0,1923-10,12.928460146681843,75.53072848280493,97.44219510980857,50.241617977428334,3.90595222489929,4.8860764303160185,1,48.12437625570809,39.22829453087683,true
recommended_3,R6,0,1923-11,9.04992210267729,75.53072848280493,97.18189786904112,51.28127877979937,3.9994476907659373,1.8721097554904282,1,48.613761686051994,39.380049728181085,true
recommended_3,R6,0,1923-12,6.334945471874102,75.53072848280493,96.93745139152627,52.12539748277924,4.087484937420137,1.8590948934520561,1,49.103147116395895,39.53162133682056,true
recommended_3,R6,0,1924-01,4.434461830311871,78.53072848280493,96.70589378979608,52.79772987378925,4.171090560883692,1.8468725695763133,1,49.532532546739795,39.6639669392407,true
recommended_3,R6,0,1924-02,3.104123281218309,81.53072848280493,96.50785150737093,53.325377056743115,4.242766439294445,1.835294689489804,1,49.9019179770837,39.77697824508592,true
recommended_3,R6,0,1924-03,2.172886296852816,84.53072848280493,96.34101499097767,53.73464024128363,4.30327216999469,1.8253925753685465,1,50.2113034074276,39.87056849365612,true
recommended_3,R6,0,1924-04,1.5210204077969713,87.53072848280493,96.20350305892414,54.04906157999295,4.353229268976097,1.8170507495488835,1,50.4606888377715,39.94466782990481,true
recommended_3,R6,0,1924-05,1.06471428545788,90.53072848280493,96.09381350980068,54.28871249376115,4.393135655929281,1.8101751529462071,1,50.650074268115404,39.99921909513956,true
recommended_3,R6,0,1924-06,0.7452999998205159,93.53072848280493,96.01076588755447,54.47015731706907,4.423383875585181,1.804690675490034,1,50.779459698459306,40.03417419233377,true
recommended_3,R6,0,1924-07,0.5217099998743611,96.53072848280493,95.95344572023821,54.60675112195373,4.444279509918714,1.8005382943777235,1,50.848845128803205,40.049491054918995,true
recommended_3,R6,0,1924-08,0.36519699991205273,99.53072848280493,95.92115459800996,54.709074485371374,4.456058026776604,1.7976722860119103,1,50.85823055914711,40.045131180450674,true
recommended_3,R6,0,1924-09,0.2556378999384369,100,95.91336766606024,54.7853962297626,4.45889934597655,1.796057729900498,1,50.85823055914711,40.0432951108792,true
recommended_3,R6,0,1924-10,0.1789465299569058,100,95.91028016051264,54.84210822383566,4.460026015770296,1.795668383303012,1,50.85823055914711,40.04690857716983,true
recommended_3,R6,0,1924-11,0.12526257096983406,100,95.9080086438396,54.884107360786246,4.460854947595159,1.795514008025632,1,50.85823055914711,40.05596007437299,true
recommended_3,R6,0,1924-12,0.08768379967888384,100,95.90634138900307,54.915117275421274,4.461463383951031,1.7954004321919796,1,50.85823055914711,40.06903205631545,true
recommended_3,R6,0,1925-01,0.06137865977521869,100,95.90512027026885,54.93795157880452,4.46190901825507,1.7953170694501537,1,50.85823055914711,40.08571985955665,true
recommended_3,R6,0,1925-02,0.04296506184265308,100,95.90422765607426,54.9547247453699,4.4622347724663465,1.7952560135134426,1,50.85823055914711,40.10602030404878,true
recommended_3,R6,0,1925-03,0.030075543289857152,100,95.90357634282518,54.96701836990365,4.462472467553154,1.7952113828037128,1,50.85823055914711,40.12569105385585,true
recommended_3,R6,0,1925-04,0.021052880302900007,100,95.90310188438319,54.976010592633855,4.46264562111116,1.7951788171412588,1,50.85823055914711,40.14473039689086,true
recommended_3,R6,0,1925-05,0.014737016212030003,100,95.90275678559637,54.982575828434605,4.462771565499832,1.7951550942191594,1,50.85823055914711,40.16313708084066,true
recommended_3,R6,0,1925-06,0.010315911348421001,100,95.5188951045408,51.387360969417855,4.60286304240055,1.7951378392798183,1,50.85823055914711,40.181231958056166,true
recommended_3,R6,0,1925-07,0.0072211379438947,100,95.08505823083073,48.87084320125204,4.761829397311106,-0.2240552447729598,1,50.85823055914711,40.19951572062873,true
recommended_3,R6,0,1925-08,0.0050547965607262895,100,94.61729931324018,47.10937360673812,4.934007470504533,-0.24574708845846382,1,50.85823055914711,40.21833883455099,true
recommended_3,R6,0,1925-09,0.0035383575925084024,100,94.12684165210419,47.37640988081986,5.1154332590691585,0.730864965662009,1,50.85823055914711,40.237946613087864,true
recommended_3,R6,0,1925-10,0.0024768503147558816,100,93.64269661650047,47.56338076584612,5.295457107194855,0.7063420826052096,1,50.85823055914711,40.25830186709884,true
recommended_3,R6,0,1925-11,0.001733795220329117,100,93.16366806821503,47.69429223058284,5.474499358174162,0.6821348308250237,1,50.85823055914711,40.27937855784989,true
recommended_3,R6,0,1925-12,0.0012136566542303817,100,92.68891941589717,47.785952547551375,5.652854323963602,0.6581834034107517,1,50.85823055914711,40.30115845379224,true
recommended_3,R6,0,1926-01,0.0008495596579612671,100,92.40324223761802,49.650130373586336,5.760728073088957,0.6344459707948586,1,50.85823055914711,40.32346790640397,true
recommended_3,R6,0,1926-02,0.000594691760572887,100,92.14428395828841,50.955065774720694,5.858814888627629,0.6201621118809009,1,50.85823055914711,40.346047298629884,true
recommended_3,R6,0,1926-03,0.00041628423240102085,100,91.90408775519482,51.86852820155167,5.9500507933103455,0.6072141979144206,1,50.85823055914711,40.36871489701018,true
recommended_3,R6,0,1926-04,0.00029139896268071455,100,91.6771103208393,52.507957252559194,6.036491020252199,0.595204387759741,1,50.85823055914711,40.391343487058165,true
recommended_3,R6,0,1926-05,0.00020397927387650017,100,91.45948660851542,52.955561334822555,6.119574244676263,0.5838555160419652,1,50.85823055914711,40.413844017887754,true
recommended_3,R6,0,1926-06,0.0001427854917135501,100,91.24852013869044,53.26888681499757,6.200307547668445,0.5729743304257711,1,50.85823055914711,40.43615415335693,true
recommended_3,R6,0,1926-07,0.00009994984419948506,100,91.49857147165791,55.28821648693355,6.104395891889708,0.5624260069345219,1,50.87441224928624,40.45782804946771,true
recommended_3,R6,0,1926-08,0.00006996489093963954,100,91.77702289559724,56.70174854235815,5.997882755333307,0.5749285735828955,1,50.89313703096705,40.47858448174917,true
recommended_3,R6,0,1926-09,0.000048975423657747675,100,92.07578117652422,57.69122188070398,5.883948575485927,0.5888511447798621,1,50.91396690134354,40.498226592892685,true
recommended_3,R6,0,1926-10,0.00003428279656042337,100,92.38917797360156,58.38385384723007,5.764819660612231,0.6037890588262109,1,50.93657754328657,40.516616582656965,true
recommended_3,R6,0,1926-11,0.00002399795759229636,100,92.71324022882163,58.86869666457714,5.642054427914273,0.6194588986800782,1,50.96072936519285,40.533657990785386,true
recommended_3,R6,0,1926-12,0.00001679857031460745,100,93.04518185999339,59.208086945265265,5.516743770425243,0.6356620114410816,1,50.9862456166142,40.54928329503694,true
recommended_3,R6,0,1927-01,0.000011758999220225215,100,93.38304873783909,59.44566035772857,5.3896513139626,0.6522590929996697,1,51.0129959719352,40.56344522979997,true
recommended_3,R6,0,1927-02,0.000008231299454157649,100,93.72547028173126,59.611961897640015,5.261311597084525,0.6691524368919546,1,51.040884287946675,40.57611070911619,true
recommended_3,R6,0,1927-03,0.000005761909617910354,100,94.07148543724311,59.72837308140902,5.132098797121915,0.686273514086563,1,51.069839517844045,40.58693186776489,true
recommended_3,R6,0,1927-04,0.000004033336732537247,100,94.42042065547528,59.80986098412902,5.002274838444518,0.7035742718621556,1,51.09980899484346,40.59559847409796,true
recommended_3,R6,0,1927-05,0.000002823335712776073,100,94.77180428205409,59.86690256789021,4.872023068277841,0.7210210327737641,1,51.130753484339046,40.60209399697017,true
recommended_3,R6,0,1927-06,0.000001976334998943251,100,95.12530646554383,59.90683171282306,4.741471829796417,0.7385902141027045,1,51.162643549649054,40.606406864569315,true
recommended_3,R6,0,1927-07,0.0000013834344992602755,100,95.1953210461124,59.93478213968609,4.715710963304096,0.7562653232771914,1,51.169115146092544,40.608770301619494,true
recommended_3,R6,0,1927-08,9.684041494821928e-7,100,95.2657862716244,59.954347456277226,4.689803357070744,0.7597660523056198,1,51.175810354779884,40.609178637922426,true
recommended_3,R6,0,1927-09,6.778829046375349e-7,100,95.33658324250716,59.96804319034193,4.663793032925288,0.7632893135812204,1,51.18271942711126,40.607627904335715,true
recommended_3,R6,0,1927-10,4.745180332462744e-7,100,95.40762868198243,59.97763021290285,4.637710806175993,0.766829162125358,1,51.18983526891637,40.60411532245715,true
recommended_3,R6,0,1927-11,3.3216262327239205e-7,100,95.47886426624277,59.98434113479645,4.611578247558253,0.7703814340991215,1,51.19715271137508,40.59863894740337,true
recommended_3,R6,0,1927-12,2.3251383629067442e-7,100,95.55024915084266,59.98903878439263,4.585410456600571,0.7739432133121382,1,51.20466798044634,40.591197417754884,true
recommended_3,R6,0,1928-01,1.6275968540347208e-7,100,95.62175473567345,59.99232714209943,4.55921800298251,0.777512457542133,1,51.21237831133756,40.58178978051709,true
recommended_3,R6,1,1922-01,5.199999999999999,98.85931558935361,100,54.879999999999995,3,2,1,35.02281368821293,35.01320677946768,false
recommended_3,R6,1,1922-02,6.039999999999999,98.0761976612599,99.98907452471482,54.75999999999999,3.00382391634981,2,1,35.06320169316264,35.031106720259025,false
recommended_3,R6,1,1922-03,6.627999999999998,97.53535656675545,99.9700861807984,54.65079999999999,3.0104705628982824,1.9994537262357412,1,35.11581788510177,35.052020893425684,false
recommended_3,R6,1,1922-04,7.039599999999998,97.16030328962366,99.94513849837014,54.556719999999984,3.019204864511367,1.9985043090399202,1,35.17697897011584,35.07479756943025,false
recommended_3,R6,1,1922-05,7.327719999999998,96.89947760000865,99.91578783574015,54.478515999999985,3.029483235300421,1.997256924918507,1,35.24412860351019,35.09864088215306,false
recommended_3,R6,1,1922-06,7.529403999999998,96.71773127283399,99.88318887197079,54.415129599999986,3.0409024890203966,1.9957893917870073,1,35.3154836049135,35.12299808461528,false
recommended_3,R6,1,1922-07,9.770582799999998,94.7430516876148,99.84819858650013,54.364708599999986,3.0531634110564614,1.9941594435985395,1,35.426753032179235,35.159247748250294,false
recommended_3,R6,1,1922-08,11.339407959999999,93.408077073091,99.79669193569569,54.262178535999986,3.07121814618114,1.9924099293250066,1,35.56761885827976,35.20414813974113,false
recommended_3,R6,1,1922-09,12.437585572,92.49576062214805,99.73301894636569,54.14334273639999,3.093549093062485,1.9898345967847846,1,35.72886911927747,35.25478452384373,false
recommended_3,R6,1,1922-10,13.206309900399999,91.86767070801992,99.66032975825657,54.02721234831999,3.1190584139543707,1.9866509473182845,1,35.904270365563015,35.30919401257598,false
recommended_3,R6,1,1922-11,13.744416930279998,91.43305913972652,99.58094985801857,53.92285934681199,3.146936071143235,1.9830164879128283,1,36.089548011362915,35.366037233245976,false
recommended_3,R6,1,1922-12,14.121091851195999,91.13126970043977,99.49661212595282,53.833669034859994,3.176578493981238,1.9790474929009285,1,36.28174382877312,35.42439193928747,false
recommended_3,R6,1,1923-01,18.8847642958372,87.47967043211912,99.40861253951228,53.75993556886611,3.2075341763869916,1.974830606297641,1,36.547628261333614,35.505493599091885,false
recommended_3,R6,1,1923-02,22.219335007086038,85.0929192127991,99.29055128955805,53.56541196933116,3.249101437440511,1.9704306269756138,1,36.86655350760439,35.602845058837254,false
recommended_3,R6,1,1923-03,24.553534504960226,83.49823263815794,99.15077455253395,53.329208328319226,3.2983728508056847,0.9645275644779026,1,37.22122456152382,35.710972390396215,false
recommended_3,R6,1,1923-04,26.187474153472156,82.41705501887833,98.9950324680465,53.09383979467465,3.3533494556951666,0.9575387276266973,1,37.60037176359099,35.82632954648738,false
recommended_3,R6,1,1923-05,27.331231907430507,81.67674060956841,98.82747747259099,49.88006363166809,3.412589042720265,1.9497516234023253,1,37.99645674491217,36.05387883493891,false
recommended_3,R6,1,1923-06,28.131862335201355,81.16638446097755,98.60671159280503,47.59610758494475,3.490773834947216,1.9413738736295492,1,38.4122214518061,36.180561804615515,false
recommended_3,R6,1,1923-07,37.69230363464095,75.53072848280493,98.3486308985432,45.97331943940528,3.582378393635519,1.9303355796402513,1,38.94740916149415,36.34568548850693,false
recommended_3,R6,1,1923-08,26.384612544248665,75.53072848280493,98.02294509911519,47.550554498544464,3.6982824268267875,3.9174315449271604,1,39.49474660843369,36.51564677648656,false
recommended_3,R6,1,1923-09,18.469228780974063,75.53072848280493,97.72152860632036,48.99384977265366,3.8059059759575753,3.9011472549557595,1,40.037943813342984,36.68479046280519,false
recommended_3,R6,1,1923-10,12.928460146681843,75.53072848280493,97.44219510980857,50.241617977428334,3.90595222489929,4.8860764303160185,1,48.57735236815774,39.37702168779779,true
recommended_3,R6,1,1923-11,9.04992210267729,75.53072848280493,97.18189786904112,51.28127877979937,3.9994476907659373,1.8721097554904282,1,49.11348553143497,39.54412572408183,true
recommended_3,R6,1,1923-12,6.334945471874102,75.53072848280493,96.93745139152627,52.12539748277924,4.087484937420137,1.8590948934520561,1,49.64688958510597,39.71015011404703,true
recommended_3,R6,1,1924-01,4.434461830311871,78.53072848280493,96.70589378979608,52.79772987378925,4.171090560883692,1.8468725695763133,1,50.118077827181644,39.856220972985774,true
recommended_3,R6,1,1924-02,3.104123281218309,81.53072848280493,96.50785150737093,53.325377056743115,4.242766439294445,1.835294689489804,1,50.52330119673093,39.9809990688701,true
recommended_3,R6,1,1924-03,2.172886296852816,84.53072848280493,96.34101499097767,53.73464024128363,4.30327216999469,1.8253925753685465,1,50.86293949242495,40.08452234156359,true
recommended_3,R6,1,1924-04,1.5210204077969713,87.53072848280493,96.20350305892414,54.04906157999295,4.353229268976097,1.8170507495488835,1,51.13730347225955,40.16682296822838,true
recommended_3,R6,1,1924-05,1.06471428545788,90.53072848280493,96.09381350980068,54.28871249376115,4.393135655929281,1.8101751529462071,1,51.346642096080046,40.22792553198795,true
recommended_3,R6,1,1924-06,0.7452999998205159,93.53072848280493,96.01076588755447,54.47015731706907,4.423383875585181,1.804690675490034,1,51.4911516362519,40.267846378575676,true
recommended_3,R6,1,1924-07,0.5217099998743611,96.53072848280493,95.95344572023821,54.60675112195373,4.444279509918714,1.8005382943777235,1,51.57098488376256,40.286593607797315,true
recommended_3,R6,1,1924-08,0.36519699991205273,99.53072848280493,95.92115459800996,54.709074485371374,4.456058026776604,1.7976722860119103,1,51.58625957253541,40.284167373179834,true
recommended_3,R6,1,1924-09,0.2556378999384369,100,95.91336766606024,54.7853962297626,4.45889934597655,1.796057729900498,1,51.587680232135384,40.282797753510344,true
recommended_3,R6,1,1924-10,0.1789465299569058,100,95.91028016051264,54.84210822383566,4.460026015770296,1.795668383303012,1,51.58824356703226,40.28659618142545,true
recommended_3,R6,1,1924-11,0.12526257096983406,100,95.9080086438396,54.884107360786246,4.460854947595159,1.795514008025632,1,51.58865803294469,40.295783761603204,true
recommended_3,R6,1,1924-12,0.08768379967888384,100,95.90634138900307,54.915117275421274,4.461463383951031,1.7954004321919796,1,51.58896225112263,40.30895562851408,true
recommended_3,R6,1,1925-01,0.06137865977521869,100,95.90512027026885,54.93795157880452,4.46190901825507,1.7953170694501537,1,51.58918506827465,40.325716590053524,true
recommended_3,R6,1,1925-02,0.04296506184265308,100,95.90422765607426,54.9547247453699,4.4622347724663465,1.7952560135134426,1,51.58934794538029,40.34607051252868,true
recommended_3,R6,1,1925-03,0.030075543289857152,100,95.90357634282518,54.96701836990365,4.462472467553154,1.7952113828037128,1,51.589466792923695,40.36578028394583,true
recommended_3,R6,1,1925-04,0.021052880302900007,100,95.90310188438319,54.976010592633855,4.46264562111116,1.7951788171412588,1,51.5895533697027,40.384848053023276,true
recommended_3,R6,1,1925-05,0.014737016212030003,100,95.90275678559637,54.982575828434605,4.462771565499832,1.7951550942191594,1,51.589616341897035,40.40327541284355,true
recommended_3,R6,1,1925-06,0.010315911348421001,100,95.5188951045408,51.387360969417855,4.60286304240055,1.7951378392798183,1,51.659662080347395,40.444368640850264,true
recommended_3,R6,1,1925-07,0.0072211379438947,100,95.08505823083073,48.87084320125204,4.761829397311106,-0.2240552447729598,1,51.739145257802676,40.48874938002066,true
recommended_3,R6,1,1925-08,0.0050547965607262895,100,94.61729931324018,47.10937360673812,4.934007470504533,-0.24574708845846382,1,51.82523429439939,40.535838394292156,true
recommended_3,R6,1,1925-09,0.0035383575925084024,100,94.12684165210419,47.37640988081986,5.1154332590691585,0.730864965662009,1,51.9159471886817,40.585230239785055,true
recommended_3,R6,1,1925-10,0.0024768503147558816,100,93.64269661650047,47.56338076584612,5.295457107194855,0.7063420826052096,1,52.00595911274455,40.63513940886333,true
recommended_3,R6,1,1925-11,0.001733795220329117,100,93.16366806821503,47.69429223058284,5.474499358174162,0.6821348308250237,1,52.0954802382342,40.68560886915015,true
recommended_3,R6,1,1925-12,0.0012136566542303817,100,92.68891941589717,47.785952547551375,5.652854323963602,0.6581834034107517,1,52.18465772112892,40.7366687053096,true
recommended_3,R6,1,1926-01,0.0008495596579612671,100,92.40324223761802,49.650130373586336,5.760728073088957,0.6344459707948586,1,52.2385945956916,40.77668743173608,true
recommended_3,R6,1,1926-02,0.000594691760572887,100,92.14428395828841,50.955065774720694,5.858814888627629,0.6201621118809009,1,52.28763800346094,40.815369409512925,true
recommended_3,R6,1,1926-03,0.00041628423240102085,100,91.90408775519482,51.86852820155167,5.9500507933103455,0.6072141979144206,1,52.3332559558023,40.8530149022453,true
recommended_3,R6,1,1926-04,0.00029139896268071455,100,91.6771103208393,52.507957252559194,6.036491020252199,0.595204387759741,1,52.376476069273224,40.889834096216234,true
recommended_3,R6,1,1926-05,0.00020397927387650017,100,91.45948660851542,52.955561334822555,6.119574244676263,0.5838555160419652,1,52.41801768148525,40.92597412305544,true
recommended_3,R6,1,1926-06,0.0001427854917135501,100,91.24852013869044,53.26888681499757,6.200307547668445,0.5729743304257711,1,52.458384332981346,40.961537975765836,true
recommended_3,R6,1,1926-07,0.00009994984419948506,100,91.49857147165791,55.28821648693355,6.104395891889708,0.5624260069345219,1,52.474566023120474,40.98321187187662,true
recommended_3,R6,1,1926-08,0.00006996489093963954,100,91.77702289559724,56.70174854235815,5.997882755333307,0.5749285735828955,1,52.49329080480129,41.00396830415808,true
recommended_3,R6,1,1926-09,0.000048975423657747675,100,92.07578117652422,57.69122188070398,5.883948575485927,0.5888511447798621,1,52.51412067517778,41.02361041530159,true
recommended_3,R6,1,1926-10,0.00003428279656042337,100,92.38917797360156,58.38385384723007,5.764819660612231,0.6037890588262109,1,52.536731317120804,41.04200040506587,true
recommended_3,R6,1,1926-11,0.00002399795759229636,100,92.71324022882163,58.86869666457714,5.642054427914273,0.6194588986800782,1,52.560883139027084,41.05904181319429,true
recommended_3,R6,1,1926-12,0.00001679857031460745,100,93.04518185999339,59.208086945265265,5.516743770425243,0.6356620114410816,1,52.586399390448435,41.07466711744585,true
recommended_3,R6,1,1927-01,0.000011758999220225215,100,93.38304873783909,59.44566035772857,5.3896513139626,0.6522590929996697,1,52.613149745769434,41.08882905220888,true
recommended_3,R6,1,1927-02,0.000008231299454157649,100,93.72547028173126,59.611961897640015,5.261311597084525,0.6691524368919546,1,52.64103806178091,41.1014945315251,true
recommended_3,R6,1,1927-03,0.000005761909617910354,100,94.07148543724311,59.72837308140902,5.132098797121915,0.686273514086563,1,52.66999329167828,41.11231569017379,true
recommended_3,R6,1,1927-04,0.000004033336732537247,100,94.42042065547528,59.80986098412902,5.002274838444518,0.7035742718621556,1,52.69996276867769,41.12098229650687,true
recommended_3,R6,1,1927-05,0.000002823335712776073,100,94.77180428205409,59.86690256789021,4.872023068277841,0.7210210327737641,1,52.73090725817328,41.12747781937907,true
recommended_3,R6,1,1927-06,0.000001976334998943251,100,95.12530646554383,59.90683171282306,4.741471829796417,0.7385902141027045,1,52.762797323483284,41.13179068697821,true
recommended_3,R6,1,1927-07,0.0000013834344992602755,100,95.1953210461124,59.93478213968609,4.715710963304096,0.7562653232771914,1,52.76926891992677,41.1341541240284,true
recommended_3,R6,1,1927-08,9.684041494821928e-7,100,95.2657862716244,59.954347456277226,4.689803357070744,0.7597660523056198,1,52.77596412861411,41.13456246033134,true
recommended_3,R6,1,1927-09,6.778829046375349e-7,100,95.33658324250716,59.96804319034193,4.663793032925288,0.7632893135812204,1,52.7828732009455,41.13301172674462,true
recommended_3,R6,1,1927-10,4.745180332462744e-7,100,95.40762868198243,59.97763021290285,4.637710806175993,0.766829162125358,1,52.789989042750605,41.129499144866045,true
recommended_3,R6,1,1927-11,3.3216262327239205e-7,100,95.47886426624277,59.98434113479645,4.611578247558253,0.7703814340991215,1,52.79730648520932,41.12402276981228,true
recommended_3,R6,1,1927-12,2.3251383629067442e-7,100,95.55024915084266,59.98903878439263,4.585410456600571,0.7739432133121382,1,52.804821754280574,41.11658124016379,true
recommended_3,R6,1,1928-01,1.6275968540347208e-7,100,95.62175473567345,59.99232714209943,4.55921800298251,0.777512457542133,1,52.812532085171796,41.107173602926,true
