run,exposureMode,date,time,inflation,wage,credit,output,marketUnemployment,unemployment,agrarian,privateGrowth,creditTarget,currency,monetary,creditShock,outputShock,cycle,inflationBurden,policyBudget,projectCharges,budget,coverage,businessPressure,grievance_national,grievance_employedWorkers,grievance_workers,grievance_workerRadicalization,grievance_unemployed,uncontrolledPressure,pressure,chjenoShadowPressure,democracy,majorCrisis,currencyCrisis,fiscalCrisis,cabinetInitiatives,ppsActions,worksUnits,creditSupport,wageDemand,rejectedDemand,industryFund,railFund
R0,0,1922-01,1,5.199999999999999,98.85931558935361,54.879999999999995,100,3,3,44.85,0,54.6,marka,8,0,0,0,0,0,0,2,1,10,35.01320677946768,35.02281368821293,35.04312927756654,0,35.7,0,10,10,60.15,false,false,false,0,0,0,0,false,false,0.53,0.28
R0,0,1922-02,2,6.039999999999999,98.0761976612599,54.75999999999999,99.98907452471482,3.00382391634981,3.00382391634981,44.7036,-0.010925475285171161,54.48,marka,8,0,0,0,0,0,0,2,1,10,35.030478960658264,35.06128973498773,35.1014763390607,0,36.39913793089023,0,10,10,60.3,false,false,false,0,0,0,0,false,false,0.56,0.31
R0,0,1922-03,3,6.627999999999998,97.53535656675545,54.65079999999999,99.9700861807984,3.0104705628982824,3.0104705628982824,44.5608,-0.018990418709920957,54.396,marka,8,0,0,-0.0005462737642588422,0,0,0,1.9994537262357412,1,10,35.05030197601655,35.110582603652624,35.17035855436512,0,37.09618417203164,0,10,10,60.449999999999996,false,false,false,0,0,0,0,false,false,0.59,0.33999999999999997
R0,0,1922-04,4,7.039599999999998,97.16030328962366,54.556719999999984,99.94513849837014,3.019204864511367,3.019204864511367,44.421276,-0.024955147465956527,54.3372,marka,8,0,0,-0.0014956909600797985,0,0,0,1.9985043090399202,1,10,35.071644770839626,35.16737653786015,35.246572197399885,0,37.79043999640927,0,10,10,60.599999999999994,false,false,false,0,0,0,0,false,false,0.62,0.37
R0,0,1922-05,5,7.327719999999998,96.89947760000865,54.478515999999985,99.91578783574015,3.029483235300421,3.029483235300421,44.2845744,-0.02936677368301099,54.29604,marka,8,0,0,-0.0027430750814929185,0,0,0,1.997256924918507,1,10,35.093800717691245,35.229386985859975,35.32791043192052,0,38.48154051859866,0,10,10,60.74999999999999,false,false,false,0,0,0,0,false,false,0.65,0.4
R0,0,1922-06,6,7.529403999999998,96.71773127283399,54.415129599999986,99.88318887197079,3.0409024890203966,3.0409024890203966,44.15021892,-0.03262643919993101,54.267228,marka,8,0,0,-0.004210608212992639,0,0,0,1.9957893917870073,1,10,35.11628325933444,35.2950323604033,35.41284591205857,0,39.16932797102084,0,10,10,60.89999999999999,false,false,false,0,0,0,0,false,false,0.6799999999999999,0.43
R0,0,1922-07,7,9.770582799999998,94.7430516876148,54.364708599999986,99.84819858650013,3.0531634110564614,3.0531634110564614,44.017765032,-0.03503120581732831,54.2470596,marka,15,0,0,-0.005840556401460617,0,0,0,1.9941594435985395,1,10,35.15052008826852,35.400171326651,35.53614695773544,0,39.85376953865708,0,10,10,61.04999999999999,false,false,false,0,0,0,0,false,false,0.71,0.45999999999999996
R0,0,1922-08,8,11.339407959999999,93.408077073091,54.262178535999986,99.79669193569569,3.07121814618114,3.07121814618114,43.886823774,-0.05158495749908185,54.02294172,marka,15,0,0,-0.007590070674993399,0,0,0,1.9924099293250066,1,10,35.192456494076396,35.53200978518918,35.68543489663461,0,40.5275882215893,0,10,10,61.19999999999999,false,false,false,0,0,0,0,false,false,0.74,0.49
R0,0,1922-09,9,12.437585572,92.49576062214805,54.14334273639999,99.73301894636569,3.093549093062485,3.093549093062485,43.75895841792,-0.06380270537527226,53.866059204,marka,15,0,0,-0.010165403215215463,0,0,0,1.9898345967847846,1,10,35.23942688106597,35.68209457274622,35.8525315812588,0,41.19152737582641,0,10,10,61.34999999999999,false,false,false,0,0,0,0,false,false,0.77,0.52
R0,0,1922-10,10,13.206309900399999,91.86767070801992,54.02721234831999,99.66032975825657,3.1190584139543707,3.1190584139543707,43.634658135828,-0.07288377397681575,53.7562414428,marka,15,0,0,-0.013349052681715535,0,0,0,1.9866509473182845,1,10,35.28964858961847,35.844741158585826,36.03193853397544,0,41.846468300088276,0,10,10,61.499999999999986,false,false,false,0,0,0,0,false,false,0.8,0.55
R0,0,1922-11,11,13.744416930279998,91.43305913972652,53.92285934681199,99.58094985801857,3.146936071143235,3.146936071143235,43.513841765378395,-0.0796504491110408,53.67936900996,marka,15,0,0,-0.016983512087171703,0,0,0,1.9830164879128283,1,10,35.3419152282333,36.01607997579129,36.2199139806364,0,42.49330100084564,0,10,10,61.649999999999984,false,false,false,0,0,0,0,false,false,0.83,0.58
R0,0,1922-12,12,14.121091851195999,91.13126970043977,53.833669034859994,99.49661212595282,3.176578493981238,3.176578493981238,43.39615598497404,-0.08469263668000795,53.625558306972,marka,15,0,0,-0.020952507099071482,0,0,0,1.9790474929009285,1,10,35.39540363652554,36.1934545817825,36.413890192497774,0,43.13285844455319,0,10,10,61.79999999999998,false,false,false,0,0,0,0,false,false,0.86,0.61
R0,0,1923-01,13,18.8847642958372,87.47967043211912,53.75993556886611,99.40861253951228,3.2075341763869916,3.2075341763869916,43.281145913928235,-0.0884448068735819,53.5878908148804,marka,30,0,0,-0.025169393702358888,0,0,0,1.974830606297641,1,10,35.47142340513502,36.443861173140114,36.67871764609237,0,43.765886755321446,0,10,10,61.94999999999998,false,false,false,0,0,0,0,false,false,0.89,0.64
R0,0,1923-02,14,22.219335007086038,85.0929192127991,53.56541196933116,99.29055128955805,3.249101437440511,3.249101437440511,43.168347846862254,-0.11876360301005535,53.11152357041628,marka,30,0,0,-0.02956937302438618,0,0,0,1.9704306269756138,1,10,35.561950906190766,36.74200278888413,36.98991604837573,0,44.372212687375196,0,10,10,62.09999999999998,false,false,false,0,0,0,0,false,false,0.9199999999999999,0.6699999999999999
R0,0,1923-03,15,24.553534504960226,83.49823263815794,53.329208328319226,99.15077455253395,3.2983728508056847,3.2983728508056847,43.06138548778232,-0.1407754667576398,52.7780664992914,marka,30,0,0,-0.035472435522097355,1,0,0,0.9645275644779026,1,10,35.66198951405561,37.07203813612097,37.332154209276894,0,44.9582318722955,0,10,10,62.24999999999998,false,false,false,0,0,0,0,false,false,0.95,0.7
R0,0,1923-04,16,26.187474153472156,82.41705501887833,53.09383979467465,98.9950324680465,3.3533494556951666,3.3533494556951666,42.96150923793274,-0.15707601396994808,52.54464654950398,marka,30,0,0,-0.0424612723733027,1,0,0,0.9575387276266973,1,10,35.768321344177416,37.42369703574341,37.695494203292796,0,45.52894139337472,0,10,10,62.39999999999998,true,true,false,0,0,0,0,false,false,0.98,0.73
R0,0,1923-05,17,27.331231907430507,81.67674060956841,52.88006363166809,98.82747747259099,3.412589042720265,3.412589042720265,42.8686940440925,-0.1692559629288536,52.381252584652785,marka,30,0,0,-0.05024837659767485,1,0,0,0.9497516234023251,1,10,35.87882612158424,37.79016222355204,38.073341563555935,0,46.088241378672436,0,10,10,62.549999999999976,true,true,false,0,0,0,0,false,false,1.01,0.76
R0,0,1923-06,18,28.131862335201355,81.16638446097755,52.69610758494474,98.65118395766771,3.475023834947216,3.475023834947216,42.782292135142455,-0.1783851206484314,52.26687680925695,marka,30,0,0,-0.05862612637045075,1,0,0,0.9413738736295492,1,10,35.99208463445379,38.16683453433249,38.461249588601746,0,46.6391520853207,0,10,10,62.699999999999974,true,true,false,0,0,0,0,false,false,1.04,0.79
R0,0,1923-07,19,37.69230363464095,75.53072848280493,52.54331943940527,98.46845502280902,3.5398533936355188,3.5398533936355188,42.701408907594114,-0.18522731053800845,52.186813766479865,marka,60,0,0,-0.0674408021166144,1,0,0,0.9325591978833856,1,10,36.14059501649786,38.65621996467639,38.95809046593711,0,47.183988425468215,0,10,10,62.84999999999997,true,true,false,0,0,0,0,false,false,1.0699999999999998,0.82
R0,0,1923-08,20,44.38461254424867,72.0298362598215,52.14955449854446,98.23941308296952,3.6212649268267874,3.6212649268267874,42.62510932441196,-0.23260438054648144,51.2307696365359,marka,60,0,0,-0.07657724885954878,1,0,0,0.9234227511404511,1,10,36.310833123428075,39.21562323947996,39.52258512063848,0,47.692271244007664,0,10,10,62.99999999999997,true,true,false,0,0,0,0,false,false,1.1,0.85
R0,0,1923-09,21,49.069228780974065,69.76624273867156,51.67314977265366,97.97758737143275,3.714546224181929,3.714546224181929,42.56062268945563,-0.26651799244326113,50.561538745575135,marka,60,0,0,-0.088029345851524,2,0,0,-0.088029345851524,1,10,36.495016280584665,39.820298384706525,40.130801151658744,0,48.17940197940204,0,10,10,63.14999999999997,true,true,false,0,0,0,0,false,false,1.13,0.88
R0,0,1923-10,22,70.34846014668184,61.051329674743634,51.19912797742833,97.69171541011845,3.816666708207217,3.816666708207217,42.51042819627602,-0.29177281150082257,50.093077121902596,marka,120,0,0,-0.10112063142836263,2,0,0,-0.10112063142836258,1,10,39.26037144703369,48.599271791211656,48.60142706979288,0,48.655741971764435,0,10,10,63.29999999999997,true,true,false,0,0,0,0,true,true,1.16,0.9099999999999999
R0,0,1923-11,23,85.24392210267729,56.14219285551228,50.22893577979937,97.33162136056615,3.945677563236436,3.945677563236436,42.47445435695317,-0.36860244294062594,47.96515398533182,marka,120,0,0,-0.1154142294940776,3,0,0,-1.1154142294940776,1,10,39.53001352364966,49.47642793410141,49.471593202500735,0,49.35389558007124,0,10,10,63.44999999999997,true,true,false,0,0,0,0,true,false,1.19,0.94
R0,0,1923-12,24,95.6707454718741,53.15051043997227,49.10293738277924,96.92046492984566,4.093527510397055,4.093527510397055,42.467586283559186,-0.4224284204589112,46.47560778973227,marka,120,0,0,-0.1334189319716927,3,0,0,-1.1334189319716927,1,10,39.81836711263556,50.41341772530196,50.39888175140166,0,50.058321201255616,0,10,10,63.599999999999966,true,true,false,0,0,0,0,true,false,1.22,0.97
R0,0,1924-01,25,102.96952183031186,51.239220086918706,48.00193380378924,96.47147907746773,4.255665659905542,4.255665659905542,42.49449816207581,-0.4632518557385332,45.43292545281259,marka,120,0,0,-0.15397675350771678,3,0,0,-1.1539767535077168,1,10,40.11878238508549,51.38863332356359,51.362385093957364,0,50.771850152518915,0,10,10,63.749999999999964,true,true,false,0,0,0,0,true,false,1.25,1
R0,0,1924-02,26,108.07866528121829,49.98109722563053,47.01226800774311,95.9938900432383,4.428935691192276,4.428935691192276,42.55444014796213,-0.49505723224781173,44.70304781696881,marka,120,0,0,-0.1764260461266133,3,0,0,-1.1764260461266134,1,10,40.42731808676343,52.38901137905098,52.34945959853677,0,51.495980112129,0,10,10,63.89999999999996,true,true,false,0,0,0,0,true,false,1.28,1.03
R0,0,1924-03,27,111.6550656968528,49.136551330624,46.16622764698363,95.49489846308141,4.610871284151624,4.610871284151624,42.64407210772984,-0.5198159798838533,44.19213347187817,marka,120,0,0,-0.20030549783808524,3,0,0,-1.2003054978380852,1,10,40.741534554621616,53.4062803524385,53.35209970793684,0,52.23121730767534,0,10,10,64.04999999999997,true,true,false,0,0,0,0,true,false,1.31,1.06
R0,0,1924-04,28,114.15854598779696,48.56215264270896,45.46670738198296,94.9863818401445,4.79724858900496,4.79724858900496,42.759085278320335,-0.5325065852952455,43.83449343031472,marka,120,0,0,-0.22525507684592938,3,0,0,-1.2252550768459294,1,10,41.059879295075255,54.43503729958432,54.36508536707445,0,52.97686953504118,0,10,10,64.19999999999997,true,true,false,0,0,0,0,true,false,1.3399999999999999,1.0899999999999999
R0,0,1924-05,29,115.91098219145786,48.16799911909001,44.90193878775416,94.4706063668626,4.98729837524955,4.98729837524955,42.895084056860846,-0.5429993892702557,43.584145401220304,marka,120,0,0,-0.25068090799277487,3,0,0,-1.2506809079927748,1,10,41.3813430342958,55.47167731720252,55.38493614256354,0,53.732435585256965,0,10,10,64.34999999999998,true,true,false,0,0,0,0,true,false,1.37,1.12
R0,0,1924-06,30,117.1376875340205,47.89587711884681,44.454027685684174,93.94962844651756,5.180313196613841,5.180313196613841,43.04802589322822,-0.5514709181836877,43.408901780854215,marka,120,0,0,-0.27646968165687014,3,0,0,-1.2764696816568701,1,10,41.70526050971127,56.51375977482559,56.40929765749105,0,54.4972385072927,0,10,10,64.49999999999999,true,true,false,0,0,0,0,true,false,1.4,1.15
R0,0,1924-07,31,117.99638127381435,47.707213941946506,44.1036887539583,93.42521140565091,5.375679551263999,5.375679551263999,43.2144050626577,-0.5581895847147373,43.28623124659795,marka,120,0,0,-0.30251857767412177,3,0,0,-1.3025185776741217,1,10,42.031189016407616,57.559615495986655,57.43656128337279,0,55.27052420175336,0,10,10,64.64999999999999,true,true,false,0,0,0,0,true,false,1.43,1.18
R0,0,1924-08,32,118.59746689167004,47.57603163422708,43.83269068955638,92.89881203277282,5.572885185305718,5.572885185305718,43.391294400038944,-0.5634446686906255,43.200361872618565,marka,120,0,0,-0.32873942971745435,3,0,0,-1.3287394297174544,1,10,42.35883202449062,58.608094863302114,58.46562029565328,0,56.05152743168694,0,10,10,64.8,true,true,false,0,0,0,0,true,false,1.46,1.21
R0,0,1924-09,33,119.01822682416902,47.48463244727696,43.62495947593936,92.37160231936032,5.771513559185546,5.771513559185546,44.57631367935225,-0.5675096396566544,43.140253310832996,marka,120,0,0,-0.3550593983613588,3,0,0,-1.3550593983613588,1,10,42.694350037847194,59.65840221435658,59.495709610442816,0,56.83951246827197,0,10,10,64.95,true,true,false,0,0,0,0,true,false,1.49,1.24
R0,0,1924-10,34,119.31275877691832,47.4208616862949,43.46692482843248,91.8445063021346,5.971232521936865,5.971232521936865,45.767564895074074,-0.5706256078609095,43.098177317583094,marka,120,0,0,-0.38141988403198396,3,0,0,-1.381419884031984,1,10,43.03598121555762,60.70998498063068,60.526298552235644,0,57.63379547167704,0,10,10,65.10000000000001,true,true,false,0,0,0,0,true,false,1.52,1.27
R0,0,1924-11,35,119.51893114384282,47.376323972647526,43.34746461659519,91.31824083763436,6.171781166587595,6.171781166587595,46.9635571502211,-0.5729961275735128,43.06872412230817,marka,120,0,0,-0.4077746848932698,3,0,0,-1.4077746848932697,1,10,43.38272630847319,61.762458501177726,61.55701817842435,0.03330831306552572,58.43375456291142,0.019646809962787778,10,10,65.25000000000001,true,true,false,0,0,0,0,true,false,1.55,1.3
R0,0,1924-12,36,119.66325180068996,47.34519731792177,43.25765729730135,90.7933545194072,6.37295697735047,6.37295697735047,48.16313321172324,-0.5747880307510722,43.04810688561572,marka,120,0,0,-0.4340879581182818,3,0,0,-1.434087958118282,1,10,43.73451615767205,62.81555455481929,62.587611572478615,0.11581520202322639,59.23883211418789,0.06945696136360949,10,10,65.40000000000002,true,true,false,0,0,0,0,true,false,1.58,1.33
R0,0,1925-01,37,119.76427626048297,47.3234329844995,43.190462554090246,90.2702620987454,6.574604276539638,6.574604276539638,49.3654034928042,-0.5761351405404798,43.033674819931,marka,120,0,0,-0.4603322740296399,3,0,0,-1.4603322740296398,1,10,44.09130337944344,63.86908589512931,63.617899626169695,0.24733735125571826,60.04853246872882,0.15077553014069447,10,10,65.55000000000003,true,true,false,0,0,0,0,true,false,1.6099999999999999,1.3599999999999999
R0,0,1925-02,38,119.83499338233807,47.30820985316142,43.14039550004868,89.74927354427435,6.776604348130665,6.776604348130665,50.56968961618149,-0.5771430616886464,43.0235723739517,marka,120,0,0,-0.48648689506272974,3,0,0,-1.4864868950627297,1,10,44.45305549150664,64.92292169806608,64.64775737669942,0.4282323325642031,60.862417244348514,0.26527403924373477,10,10,65.70000000000003,true,true,false,0,0,0,0,true,false,1.64,1.39
R0,0,1925-03,39,119.88449536763665,47.29755948736488,43.10322704856394,89.23061781683829,6.9788672717554086,6.9788672717554086,50.775477751180034,-0.5778940674992697,43.016500661766194,marka,120,0,0,-0.5125363227862827,3,0,0,-1.5125363227862827,1,10,44.815510220672415,65.97697050831879,65.67709759040736,0.6606202013991738,61.680099594537936,0.41574557373819065,10,10,65.85000000000004,true,true,false,0,0,0,0,true,false,1.67,1.42
R0,0,1925-04,40,119.91914675734564,47.290107084105564,43.075724072965656,88.71446188549844,7.181325329750448,7.181325329750448,50.982380939723114,-0.5784515942715409,43.01155046323633,marka,120,0,0,-0.5384691091580855,3,0,0,-1.5384691091580855,1,10,45.17865229300153,67.03116836663668,66.70585934820842,0.9444750809195416,62.50123825637457,0.6036932491532199,10,10,66.00000000000004,true,true,false,0,0,0,0,true,false,1.7,1.45
R0,0,1925-05,41,119.94340273014194,47.284891799006175,43.05543244835559,88.20092567962028,7.383927778367378,7.383927778367378,51.19010921753414,-0.5788641389055151,43.00808532426544,marka,120,0,0,-0.5642769057250782,3,0,0,-1.564276905725078,1,10,45.54247123504713,68.08547053065655,67.73400009631987,1.2797680483299632,63.325531851863346,0.830615094357128,10,10,66.15000000000005,true,true,false,0,0,0,0,true,false,1.73,1.48
R0,0,1925-06,42,119.96038191109935,47.28124178381967,39.44050063194465,87.33728998694865,7.726636758013511,7.726636758013511,51.39844624408347,-0.9791685132746663,31.005659726985805,marka,120,12,-0.4,-0.5899537160189858,3,0,0,-1.5899537160189858,1,10,45.9067969719142,69.13984569498015,68.7609939789356,1.6664680531459575,64.23665523955145,1.097996537281333,10,10,66.30000000000005,true,true,false,0,0,0,0,true,false,1.76,1.51
R0,0,1925-07,43,119.97226733776954,47.27868710845582,36.90953898502828,86.43475299079911,8.0883241296958,8.0883241296958,51.71523122512513,-1.0333924905208303,31.003961808890068,marka,120,12,-0.4,-0.6331355006525676,3,0,0,-1.6331355006525676,1,10,46.27206046117451,70.19427195281104,69.78675309223236,2.1045177520927365,65.15591228714808,1.40730236727696,10,10,66.45000000000006,true,true,false,0,0,0,0,true,false,1.79,1.54
R0,0,1925-08,44,119.98058713643867,47.27689899995405,35.137509269386705,85.50872828747491,8.463299050024402,8.463299050024402,52.107945055574284,-1.0713569152245759,31.002773266223045,marka,120,12,-0.4,-0.6782623504600445,3,0,0,-1.6782623504600445,1,10,46.63856344709049,71.24873397281195,70.81121593146183,2.5938554067043547,66.07914184610044,1.7599877571331932,10,10,66.60000000000007,true,true,false,0,0,0,0,true,false,1.8199999999999998,1.5699999999999998
R0,0,1925-09,45,119.98641099550707,47.27564740447721,33.89683887447753,84.56989601272564,8.847577126360122,8.847577126360122,52.553819777492684,-1.0979373609591994,31.00194128635613,marka,120,12,-0.4,-0.7245635856262546,3,0,0,-1.7245635856262544,1,10,47.00651720412735,72.3032210247224,71.83433946805157,3.1344162032774467,67.00367347657071,2.1574989766950274,10,10,66.75000000000007,true,true,false,0,0,0,0,true,false,1.8499999999999999,1.5999999999999999
R0,0,1925-10,46,119.99048769685494,47.27477132707263,33.028194882269055,83.62563302333504,9.238368722269115,9.238368722269115,53.03691461125836,-1.1165474168828369,31.00135890044929,marka,120,12,-0.4,-0.7715051993637182,3,0,0,-1.7715051993637183,1,10,47.376069662685005,73.35772559818095,72.85609360187668,3.7261331766800248,67.9278492706095,2.601273918738835,10,10,66.90000000000008,true,true,false,0,0,0,0,true,false,1.88,1.63
R0,0,1925-11,47,119.99334138779845,47.2741580922086,32.42002178668269,82.68101704240303,9.633720699137202,9.633720699137202,53.54606876479029,-1.129577076765964,31.000951230314506,marka,120,12,-0.4,-0.8187183488332479,3,0,0,-1.818718348833248,1,10,47.74732440124587,74.41224243633678,73.87645727801319,4.36893785677386,68.85068242171454,3.092742484381679,10,10,67.05000000000008,true,true,false,0,0,0,0,true,false,1.91,1.66
R0,0,1925-12,48,119.9953389714589,47.27372883726979,31.994215009043927,81.73952857154295,10.032265584757118,10.032265584757118,54.07346811118981,-1.1386996731997598,31.000665861220156,marka,120,12,-0.4,-0.8659491478798487,3,0,0,-1.8659491478798487,1,10,48.12035394399057,75.46676785959139,74.8954157692414,5.062760720674519,69.77162267505709,3.6333268644570498,10,10,67.20000000000009,true,true,false,0,0,0,0,true,false,1.94,1.69
R0,0,1926-01,49,119.99673728002124,47.27342836345086,33.49609033718698,80.96701909717683,10.363045955959638,10.363045955959638,54.613641660918496,-0.945086774864341,37.000466102854105,marka,120,6,-0.2,-0.9130235714228526,3,0,0,-1.9130235714228525,1,10,48.495290554555304,76.52129929232237,75.91320694667016,5.807531509136588,70.65340728222746,4.224455554902197,10,10,67.3500000000001,true,true,false,0,0,0,0,true,false,1.97,1.72
R0,0,1926-02,50,119.99771609601486,47.27321803405027,34.547361117630246,80.22005086294382,10.685941481689406,10.685941481689406,55.10875895080289,-0.9225586449421954,37.00032627199788,marka,120,6,-0.2,-0.9516490451411584,3,0,0,-1.9516490451411586,1,10,48.8719518311214,77.57583493164137,76.92985711503978,6.6031918564700955,71.53071651405992,4.867552828723178,10,10,67.5000000000001,true,true,false,0,0,0,0,true,false,2,1.75
R0,0,1926-03,51,119.9984012672104,47.27307080458346,35.28322129946072,79.49262379805239,11.003317835821848,11.003317835821848,55.57233811727398,-0.9067895832355464,37.00022839039851,marka,120,6,-0.2,-0.9889974568528089,3,0,0,-1.9889974568528088,1,10,49.25021009907872,78.63037351554969,77.94538469171005,7.449684712222085,72.40508007169751,5.564038540805097,10,10,67.6500000000001,true,true,false,0,0,0,0,true,false,2.0300000000000002,1.78
R0,0,1926-04,52,119.99888088704728,47.272967744502346,35.79830287160619,78.78056728450136,11.31683092399968,11.31683092399968,56.01384147829016,-0.8957516805080892,37.00015987327896,marka,120,6,-0.2,-1.0253688100973803,3,0,0,-2.0253688100973806,0.5,10,49.6299759907966,79.68491416065963,78.95980257145604,8.346953946807588,73.27754098283972,6.315327878031074,10,10,67.80000000000011,true,true,false,0,0,0,0,true,false,2.06,1.81
R0,0,1926-05,53,119.99921662093308,47.27289560271296,36.158845583512914,78.08097579190434,11.627639833923748,11.627639833923748,56.43989239214198,-0.8880254569259072,37.00011191129527,marka,120,6,-0.2,-1.0609716357749321,3,0,0,-2.060971635774932,0.5,10,50.01118695211803,80.73945624860538,79.9731197823558,9.294944075380391,74.14881122351784,7.1228311847857615,10,30,67.94977626095776,true,true,false,0,0,0,0,true,false,2.09,1.8399999999999999
R0,0,1926-06,54,119.99945163465316,47.272845103591386,36.411215409831044,77.39181957887013,11.936555894610306,11.936555894610306,56.85512702463659,-0.8826173162473063,37.00007833790669,marka,120,6,-0.2,-1.0959512104047833,3,0,0,-2.0959512104047833,0.5,10,50.39379919734596,81.79399934653355,80.98534264522928,10.293600064498182,75.0193760092491,7.987953842184919,10,30,68.09190027701085,true,true,true,0,0,0,0,true,false,2.12,1.8699999999999999
R0,0,1926-07,55,119.9996161442572,47.27280975427048,38.38786723784214,77.09863477981233,12.069147013708694,12.069147013708694,57.26279056234166,-0.3788317688525343,43.00005483653469,marka,120,0,0.3,-1.1304090210564937,3,0,0,-2.1304090210564937,0.5,10,50.77798579299474,82.84854315144814,81.99709603710073,11.342867196759645,75.7938017237375,8.91216362153601,10,30,68.22634056115096,true,true,true,0,0,0,0,true,false,2.15,1.9
R0,0,1926-08,56,119.99973130098003,47.27278500977731,39.771518582161775,76.82942023152101,12.191360710710022,12.191360710710022,57.61115454520639,-0.349181991432368,43.00003838557428,marka,120,0,0.3,-1.1450682610093836,3,0,0,-2.1450682610093836,0.5,10,51.16350732741841,83.90308745125259,83.00841656243675,12.44272199861468,76.56452279021465,9.896904042599774,10,30,68.3530704146026,true,true,true,0,0,0,0,true,false,2.1799999999999997,1.93
R0,0,1926-09,57,119.99981191068602,47.272767688647484,40.740071068483836,76.57709150153865,12.306310238153673,12.306310238153673,57.91800898774154,-0.32842722126757345,43.000026869901994,marka,120,0,0.3,-1.1585289884239494,3,0,0,-2.1585289884239494,0.5,10,51.55019621315898,84.95763209747963,84.01932984456634,13.59314282673652,77.33307010647566,10.943618006854955,10,30,68.47206649033943,true,true,true,0,0,0,0,true,false,2.21,1.96
R0,0,1926-10,58,119.99986833748021,47.27275556386417,41.4180553906181,76.33671682764799,12.416174865044132,12.416174865044132,58.195806855687024,-0.31389893397274254,43.0000188089314,marka,120,0,0.3,-1.1711454249230677,3,0,0,-2.1711454249230675,0.5,10,51.937935139471556,86.01217698620236,85.02985381993017,14.794109318964836,78.1005361068703,12.05374745223033,10,30,68.58330778755,true,true,true,0,0,0,0,true,false,2.24,1.99
R0,0,1926-11,59,119.99990783623615,47.27274707651955,41.892642723308256,76.10485995187805,12.522480074243386,12.522480074243386,58.453265193968484,-0.3037291691407285,43.000013166251975,marka,120,0,0.3,-1.1831641586176005,3,0,0,-2.1831641586176005,0.5,10,52.326641989162646,87.06672204467196,86.0400010440987,16.045602009961343,78.86769921144706,13.22873311683184,10,30,68.68677494776675,true,true,true,0,0,0,0,true,false,2.27,2.02
R0,0,1926-12,60,119.9999354853653,47.27274113538012,42.22485267122869,75.8791250534439,12.626293699946018,12.626293699946018,58.69648591226924,-0.2966103591503762,43.000009216376384,marka,120,0,0.3,-1.1947570024060972,3,0,0,-2.194757002406097,0.5,10,52.71625928042395,88.12126722196436,87.04978030600718,17.347602062166274,79.63511173231527,14.470014378185354,10,30,68.78244976215828,true,true,true,0,0,0,0,true,false,2.3,2.05
R0,0,1927-01,61,119.9999548397557,47.27273697658343,42.45739880529912,75.65784087813006,12.728363223422068,12.728363223422068,58.929740332132376,-0.2916272099315697,43.00000645146347,marka,120,0,0.3,-1.206043747327805,3,0,0,-2.206043747327805,0.5,10,53.106746776147396,89.17581248243269,88.05919775793166,18.700091077466638,80.40316273241388,15.779029144555103,10,30,68.87031482663534,true,true,true,0,0,0,0,true,false,2.33,2.08
R0,0,1927-02,62,119.99996838782899,47.272734065426164,42.62018051851671,75.43984111844395,12.829211879694247,12.829211879694247,59.1560183679734,-0.2881390179205133,43.00000451602443,marka,120,0,0.3,-1.217107956093497,3,0,0,-2.217107956093497,0.5,10,53.498076310467205,90.23035780112417,89.06825770647868,20.103050965363217,81.17212331608279,17.15721378199894,10,30,68.950353300426,true,true,true,0,0,0,0,true,false,2.36,2.11
R0,0,1927-03,63,119.99997787148028,47.2727320276163,42.73412731132683,75.22431153511178,12.929205931972035,12.929205931972035,59.3774129524179,-0.2856972922222493,43.0000031612171,marka,120,0,0.3,-1.2280079440778024,3,0,0,-2.2280079440778024,0.5,10,53.89022816735392,91.28490316057184,90.07696316628112,21.55646385068715,81.94217940285313,18.606003065821834,10,30,69.02254873707894,true,true,true,0,0,0,0,true,false,2.3899999999999997,2.1399999999999997
R0,0,1927-04,64,119.9999845100362,47.2727306011495,42.81388978178437,75.01068344931925,13.02860176358757,13.02860176358757,59.59538913307809,-0.2839880903300976,43.00000221285197,marka,120,0,0.3,-1.238784423244411,3,0,0,-2.238784423244411,0.5,10,54.28318854564042,92.33944854854886,91.08531624758743,23.060312009001205,82.71345549328117,20.12683014859454,10,30,69.08688496616614,true,true,true,0,0,0,0,true,false,2.42,2.17
R0,0,1927-05,65,119.99998915702534,47.27272960262279,42.86972331194797,74.79855949746135,13.127578842233202,13.127578842233202,59.810972439624564,-0.28279165327323447,43.00000154899638,marka,120,0,0.3,-1.2494658275340378,3,0,0,-2.2494658275340376,0.5,10,54.67694778454705,93.3939939564964,92.09331842757516,24.614577821380582,83.48603191297927,21.72112653935181,10,30,69.1433460104752,true,true,true,0,0,0,0,true,false,2.45,2.2
R0,0,1927-06,66,119.99999240991774,47.272728903654105,42.90880664365282,74.5876618545781,13.226262794845475,13.226262794845475,60.02488074026613,-0.28195415032078047,43.000001084297466,marka,120,0,0.3,-1.2600720251269322,3,0,0,-2.260072025126932,0.5,10,55.07149912155423,94.44853937842332,93.10097074027092,26.21924374275934,84.25995731972137,23.390322090285103,10,30,69.19191602804412,true,true,true,0,0,0,0,true,false,2.48,2.23
R0,0,1927-07,67,119.99999468694242,47.27272841437605,42.93616487825943,74.15403313093756,13.429741559966297,13.429741559966297,60.237616540956544,-0.5813679003452078,43.00000075900822,marka,120,0,0,-1.2706169072710949,3,0,0,-2.270616907271095,0.5,10,55.4667155933789,95.5030848101358,94.10790163679175,27.87429227977288,85.11432813068446,25.13574555626191,10,30,69.23258171617654,true,true,true,0,0,0,0,true,false,2.51,2.26
R0,0,1927-08,68,119.99999628085969,47.27272807188142,42.955315574173326,73.72322969401826,13.633076694355434,13.633076694355434,60.449531594608764,-0.5809575268261085,43.00000053130576,marka,120,0,0,-1.292298343453122,3,0,0,-2.2922983434531217,0.5,10,55.862593886407275,96.55763024869817,95.11411162379858,29.57968736161247,85.96927475666705,26.958788239262457,10,30,69.2653298384484,true,true,true,0,0,0,0,true,false,2.54,2.29
R0,0,1927-09,69,119.99999739660178,47.27272783213517,42.96872101349554,73.29514081976461,13.836311287591025,13.836311287591025,60.66087212738356,-0.5806702663874002,43.00000037191403,marka,120,0,0,-1.313838515299087,3,0,0,-2.313838515299087,0.5,10,56.25913168111939,97.61217569205546,96.11960105595699,31.335392942802404,86.8248017664841,28.86083797324953,10,30,69.29014720482601,true,true,true,0,0,0,0,true,false,2.57,2.32
R0,0,1927-10,70,119.99999817762125,47.27272766431281,42.97810478754882,72.86968511335189,14.039475502270173,14.039475502270173,60.871810496978696,-0.5804691847975669,43.00000026033982,marka,120,0,0,-1.3352429590117694,3,0,0,-2.3352429590117696,0.5,10,56.65632735385801,98.66672113876922,97.12437018153494,33.14137299560025,87.68090505906683,30.84327912457815,10,30,69.30702065774886,true,true,true,0,0,0,0,true,false,2.6,2.35
R0,0,1927-11,71,119.99999872433487,47.27272754683715,42.98467340595553,72.44680161510892,14.242590452135541,14.242590452135541,61.08246735335223,-0.5803284281867677,43.000000182237876,marka,120,0,0,-1.3565157443324054,3,0,0,-2.3565157443324054,0.5,10,57.05417976806779,99.72126658783247,98.12841917432142,34.99759150467699,88.53757483692485,32.907492593285525,10,30,69.31593706238752,true,true,true,0,0,0,0,true,false,2.63,2.38
R0,0,1927-12,72,119.99999910703441,47.27272746460419,42.989271422438826,72.02644361133356,14.445670916754274,14.445670916754274,61.292927151173565,-0.580229898910667,43.00000012756651,marka,120,0,0,-1.3776599192445538,3,0,0,-2.3776599192445538,0.5,10,57.234759903912476,100,98.46800737144947,36.904012463393066,89.39479767067316,34.82014455509028,10,30,69.32124186430927,true,true,true,0,0,0,0,true,false,2.66,2.41
R0,0,1928-01,73,119.99999937492409,47.2727274070411,42.99249002249614,71.60857432719482,14.648727241786471,14.648727241786471,61.5032490085004,-0.5801609286634176,43.000000089296556,marka,120,0,0,-1.3986778194333218,3,0,0,-2.398677819433322,0.5,10,57.33840133781923,100,98.57054846214197,38.82741283196554,90.24180384913981,36.67308612695782,10,30,69.32447383755289,true,true,true,0,0,0,0,true,false,2.69,2.44
R0,1,1922-01,1,5.199999999999999,98.85931558935361,54.879999999999995,100,3,3,44.85,0,54.6,marka,8,0,0,0,0,0,0,2,1,10,35.01320677946768,35.02281368821293,35.04312927756654,0,35.7,0,10,10,60.15,false,false,false,0,0,0,0,false,false,0.53,0.28
R0,1,1922-02,2,6.039999999999999,98.0761976612599,54.75999999999999,99.98907452471482,3.00382391634981,3.00382391634981,44.7036,-0.010925475285171161,54.48,marka,8,0,0,0,0,0,0,2,1,10,35.031106720259025,35.06320169316264,35.10338829723561,0,36.40104988906513,0,10,10,60.3,false,false,false,0,0,0,0,false,false,0.56,0.31
R0,1,1922-03,3,6.627999999999998,97.53535656675545,54.65079999999999,99.9700861807984,3.0104705628982824,3.0104705628982824,44.5608,-0.018990418709920957,54.396,marka,8,0,0,-0.0005462737642588422,0,0,0,1.9994537262357412,1,10,35.052020893425684,35.11581788510177,35.17559383581427,0,37.10141945348079,0,10,10,60.449999999999996,false,false,false,0,0,0,0,false,false,0.59,0.33999999999999997
R0,1,1922-04,4,7.039599999999998,97.16030328962366,54.556719999999984,99.94513849837014,3.019204864511367,3.019204864511367,44.421276,-0.024955147465956527,54.3372,marka,8,0,0,-0.0014956909600797985,0,0,0,1.9985043090399202,1,10,35.07479756943025,35.17697897011584,35.256174629655575,0,37.800042428664966,0,10,10,60.599999999999994,false,false,false,0,0,0,0,false,false,0.62,0.37
R0,1,1922-05,5,7.327719999999998,96.89947760000865,54.478515999999985,99.91578783574015,3.029483235300421,3.029483235300421,44.2845744,-0.02936677368301099,54.29604,marka,8,0,0,-0.0027430750814929185,0,0,0,1.997256924918507,1,10,35.09864088215306,35.24412860351019,35.34265204957074,0,38.49628213624888,0,10,10,60.74999999999999,false,false,false,0,0,0,0,false,false,0.65,0.4
R0,1,1922-06,6,7.529403999999998,96.71773127283399,54.415129599999986,99.88318887197079,3.0409024890203966,3.0409024890203966,44.15021892,-0.03262643919993101,54.267228,marka,8,0,0,-0.004210608212992639,0,0,0,1.9957893917870073,1,10,35.12299808461528,35.3154836049135,35.43329715656878,0,39.18977921553105,0,10,10,60.89999999999999,false,false,false,0,0,0,0,false,false,0.6799999999999999,0.43
R0,1,1922-07,7,9.770582799999998,94.7430516876148,54.364708599999986,99.84819858650013,3.0531634110564614,3.0531634110564614,44.017765032,-0.03503120581732831,54.2470596,marka,15,0,0,-0.005840556401460617,0,0,0,1.9941594435985395,1,10,35.159247748250294,35.426753032179235,35.56272866326368,0,39.88035124418532,0,10,10,61.04999999999999,false,false,false,0,0,0,0,false,false,0.71,0.45999999999999996
R0,1,1922-08,8,11.339407959999999,93.408077073091,54.262178535999986,99.79669193569569,3.07121814618114,3.07121814618114,43.886823774,-0.05158495749908185,54.02294172,marka,15,0,0,-0.007590070674993399,0,0,0,1.9924099293250066,1,10,35.20414813974113,35.56761885827976,35.721043969725194,0,40.56319729467987,0,10,10,61.19999999999999,false,false,false,0,0,0,0,false,false,0.74,0.49
R0,1,1922-09,9,12.437585572,92.49576062214805,54.14334273639999,99.73301894636569,3.093549093062485,3.093549093062485,43.75895841792,-0.06380270537527226,53.866059204,marka,15,0,0,-0.010165403215215463,0,0,0,1.9898345967847846,1,10,35.25478452384373,35.72886911927747,35.89930612779004,0,41.23830192235765,0,10,10,61.34999999999999,false,false,false,0,0,0,0,false,false,0.77,0.52
R0,1,1922-10,10,13.206309900399999,91.86767070801992,54.02721234831999,99.66032975825657,3.1190584139543707,3.1190584139543707,43.634658135828,-0.07288377397681575,53.7562414428,marka,15,0,0,-0.013349052681715535,0,0,0,1.9866509473182845,1,10,35.30919401257598,35.904270365563015,36.09146774095262,0,41.90599750706546,0,10,10,61.499999999999986,false,false,false,0,0,0,0,false,false,0.8,0.55
R0,1,1922-11,11,13.744416930279998,91.43305913972652,53.92285934681199,99.58094985801857,3.146936071143235,3.146936071143235,43.513841765378395,-0.0796504491110408,53.67936900996,marka,15,0,0,-0.016983512087171703,0,0,0,1.9830164879128283,1,10,35.366037233245976,36.089548011362915,36.29338201620803,0,42.56676903641726,0,10,10,61.649999999999984,false,false,false,0,0,0,0,false,false,0.83,0.58
R0,1,1922-12,12,14.121091851195999,91.13126970043977,53.833669034859994,99.49661212595282,3.176578493981238,3.176578493981238,43.39615598497404,-0.08469263668000795,53.625558306972,marka,15,0,0,-0.020952507099071482,0,0,0,1.9790474929009285,1,10,35.42439193928747,36.28174382877312,36.5021794394884,0,43.22114769154382,0,10,10,61.79999999999998,false,false,false,0,0,0,0,false,false,0.86,0.61
R0,1,1923-01,13,18.8847642958372,87.47967043211912,53.75993556886611,99.40861253951228,3.2075341763869916,3.2075341763869916,43.281145913928235,-0.0884448068735819,53.5878908148804,marka,30,0,0,-0.025169393702358888,0,0,0,1.974830606297641,1,10,35.505493599091885,36.547628261333614,36.78248473428587,0,43.86965384351495,0,10,10,61.94999999999998,false,false,false,0,0,0,0,false,false,0.89,0.64
R0,1,1923-02,14,22.219335007086038,85.0929192127991,53.56541196933116,99.29055128955805,3.249101437440511,3.249101437440511,43.168347846862254,-0.11876360301005535,53.11152357041628,marka,30,0,0,-0.02956937302438618,0,0,0,1.9704306269756138,1,10,35.602845058837254,36.86655350760439,37.11446676709598,0,44.49676340609546,0,10,10,62.09999999999998,false,false,false,0,0,0,0,false,false,0.9199999999999999,0.6699999999999999
R0,1,1923-03,15,24.553534504960226,83.49823263815794,53.329208328319226,99.15077455253395,3.2983728508056847,3.2983728508056847,43.06138548778232,-0.1407754667576398,52.7780664992914,marka,30,0,0,-0.035472435522097355,1,0,0,0.9645275644779026,1,10,35.710972390396215,37.22122456152382,37.48134063467974,0,45.10741829769835,0,10,10,62.24999999999998,false,false,false,0,0,0,0,false,false,0.95,0.7
R0,1,1923-04,16,26.187474153472156,82.41705501887833,53.09383979467465,98.9950324680465,3.3533494556951666,3.3533494556951666,42.96150923793274,-0.15707601396994808,52.54464654950398,marka,30,0,0,-0.0424612723733027,1,0,0,0.9575387276266973,1,10,35.82632954648738,37.60037176359099,37.87216893114038,0,45.70561612122231,0,10,10,62.39999999999998,true,true,false,0,0,0,0,false,false,0.98,0.73
R0,1,1923-05,17,27.331231907430507,81.67674060956841,52.88006363166809,98.82747747259099,3.412589042720265,3.412589042720265,42.8686940440925,-0.1692559629288536,52.381252584652785,marka,30,0,0,-0.05024837659767485,1,0,0,0.9497516234023251,1,10,35.94655948943082,37.99645674491217,38.27963608491606,0,46.294535900032585,0,10,10,62.549999999999976,true,true,false,0,0,0,0,false,false,1.01,0.76
R0,1,1923-06,18,28.131862335201355,81.16638446097755,52.69610758494474,98.65118395766771,3.475023834947216,3.475023834947216,42.782292135142455,-0.1783851206484314,52.26687680925695,marka,30,0,0,-0.05862612637045075,1,0,0,0.9413738736295492,1,10,36.07006771402429,38.4043464518061,38.69876150607536,0,46.87666400279433,0,10,10,62.699999999999974,true,true,false,0,0,0,0,false,false,1.04,0.79
R0,1,1923-07,19,37.69230363464095,75.53072848280493,52.54331943940527,98.46845502280902,3.5398533936355188,3.5398533936355188,42.701408907594114,-0.18522731053800845,52.186813766479865,marka,60,0,0,-0.0674408021166144,1,0,0,0.9325591978833856,1,10,36.22922094861969,38.92614666149415,39.22801716275487,0,47.453915122286,0,10,10,62.84999999999997,true,true,false,0,0,0,0,false,false,1.0699999999999998,0.82
R0,1,1923-08,20,44.38461254424867,72.0298362598215,52.14955449854446,98.23941308296952,3.6212649268267874,3.6212649268267874,42.62510932441196,-0.23260438054648144,51.2307696365359,marka,60,0,0,-0.07657724885954878,1,0,0,0.9234227511404511,1,10,36.41282411558215,39.52625570289336,39.83321758405189,0,48.00290370742108,0,10,10,62.99999999999997,true,true,false,0,0,0,0,false,false,1.1,0.85
R0,1,1923-09,21,49.069228780974065,69.76624273867156,51.67314977265366,97.97758737143275,3.714546224181929,3.714546224181929,42.56062268945563,-0.26651799244326113,50.561538745575135,marka,60,0,0,-0.088029345851524,2,0,0,-0.088029345851524,1,10,36.61232095238787,40.1775714967975,40.488074263749716,0,48.536675091493024,0,10,10,63.14999999999997,true,true,false,0,0,0,0,false,false,1.13,0.88
R0,1,1923-10,22,70.34846014668184,61.051329674743634,51.19912797742833,97.69171541011845,3.816666708207217,3.816666708207217,42.51042819627602,-0.29177281150082257,50.093077121902596,marka,120,0,0,-0.10112063142836263,2,0,0,-0.10112063142836258,1,10,39.39444089829771,49.007605145315274,49.009760423896495,0,49.06407532586807,0,10,10,63.29999999999997,true,true,false,0,0,0,0,true,true,1.16,0.9099999999999999
R0,1,1923-11,23,85.24392210267729,56.14219285551228,50.22893577979937,97.33162136056615,3.945677563236436,3.945677563236436,42.47445435695317,-0.36860244294062594,47.96515398533182,marka,120,0,0,-0.1154142294940776,3,0,0,-1.1154142294940776,1,10,39.685262256947645,49.94926671571964,49.944431984118964,0,49.82673436168949,0,10,10,63.44999999999997,true,true,false,0,0,0,0,true,false,1.19,0.94
R0,1,1923-12,24,95.6707454718741,53.15051043997227,49.10293738277924,96.92046492984566,4.093527510397055,4.093527510397055,42.467586283559186,-0.4224284204589112,46.47560778973227,marka,120,0,0,-0.1334189319716927,3,0,0,-1.1334189319716927,1,10,39.99788787892575,50.9601814805005,50.945645506600194,0,50.605084956454185,0,10,10,63.599999999999966,true,true,false,0,0,0,0,true,false,1.22,0.97
R0,1,1924-01,25,102.96952183031186,51.239220086918706,48.00193380378924,96.47147907746773,4.255665659905542,4.255665659905542,42.49449816207581,-0.4632518557385332,45.43292545281259,marka,120,0,0,-0.15397675350771678,3,0,0,-1.1539767535077168,1,10,40.324920830919986,52.016466153516376,51.99021792391015,0,51.399682982471724,0,10,10,63.749999999999964,true,true,false,0,0,0,0,true,false,1.25,1
R0,1,1924-02,26,108.07866528121829,49.98109722563053,47.01226800774311,95.9938900432383,4.428935691192276,4.428935691192276,42.55444014796213,-0.49505723224781173,44.70304781696881,marka,120,0,0,-0.1764260461266133,3,0,0,-1.1764260461266134,1,10,40.661901696067495,53.10347922464713,53.06392744413292,0,52.21044795772515,0,10,10,63.89999999999996,true,true,false,0,0,0,0,true,false,1.28,1.03
R0,1,1924-03,27,111.6550656968528,49.136551330624,46.16622764698363,95.49489846308141,4.610871284151624,4.610871284151624,42.64407210772984,-0.5198159798838533,44.19213347187817,marka,120,0,0,-0.20030549783808524,3,0,0,-1.2003054978380852,1,10,41.00598592376985,54.21171599451433,54.157535350012665,0,53.036652949751186,0,10,10,64.04999999999997,true,true,false,0,0,0,0,true,false,1.31,1.06
R0,1,1924-04,28,114.15854598779696,48.56215264270896,45.46670738198296,94.9863818401445,4.79724858900496,4.79724858900496,42.759085278320335,-0.5325065852952455,43.83449343031472,marka,120,0,0,-0.22525507684592938,3,0,0,-1.2252550768459294,1,10,41.354927605103576,55.33366159408682,55.26370966157694,0,53.875493829543686,0,10,10,64.19999999999997,true,true,false,0,0,0,0,true,false,1.3399999999999999,1.0899999999999999
R0,1,1924-05,29,115.91098219145786,48.16799911909001,44.90193878775416,94.4706063668626,4.98729837524955,4.98729837524955,42.895084056860846,-0.5429993892702557,43.584145401220304,marka,120,0,0,-0.25068090799277487,3,0,0,-1.2506809079927748,1,10,41.70759118423262,56.46532650482731,56.37858533018833,0,54.726084772881755,0,10,10,64.34999999999998,true,true,false,0,0,0,0,true,false,1.37,1.12
R0,1,1924-06,30,117.1376875340205,47.89587711884681,44.454027685684174,93.94962844651756,5.180313196613841,5.180313196613841,43.04802589322822,-0.5514709181836877,43.408901780854215,marka,120,0,0,-0.27646968165687014,3,0,0,-1.2764696816568701,1,10,42.063195259488715,57.60391637313252,57.499454255797986,0,55.587395105599626,0,10,10,64.49999999999999,true,true,false,0,0,0,0,true,false,1.4,1.15
R0,1,1924-07,31,117.99638127381435,47.707213941946506,44.1036887539583,93.42521140565091,5.375679551263999,5.375679551263999,43.2144050626577,-0.5581895847147373,43.28623124659795,marka,120,0,0,-0.30251857767412177,3,0,0,-1.3025185776741217,1,10,42.4211964094068,58.74745527161867,58.62440105900481,0,56.45836397738537,0,10,10,64.64999999999999,true,true,false,0,0,0,0,true,false,1.43,1.18
R0,1,1924-08,32,118.59746689167004,47.57603163422708,43.83269068955638,92.89881203277282,5.572885185305718,5.572885185305718,43.391294400038944,-0.5634446686906255,43.200361872618565,marka,120,0,0,-0.32873942971745435,3,0,0,-1.3287394297174544,1,10,42.78121400907832,59.89453745595499,59.752062888306156,0,57.337970024339796,0,10,10,64.8,true,true,false,0,0,0,0,true,false,1.46,1.21
R0,1,1924-09,33,119.01822682416902,47.48463244727696,43.62495947593936,92.37160231936032,5.771513559185546,5.771513559185546,44.57631367935225,-0.5675096396566544,43.140253310832996,marka,120,0,0,-0.3550593983613588,3,0,0,-1.3550593983613588,1,10,43.14934018048016,61.04415899394937,60.881466390035605,0,58.22526924786474,0,10,10,64.95,true,true,false,0,0,0,0,true,false,1.49,1.24
R0,1,1924-10,34,119.31275877691832,47.4208616862949,43.46692482843248,91.8445063021346,5.971232521936865,5.971232521936865,45.767564895074074,-0.5706256078609095,43.098177317583094,marka,120,0,0,-0.38141988403198396,3,0,0,-1.381419884031984,1,10,43.52375855457559,62.19560124159913,62.01191481320408,0.049090491626096674,59.11941173264549,0.029169860702111524,10,10,65.10000000000001,true,true,false,0,0,0,0,true,false,1.52,1.27
R0,1,1924-11,35,119.51893114384282,47.376323972647526,43.34746461659519,91.31824083763436,6.171781166587595,6.171781166587595,46.9635571502211,-0.5729961275735128,43.06872412230817,marka,120,0,0,-0.4077746848932698,3,0,0,-1.4077746848932697,1,10,43.90342704998798,63.348349084471536,63.14290876171816,0.15209516850993418,60.019645146205214,0.09202415424602964,10,10,65.25000000000001,true,true,false,0,0,0,0,true,false,1.55,1.3
R0,1,1924-12,36,119.66325180068996,47.34519731792177,43.25765729730135,90.7933545194072,6.37295697735047,6.37295697735047,48.16313321172324,-0.5747880307510722,43.04810688561572,marka,120,0,0,-0.4340879581182818,3,0,0,-1.434087958118282,1,10,44.288243261453744,64.50203304349454,64.27409006115386,0.3092406065958419,60.92531060286314,0.19045583621455167,10,10,65.40000000000002,true,true,false,0,0,0,0,true,false,1.58,1.33
R0,1,1925-01,37,119.76427626048297,47.3234329844995,43.190462554090246,90.2702620987454,6.574604276539638,6.574604276539638,49.3654034928042,-0.5761351405404798,43.033674819931,marka,120,0,0,-0.4603322740296399,3,0,0,-1.4603322740296398,1,10,44.67813424817536,65.65638803339914,65.40520176443951,0.5229451096535348,61.835834606998624,0.32774058739166334,10,10,65.55000000000003,true,true,false,0,0,0,0,true,false,1.6099999999999999,1.3599999999999999
R0,1,1925-02,38,119.83499338233807,47.30820985316142,43.14039550004868,89.74927354427435,6.776604348130665,6.776604348130665,50.56968961618149,-0.5771430616886464,43.0235723739517,marka,120,0,0,-0.48648689506272974,3,0,0,-1.4864868950627297,1,10,45.073048038658094,66.81122387213142,66.53605955076476,0.7932051978755114,62.75071941841384,0.5057133991299457,10,10,65.70000000000003,true,true,false,0,0,0,0,true,false,1.64,1.39
R0,1,1925-03,39,119.88449536763665,47.29755948736488,43.10322704856394,89.23061781683829,6.9788672717554086,6.9788672717554086,50.775477751180034,-0.5778940674992697,43.016500661766194,marka,120,0,0,-0.5125363227862827,3,0,0,-1.5125363227862827,1,10,45.4687075977856,67.9664041441965,67.66653122628506,1.1200081754137492,63.66953323041564,0.7262011606395244,10,10,65.85000000000004,true,true,false,0,0,0,0,true,false,1.67,1.42
R0,1,1925-04,40,119.91914675734564,47.290107084105564,43.075724072965656,88.71446188549844,7.181325329750448,7.181325329750448,50.982380939723114,-0.5784515942715409,43.01155046323633,marka,120,0,0,-0.5384691091580855,3,0,0,-1.5384691091580855,1,10,45.865086534635566,69.12183103151192,68.79652201308366,1.5033347367280028,64.59190092124979,0.9910236249616905,10,10,66.00000000000004,true,true,false,0,0,0,0,true,false,1.7,1.45
R0,1,1925-05,41,119.94340273014194,47.284891799006175,43.05543244835559,88.20092567962028,7.383927778367378,7.383927778367378,51.19010921753414,-0.5788641389055151,43.00808532426544,marka,120,0,0,-0.5642769057250782,3,0,0,-1.564276905725078,1,10,46.26216604532912,70.27743441984026,69.9259639855036,1.9431608373821863,65.51749574104703,1.3019941810042974,10,10,66.15000000000005,true,true,false,0,0,0,0,true,false,1.73,1.48
R0,1,1925-06,42,119.96038191109935,47.28124178381967,39.44050063194465,87.33728998694865,7.726636758013511,7.726636758013511,51.39844624408347,-0.9791685132746663,31.005659726985805,marka,120,12,-0.4,-0.5899537160189858,3,0,0,-1.5899537160189858,1,10,46.682753173021425,71.50316407398694,71.12431235794237,2.439459036657366,66.59997361855824,1.6625451273418637,10,10,66.30000000000005,true,true,false,0,0,0,0,true,false,1.76,1.51
R0,1,1925-07,43,119.97226733776954,47.27868710845582,36.90953898502828,86.43475299079911,8.0883241296958,8.0883241296958,51.71523122512513,-1.0333924905208303,31.003961808890068,marka,120,12,-0.4,-0.6331355006525676,3,0,0,-1.6331355006525676,1,10,47.107393672466245,72.73843401765896,72.33091515708027,2.9956746545544846,67.70007435199601,2.0762537840364206,10,10,66.45000000000006,true,true,false,0,0,0,0,true,false,1.79,1.54
R0,1,1925-08,44,119.98058713643867,47.27689899995405,35.137509269386705,85.50872828747491,8.463299050024402,8.463299050024402,52.107945055574284,-1.0713569152245759,31.002773266223045,marka,120,12,-0.4,-0.6782623504600445,3,0,0,-1.6782623504600445,1,10,47.535455041136174,73.98038349782418,73.54286545647408,3.6122204124084987,68.81079137111266,2.5455206338870937,10,10,66.60000000000007,true,true,false,0,0,0,0,true,false,1.8199999999999998,1.5699999999999998
R0,1,1925-09,45,119.98641099550707,47.27564740447721,33.89683887447753,84.56989601272564,8.847577126360122,8.847577126360122,52.553819777492684,-1.0979373609591994,31.00194128635613,marka,120,12,-0.4,-0.7245635856262546,3,0,0,-1.7245635856262544,1,10,47.96649444903815,75.2270095879025,74.75812803123165,4.289363685232202,69.92746203975078,3.0726501924177927,10,10,66.75000000000007,true,true,false,0,0,0,0,true,false,1.8499999999999999,1.5999999999999999
R0,1,1925-10,46,119.99048769685494,47.27477132707263,33.028194882269055,83.62563302333504,9.238368722269115,9.238368722269115,53.03691461125836,-1.1165474168828369,31.00135890044929,marka,120,12,-0.4,-0.7715051993637182,3,0,0,-1.7715051993637183,1,10,48.400201861257536,76.47690995931555,75.9752779630113,5.027270086793785,71.04703363174407,3.6598758006671543,10,10,66.90000000000008,true,true,false,0,0,0,0,true,false,1.88,1.63
R0,1,1925-11,47,119.99334138779845,47.2741580922086,32.42002178668269,82.68101704240303,9.633720699137202,9.633720699137202,53.54606876479029,-1.129577076765964,31.000951230314506,marka,120,12,-0.4,-0.8187183488332479,3,0,0,-1.818718348833248,1,10,48.8363602160209,77.72910278590543,77.19331762758182,5.82603398494435,72.16754277128315,4.309377622632525,10,10,67.05000000000008,true,true,false,0,0,0,0,true,false,1.91,1.66
R0,1,1925-12,48,119.9953389714589,47.27372883726979,31.994215009043927,81.73952857154295,10.032265584757118,10.032265584757118,54.07346811118981,-1.1386996731997598,31.000665861220156,marka,120,12,-0.4,-0.8659491478798487,3,0,0,-1.8659491478798487,1,10,49.27481754415488,78.98290065196998,78.41154856162,6.685699866323441,73.28775546743567,5.023295645546421,10,10,67.20000000000009,true,true,false,0,0,0,0,true,false,1.94,1.69
R0,1,1926-01,49,119.99673728002124,47.27342836345086,33.49609033718698,80.96701909717683,10.363045955959638,10.363045955959638,54.613641660918496,-0.945086774864341,37.000466102854105,marka,120,6,-0.2,-0.9130235714228526,3,0,0,-1.9130235714228525,1,10,49.70405726565869,80.20282227030222,79.59472992465,7.60627729440444,74.33493026020729,5.801206159891871,10,10,67.3500000000001,true,true,false,0,0,0,0,true,false,1.97,1.72
R0,1,1926-02,50,119.99771609601486,47.27321803405027,34.547361117630246,80.22005086294382,10.685941481689406,10.685941481689406,55.10875895080289,-0.9225586449421954,37.00032627199788,marka,120,6,-0.2,-0.9516490451411584,3,0,0,-1.9516490451411586,1,10,50.13372722436543,81.4188056724861,80.77282785588451,8.586013790636942,75.37368725490462,6.645362883768841,10,10,67.4973254555128,true,true,false,0,0,0,0,true,false,2,1.75
R0,1,1926-03,51,119.9984012672104,47.27307080458346,35.28322129946072,79.49262379805239,11.003317835821848,11.003317835821848,55.57233811727398,-0.9067895832355464,37.00022839039851,marka,120,6,-0.2,-0.9889974568528089,3,0,0,-1.9889974568528088,1,10,50.56408811045949,82.63203243346065,81.947043609621,9.624655183431166,76.40673898960844,7.557537337544266,10,10,67.6360436933036,true,true,false,0,0,0,0,true,false,2.0300000000000002,1.78
R0,1,1926-04,52,119.99888088704728,47.272967744502346,35.79830287160619,78.78056728450136,11.31683092399968,11.31683092399968,56.01384147829016,-0.8957516805080892,37.00015987327896,marka,120,6,-0.2,-1.0253688100973803,3,0,0,-2.0253688100973806,0.5,10,50.995322400819894,83.84332962265952,83.11821803345593,10.722007363912216,77.43595644483959,8.539533704611054,10,10,67.76613724528721,true,true,false,0,0,0,0,true,false,2.06,1.81
R0,1,1926-05,53,119.99921662093308,47.27289560271296,36.158845583512914,78.08097579190434,11.627639833923748,11.627639833923748,56.43989239214198,-0.8880254569259072,37.00011191129527,marka,120,6,-0.2,-1.0609716357749321,3,0,0,-2.060971635774932,0.5,10,51.42755782485386,85.0532761655673,84.2869396993177,11.877918265585015,78.46263114047974,9.59317683712766,10,30,67.88758608879014,true,true,false,0,0,0,0,true,false,2.09,1.8399999999999999
R0,1,1926-06,54,119.99945163465316,47.272845103591386,36.411215409831044,77.39181957887013,11.936555894610306,11.936555894610306,56.85512702463659,-0.8826173162473063,37.00007833790669,marka,120,6,-0.2,-1.0959512104047833,3,0,0,-2.0959512104047833,0.5,10,51.8608837900445,86.26227729383875,85.45362059253448,13.0922652505509,79.4876539565543,10.720303868476954,10,30,68.00036841298926,true,true,true,0,0,0,0,true,false,2.12,1.8699999999999999
R0,1,1926-07,55,119.9996161442572,47.27280975427048,38.38786723784214,77.09863477981233,12.069147013708694,12.069147013708694,57.26279056234166,-0.3788317688525343,43.00005483653469,marka,120,0,0.3,-1.1304090210564937,3,0,0,-2.1304090210564937,0.5,10,52.266837427745266,87.38311665830253,86.53166954395512,14.364946280177621,80.32837523059186,11.910799699243247,10,30,68.10503166443436,true,true,true,0,0,0,0,true,false,2.15,1.9
R0,1,1926-08,56,119.99973130098003,47.27278500977731,39.771518582161775,76.82942023152101,12.191360710710022,12.191360710710022,57.61115454520639,-0.349181991432368,43.00003838557428,marka,120,0,0.3,-1.1450682610093836,3,0,0,-2.1450682610093836,0.5,10,52.67242237742666,88.49876780660765,87.60409691779182,15.69152975737538,81.16020314556968,13.171994288074805,10,30,68.20158321688584,true,true,true,0,0,0,0,true,false,2.1799999999999997,1.93
R0,1,1926-09,57,119.99981191068602,47.272767688647484,40.740071068483836,76.57709150153865,12.306310238153673,12.306310238153673,57.91800898774154,-0.32842722126757345,43.000026869901994,marka,120,0,0.3,-1.1585289884239494,3,0,0,-2.1585289884239494,0.5,10,53.07798214392256,89.61078721655652,88.67248496364323,17.071734603264968,81.98622522555254,14.505354994951514,10,30,68.29002357400739,true,true,true,0,0,0,0,true,false,2.21,1.96
R0,1,1926-10,58,119.99986833748021,47.27275556386417,41.4180553906181,76.33671682764799,12.416174865044132,12.416174865044132,58.195806855687024,-0.31389893397274254,43.0000188089314,marka,120,0,0.3,-1.1711454249230677,3,0,0,-2.1711454249230675,0.5,10,53.483757179816315,90.72026441872447,89.73794125245229,18.505358851447134,82.80862353939241,15.912391121082708,10,30,68.37034843041107,true,true,true,0,0,0,0,true,false,2.24,1.99
R0,1,1926-11,59,119.99990783623615,47.27274707651955,41.892642723308256,76.10485995187805,12.522480074243386,12.522480074243386,58.453265193968484,-0.3037291691407285,43.000013166251975,marka,120,0,0.3,-1.1831641586176005,3,0,0,-2.1831641586176005,0.5,10,53.88991580135096,91.82796208179371,90.80124108122047,19.992255914069744,83.62893924856881,17.394638956028594,10,30,68.44255011438406,true,true,true,0,0,0,0,true,false,2.27,2.02
R0,1,1926-12,60,119.9999354853653,47.27274113538012,42.22485267122869,75.8791250534439,12.626293699946018,12.626293699946018,58.69648591226924,-0.2966103591503762,43.000009216376384,marka,120,0,0.3,-1.1947570024060972,3,0,0,-2.194757002406097,0.5,10,54.29657582949843,92.93441407193743,91.86292715598023,21.53231796813077,84.44825858228833,18.953651728349215,10,30,68.5066185977941,true,true,true,0,0,0,0,true,false,2.3,2.05
R0,1,1927-01,61,119.9999548397557,47.27273697658343,42.45739880529912,75.65784087813006,12.728363223422068,12.728363223422068,58.929740332132376,-0.2916272099315697,43.00000645146347,marka,120,0,0.3,-1.206043747327805,3,0,0,-2.206043747327805,0.5,10,54.703819738659206,94.03999409414378,92.92337936964275,23.125464325929773,85.26734434412495,20.590992907445113,10,30,68.56254220302093,true,true,true,0,0,0,0,true,false,2.33,2.08
R0,1,1927-02,62,119.99996838782899,47.272734065426164,42.62018051851671,75.43984111844395,12.829211879694247,12.829211879694247,59.1560183679734,-0.2881390179205133,43.00000451602443,marka,120,0,0.3,-1.217107956093497,3,0,0,-2.217107956093497,0.5,10,55.11170526071703,95.14496374097135,93.98286364632585,24.771633294411913,86.08672925592998,22.308231779386382,10,30,68.6103080978066,true,true,true,0,0,0,0,true,false,2.36,2.11
R0,1,1927-03,63,119.99997787148028,47.2727320276163,42.73412731132683,75.22431153511178,12.929205931972035,12.929205931972035,59.3774129524179,-0.2856972922222493,43.0000031612171,marka,120,0,0.3,-1.2280079440778024,3,0,0,-2.2280079440778024,0.5,10,55.520272807852685,96.2495061265579,95.04156613226718,26.470776476728204,86.90678236883919,24.106940554671187,10,30,68.64990264164955,true,true,true,0,0,0,0,true,false,2.3899999999999997,2.1399999999999997
R0,1,1927-04,64,119.9999845100362,47.2727306011495,42.81388978178437,75.01068344931925,13.02860176358757,13.02860176358757,59.59538913307809,-0.2839880903300976,43.00000221285197,marka,120,0,0.3,-1.238784423244411,3,0,0,-2.238784423244411,0.5,10,55.92955066849607,97.3537494303427,96.09961712938127,28.222854783341567,87.72775637507503,25.988692500172395,10,30,68.68131162827963,true,true,true,0,0,0,0,true,false,2.42,2.17
R0,1,1927-05,65,119.99998915702534,47.27272960262279,42.86972331194797,74.79855949746135,13.127578842233202,13.127578842233202,59.810972439624564,-0.28279165327323447,43.00000154899638,marka,120,0,0.3,-1.2494658275340378,3,0,0,-2.2494658275340376,0.5,10,56.33955864448036,98.45778337761305,97.15710784869181,30.027835639810636,88.54982133409592,27.955060750136045,10,30,68.70452045539002,true,true,true,0,0,0,0,true,false,2.45,2.2
R0,1,1927-06,66,119.99999240991774,47.272728903654105,42.90880664365282,74.5876618545781,13.226262794845475,13.226262794845475,60.02488074026613,-0.28195415032078047,43.000001084297466,marka,120,0,0.3,-1.2600720251269322,3,0,0,-2.260072025126932,0.5,10,56.750310597041384,99.56167077584611,98.21410213769373,31.885691032245226,89.37308871714416,30.007617563190603,10,30,68.7195142434492,true,true,true,0,0,0,0,true,false,2.48,2.23
R0,1,1927-07,67,119.99999468694242,47.27272841437605,42.93616487825943,74.15403313093756,13.429741559966297,13.429741559966297,60.237616540956544,-0.5813679003452078,43.00000075900822,marka,120,0,0,-1.2706169072710949,3,0,0,-2.270616907271095,0.5,10,56.974860509572416,100,98.70123640692427,33.79639613912991,90.32919891066769,31.96353595502119,10,30,68.73001703325775,true,true,true,0,0,0,0,true,false,2.51,2.26
R0,1,1927-08,68,119.99999628085969,47.27272807188142,42.955315574173326,73.72322969401826,13.633076694355434,13.633076694355434,60.449531594608764,-0.5809575268261085,43.00000053130576,marka,120,0,0,-1.292298343453122,3,0,0,-2.2922983434531217,0.5,10,57.07625071518533,100,98.81052836119366,35.731457959476124,91.27510491231367,33.831074439087864,10,30,68.73849201895405,true,true,true,0,0,0,0,true,false,2.54,2.29
R0,1,1927-09,69,119.99999739660178,47.27272783213517,42.96872101349554,73.29514081976461,13.836311287591025,13.836311287591025,60.66087212738356,-0.5806702663874002,43.00000037191403,marka,120,0,0,-1.313838515299087,3,0,0,-2.313838515299087,0.5,10,57.179069663181366,100,98.92144262568888,37.6719843775358,92.20487778936851,35.70843120964184,10,30,68.74491062569042,true,true,true,0,0,0,0,true,false,2.57,2.32
R0,1,1927-10,70,119.99999817762125,47.27272766431281,42.97810478754882,72.86968511335189,14.039475502270173,14.039475502270173,60.871810496978696,-0.5804691847975669,43.00000026033982,marka,120,0,0,-1.3352429590117694,3,0,0,-2.3352429590117696,0.5,10,57.283316091267444,99.99999999999999,99.03398054927939,39.61805650882025,93.11926253538181,37.595791674520875,10,30,68.74924430386508,true,true,true,0,0,0,0,true,false,2.6,2.35
R0,1,1927-11,71,119.99999872433487,47.27272754683715,42.98467340595553,72.44680161510892,14.242590452135541,14.242590452135541,61.08246735335223,-0.5803284281867677,43.000000182237876,marka,120,0,0,-1.3565157443324054,3,0,0,-2.3565157443324054,0.5,10,57.388989122901414,100,99.14814309767254,41.56975553628421,94.01894686791525,39.49334211852978,10,30,68.75146452140706,true,true,true,0,0,0,0,true,false,2.63,2.38
R0,1,1927-12,72,119.99999910703441,47.27272746460419,42.989271422438826,72.02644361133356,14.445670916754274,14.445670916754274,61.292927151173565,-0.580229898910667,43.00000012756651,marka,120,0,0,-1.3776599192445538,3,0,0,-2.3776599192445538,0.5,10,57.496088149442855,100,99.26393096189733,43.52716269116784,94.90457007954575,41.4012697082531,10,30,68.75154275841821,true,true,true,0,0,0,0,true,false,2.66,2.41
R0,1,1928-01,73,119.99999937492409,47.2727274070411,42.99249002249614,71.60857432719482,14.648727241786471,14.648727241786471,61.5032490085004,-0.5801609286634176,43.000000089296556,marka,120,0,0,-1.3986778194333218,3,0,0,-2.398677819433322,0.5,10,57.60461274829846,100,99.38134463619042,45.49035923926271,95.77672958477366,43.31976250052864,10,30,68.74945050345225,true,true,true,0,0,0,0,true,false,2.69,2.44
R1,0,1922-01,1,5.199999999999999,98.85931558935361,54.879999999999995,100,3,3,44.85,0,54.6,marka,8,0,0,0,0,0,0,2,1,10,35.01320677946768,35.02281368821293,35.04312927756654,0,35.7,0,10,10,60.15,false,false,false,0,0,0,0,false,false,0.53,0.28
R1,0,1922-02,2,6.039999999999999,98.0761976612599,54.75999999999999,99.98907452471482,3.00382391634981,3.00382391634981,44.7036,-0.010925475285171161,54.48,marka,8,0,0,0,0,0,0,2,1,10,35.030478960658264,35.06128973498773,35.1014763390607,0,36.39913793089023,0,10,10,60.3,false,false,false,0,0,0,0,false,false,0.56,0.31
R1,0,1922-03,3,6.627999999999998,97.53535656675545,54.65079999999999,99.9700861807984,3.0104705628982824,3.0104705628982824,44.5608,-0.018990418709920957,54.396,marka,8,0,0,-0.0005462737642588422,0,0,0,1.9994537262357412,1,10,35.05030197601655,35.110582603652624,35.17035855436512,0,37.09618417203164,0,10,10,60.449999999999996,false,false,false,0,0,0,0,false,false,0.59,0.33999999999999997
R1,0,1922-04,4,7.039599999999998,97.16030328962366,54.556719999999984,99.94513849837014,3.019204864511367,3.019204864511367,44.421276,-0.024955147465956527,54.3372,marka,8,0,0,-0.0014956909600797985,0,0,0,1.9985043090399202,1,10,35.071644770839626,35.16737653786015,35.246572197399885,0,37.79043999640927,0,10,10,60.599999999999994,false,false,false,0,0,0,0,false,false,0.62,0.37
R1,0,1922-05,5,7.327719999999998,96.89947760000865,54.478515999999985,99.91578783574015,3.029483235300421,3.029483235300421,44.2845744,-0.02936677368301099,54.29604,marka,8,0,0,-0.0027430750814929185,0,0,0,1.997256924918507,1,10,35.093800717691245,35.229386985859975,35.32791043192052,0,38.48154051859866,0,10,10,60.74999999999999,false,false,false,0,0,0,0,false,false,0.65,0.4
R1,0,1922-06,6,7.529403999999998,96.71773127283399,54.415129599999986,99.88318887197079,3.0409024890203966,3.0409024890203966,44.15021892,-0.03262643919993101,54.267228,marka,8,0,0,-0.004210608212992639,0,0,0,1.9957893917870073,1,10,35.11628325933444,35.2950323604033,35.41284591205857,0,39.16932797102084,0,10,10,60.89999999999999,false,false,false,0,0,0,0,false,false,0.6799999999999999,0.43
R1,0,1922-07,7,9.770582799999998,94.7430516876148,54.364708599999986,99.84819858650013,3.0531634110564614,3.0531634110564614,44.017765032,-0.03503120581732831,54.2470596,marka,15,0,0,-0.005840556401460617,0,0,0,1.9941594435985395,1,10,35.15052008826852,35.400171326651,35.53614695773544,0,39.85376953865708,0,10,10,61.04999999999999,false,false,false,0,0,0,0,false,false,0.71,0.45999999999999996
R1,0,1922-08,8,11.339407959999999,93.408077073091,54.262178535999986,99.79669193569569,3.07121814618114,3.07121814618114,43.886823774,-0.05158495749908185,54.02294172,marka,15,0,0,-0.007590070674993399,0,0,0,1.9924099293250066,1,10,35.192456494076396,35.53200978518918,35.68543489663461,0,40.5275882215893,0,10,10,61.19999999999999,false,false,false,0,0,0,0,false,false,0.74,0.49
R1,0,1922-09,9,12.437585572,92.49576062214805,54.14334273639999,99.73301894636569,3.093549093062485,3.093549093062485,43.75895841792,-0.06380270537527226,53.866059204,marka,15,0,0,-0.010165403215215463,0,0,0,1.9898345967847846,1,10,35.23942688106597,35.68209457274622,35.8525315812588,0,41.19152737582641,0,10,10,61.34999999999999,false,false,false,0,0,0,0,false,false,0.77,0.52
R1,0,1922-10,10,13.206309900399999,91.86767070801992,54.02721234831999,99.66032975825657,3.1190584139543707,3.1190584139543707,43.634658135828,-0.07288377397681575,53.7562414428,marka,15,0,0,-0.013349052681715535,0,0,0,1.9866509473182845,1,10,35.28964858961847,35.844741158585826,36.03193853397544,0,41.846468300088276,0,10,10,61.499999999999986,false,false,false,0,0,0,0,false,false,0.8,0.55
R1,0,1922-11,11,13.744416930279998,91.43305913972652,53.92285934681199,99.58094985801857,3.146936071143235,3.146936071143235,43.513841765378395,-0.0796504491110408,53.67936900996,marka,15,0,0,-0.016983512087171703,0,0,0,1.9830164879128283,1,10,35.3419152282333,36.01607997579129,36.2199139806364,0,42.49330100084564,0,10,10,61.649999999999984,false,false,false,0,0,0,0,false,false,0.83,0.58
R1,0,1922-12,12,14.121091851195999,91.13126970043977,53.833669034859994,99.49661212595282,3.176578493981238,3.176578493981238,43.39615598497404,-0.08469263668000795,53.625558306972,marka,15,0,0,-0.020952507099071482,0,0,0,1.9790474929009285,1,10,35.39540363652554,36.1934545817825,36.413890192497774,0,43.13285844455319,0,10,10,61.79999999999998,false,false,false,0,0,0,0,false,false,0.86,0.61
R1,0,1923-01,13,18.8847642958372,87.47967043211912,53.75993556886611,99.40861253951228,3.2075341763869916,3.2075341763869916,43.281145913928235,-0.0884448068735819,53.5878908148804,marka,30,0,0,-0.025169393702358888,0,0,0,1.974830606297641,1,10,35.47142340513502,36.443861173140114,36.67871764609237,0,43.765886755321446,0,10,10,61.94999999999998,false,false,false,0,0,0,0,false,false,0.89,0.64
R1,0,1923-02,14,22.219335007086038,85.0929192127991,53.56541196933116,99.29055128955805,3.249101437440511,3.249101437440511,43.168347846862254,-0.11876360301005535,53.11152357041628,marka,30,0,0,-0.02956937302438618,0,0,0,1.9704306269756138,1,10,35.561950906190766,36.74200278888413,36.98991604837573,0,44.372212687375196,0,10,10,62.09999999999998,false,false,false,0,0,0,0,false,false,0.9199999999999999,0.6699999999999999
R1,0,1923-03,15,24.553534504960226,83.49823263815794,53.329208328319226,99.15077455253395,3.2983728508056847,3.2983728508056847,43.06138548778232,-0.1407754667576398,52.7780664992914,marka,30,0,0,-0.035472435522097355,1,0,0,0.9645275644779026,1,10,35.66198951405561,37.07203813612097,37.332154209276894,0,44.9582318722955,0,10,10,62.24999999999998,false,false,false,0,0,0,0,false,false,0.95,0.7
R1,0,1923-04,16,26.187474153472156,82.41705501887833,53.09383979467465,98.9950324680465,3.3533494556951666,3.3533494556951666,42.96150923793274,-0.15707601396994808,52.54464654950398,marka,30,0,0,-0.0424612723733027,1,0,0,0.9575387276266973,1,10,35.768321344177416,37.42369703574341,37.695494203292796,0,45.52894139337472,0,10,10,62.39999999999998,true,true,false,1,0,0,0,false,false,0.98,0.73
R1,0,1923-05,17,27.331231907430507,81.67674060956841,49.88006363166809,98.82747747259099,3.412589042720265,3.412589042720265,42.8686940440925,-0.1692559629288536,42.381252584652785,stabilizing,30,10,0,-0.05024837659767485,1,3,2,1.9497516234023253,1,18,35.98614546709233,37.79016222355204,38.073341563555935,0,46.088241378672436,0,10,10,62.549999999999976,true,true,false,1,0,0,0,false,false,1.01,0.76
R1,0,1923-06,18,28.131862335201355,81.16638446097755,47.59610758494475,98.60671159280503,3.490773834947216,3.490773834947216,42.87229213514246,-0.2233851206484314,42.26687680925695,stabilizing,30,10,0,-0.05862612637045075,1,3,2,1.9413738736295492,1,18,36.09999310004501,38.16683453433249,38.461300512712796,0,46.60996425459504,0,10,10,62.699999999999974,true,true,false,0,0,0,0,false,false,1.04,0.79
R1,0,1923-07,19,37.69230363464095,75.53072848280493,45.97331943940528,98.3486308985432,3.582378393635519,3.582378393635519,42.944408907594116,-0.26172731053800835,42.186813766479865,stabilizing,60,10,0,-0.06966442035974865,1,3,2,1.9303355796402513,1,18,36.250078368885106,38.65621996467639,38.9582309538939,0,47.1027194468897,0,10,10,62.84999999999997,true,true,false,0,0,0,0,false,false,1.0699999999999998,0.82
R1,0,1923-08,20,26.384612544248665,82.28849850181598,47.550554498544464,98.02294509911519,3.6982824268267875,3.6982824268267875,43.06520932441196,-0.33115438054648133,51.2307696365359,zloty,0,0,0,-0.08256845507283969,1,3,0,3.9174315449271604,1,18,36.358277205622606,39.01044999464007,39.32524853389668,0,47.54861220877207,0,10,10,62.99999999999997,true,true,false,0,0,0,0,false,false,1.1,0.85
R1,0,1923-09,21,18.469228780974063,87.78650884296312,48.99384977265366,97.77452192788563,3.7869842199043444,3.7869842199043444,43.138692689455624,-0.2534336945073052,52.36153874557513,zloty,0,0,0,-0.09885274504424046,1,3,0,3.9011472549557595,1,18,36.432307734203675,39.25471981778081,39.586776786920424,0,48.05655099898686,0,10,10,63.14999999999997,true,true,false,0,0,0,0,false,false,1.13,0.88
R1,0,1923-10,22,12.928460146681843,92.09370238903043,50.241617977428334,97.59090119710378,3.852714283837616,3.852714283837616,43.168877196276014,-0.18780018266649018,53.15307712190259,zloty,0,0,0,-0.11127390360571851,0,3,0,4.888726096394281,1,18,36.479434382802914,39.4128457700002,39.76577959797907,0,48.61215896551937,0,10,10,63.29999999999997,false,false,false,0,0,0,0,false,false,1.16,0.9099999999999999
R1,0,1923-11,23,9.04992210267729,95.36916486934994,51.28127877979937,97.45951836191138,3.899833422766832,3.899833422766832,43.16162865695316,-0.1346261112263316,53.707153985331814,zloty,0,0,0,-0.12045494014481122,0,0,0,1.8795450598551888,1,18,36.50592870268016,39.5054624726132,39.88208323742788,0,49.2050984559637,0,10,10,63.44999999999997,false,false,false,0,0,0,0,false,false,1.19,0.94
R1,0,1923-12,24,6.334945471874102,97.80415980700182,52.12539748277924,97.36904912813921,3.932323047538705,3.932323047538705,43.12319029355918,-0.09282749934820986,54.09500778973227,zloty,0,0,0,-0.1270240819044311,0,0,0,1.872975918095569,1,18,36.516882317238505,39.54937927647317,39.951799352020686,0,49.82775416533222,0,10,10,63.599999999999966,false,false,false,0,0,0,0,false,false,1.22,0.97
R1,0,1924-01,25,4.434461830311871,99.5839861452843,52.79772987378925,97.30995998135037,3.953563063294509,3.953563063294509,43.0594283690758,-0.06068575930229678,54.36650545281259,zloty,0,0,0,-0.1315475435930395,0,0,0,1.8684524564069604,1,18,36.51625070735528,39.55769955356748,39.9874656231561,0,50.47435296276821,0,10,10,63.749999999999964,false,false,false,0,0,0,0,false,false,1.25,1
R1,0,1924-02,26,3.104123281218309,100.86890484131091,53.325377056743115,97.2745759753486,3.9662898202503194,3.9662898202503194,42.975496472862126,-0.03636216273088684,54.556553816968815,zloty,0,0,0,-0.13450200093248127,0,0,0,1.8654979990675187,1,18,36.50427147168936,39.53163240832816,39.99019640518659,0,51.140410223920284,0,10,10,63.89999999999996,false,false,false,0,0,0,0,false,false,1.28,1.03
R1,0,1924-03,27,2.172886296852816,101.7882569137165,53.73464024128363,97.25690302784012,3.9726486571467476,3.9726486571467476,42.87573516115983,-0.018168105418366016,54.68958767187817,zloty,0,0,0,-0.13627120123257014,0,0,0,1.8637287987674298,1,18,36.482977043012625,39.477984700916664,39.96648847330319,0,51.82237026110893,0,10,10,64.04999999999997,false,false,false,0,0,0,0,false,false,1.31,1.06
R1,0,1924-04,28,1.5210204077969713,102.44183872684225,54.04906157999295,97.25235690847751,3.974284676521602,3.974284676521602,42.76369595392132,-0.004674341071013614,54.782711370314715,zloty,0,0,0,-0.1371548486079938,0,0,0,1.8628451513920061,1,18,36.45479216814848,39.4047295391114,39.92396467290396,0,52.51742798568395,0,10,10,64.19999999999997,false,false,false,0,0,0,0,false,false,1.3399999999999999,1.0899999999999999
R1,0,1924-05,29,1.06471428545788,102.90436255155421,54.28871249376115,97.2574827237945,3.972439954791481,3.972439954791481,42.64222410652153,0.005270633514632266,54.847897959220305,zloty,0,0,0,-0.13738215457612454,0,0,0,1.8626178454238755,1,18,36.42145516797145,39.31784964311579,39.86810209779378,0,53.217427985683955,0,10,10,64.34999999999998,false,false,false,0,0,0,0,false,false,1.37,1.12
R1,0,1924-06,30,0.7452999998205159,103.23062217312894,54.47015731706907,97.26970369819657,3.968041999054883,3.968041999054883,42.513562731708696,0.012565587818851016,54.89352857145421,zloty,0,0,0,-0.1371258638102752,0,0,0,1.8628741361897247,1,18,36.3842023773142,39.22156534365809,39.80280549993311,0,53.917427985683965,0,10,10,64.49999999999999,false,false,false,0,0,0,0,false,false,1.4,1.15
R1,0,1924-07,31,0.5217099998743611,103.46023759457532,54.60675112195373,97.28711238500354,3.9617779310555097,3.9617779310555097,42.37945801219662,0.017897337141067483,54.925470000017945,zloty,0,0,0,-0.13651481509017174,0,0,0,1.8634851849098282,1,18,36.343908182497835,39.118713630044915,39.73084342549476,0,54.61742798568397,0,10,10,64.64999999999999,false,false,false,0,0,0,0,false,false,1.43,1.18
R1,0,1924-08,32,0.36519699991205273,103.62157710913587,54.709074485371374,97.30830459973384,3.9541538224004418,3.9541538224004418,42.24125547853801,0.021783167585908467,54.94782900001256,zloty,0,0,0,-0.13564438074982305,0,0,0,1.864355619250177,1,18,36.30118854323897,39.01129280640148,39.65417127086825,0,55.31742798568396,0,10,10,64.8,false,false,false,0,0,0,0,false,false,1.46,1.21
R1,0,1924-09,33,0.2556378999384369,103.73481449871045,54.7853962297626,97.33225094172224,3.9455407654466614,3.9455407654466614,43.099983243976865,0.02460873415365758,54.9634803000088,zloty,0,0,0,-0.13458477001330776,0,0,0,1.8654152299866922,1,18,36.26283616420893,38.90070622904068,39.574166380121866,0,56.01742798568395,0,10,10,64.95,false,false,false,0,0,0,0,false,false,1.49,1.24
R1,0,1924-10,34,0.1789465299569058,103.81422804131849,54.84210822383566,97.3581991936803,3.9362099546440183,3.9362099546440183,43.95642135708399,0.026659459436122548,54.974436210006154,zloty,0,0,0,-0.13338745291388818,0,0,0,1.866612547086112,1,18,36.22915442021373,38.787937313391424,39.49179708928047,0,56.71742798568396,0,10,10,65.10000000000001,false,false,false,0,0,0,0,false,false,1.52,1.27
R1,0,1924-11,35,0.12526257096983406,103.8698899054409,54.884107360786246,97.38560109470441,3.9263590479531896,3.9263590479531896,44.81115811036892,0.02814544768808278,54.98210534700431,zloty,0,0,0,-0.13209004031598467,0,0,0,1.8679099596840154,1,18,36.20035571796425,38.67367411172337,39.40774327862636,0,57.41742798568397,0,10,10,65.25000000000001,false,false,false,0,0,0,0,false,false,1.55,1.3
R1,0,1924-12,36,0.08768379967888384,103.90888873815027,54.915117275421274,97.41405787792351,3.9161317925738275,3.9161317925738275,45.66463488954533,0.02922072965532088,54.98747374290301,zloty,0,0,0,-0.13071994526477937,0,0,0,1.8692800547352206,1,18,36.17517960282265,38.55839746111112,39.322481856068194,0,58.11742798568396,0,10,10,65.40000000000002,false,false,false,0,0,0,0,false,false,1.58,1.33
R1,0,1925-01,37,0.06137865977521869,103.93620535013484,54.93795157880452,97.4432800194289,3.905632538411045,3.905632538411045,46.517181371282696,0.029997869036521248,54.99123162003211,zloty,0,0,0,-0.12929710610382444,0,0,0,1.8707028938961756,1,18,36.15333155170064,38.44244309123121,39.23634713484103,0,58.81742798568397,0,10,10,65.55000000000003,false,false,false,0,0,0,0,false,false,1.6099999999999999,1.3599999999999999
R1,0,1925-02,38,0.04296506184265308,103.9553355258026,54.9547247453699,97.47305762998846,3.8949369176419437,3.8949369176419437,47.36904282391856,0.030558916483146566,54.99386213402248,zloty,0,0,0,-0.12783599902855514,0,0,0,1.8721640009714449,1,18,36.13488557125651,38.326045253394895,39.14957336219878,0,59.51742798568397,0,10,10,65.70000000000003,false,false,false,0,0,0,0,false,false,1.64,1.39
R1,0,1925-03,39,0.030075543289857152,103.96873083934848,54.96701836990365,97.50323875417509,3.8840996732565043,3.8840996732565043,47.22040108155746,0.03096355538696929,54.99570349381573,zloty,0,0,0,-0.12634711850057698,0,0,0,1.873652881499423,1,18,36.115653401020175,38.2093673028347,39.062324618578025,0,60.217427985683976,0,10,10,65.85000000000004,false,false,false,0,0,0,0,false,false,1.67,1.42
R1,0,1925-04,40,0.021052880302900007,103.97810961304194,54.976010592633855,97.53371351065842,3.873160380464334,3.873160380464334,47.071390530460356,0.03125512226334258,54.99699244567101,zloty,0,0,0,-0.12483806229124568,0,0,0,1.8751619377087543,1,18,36.09567120465806,38.0925231022445,38.974715809812736,0.0003284434670874842,60.91742798568399,0.00012266069386715391,10,10,66.00000000000004,false,false,false,0,0,0,0,false,false,1.7,1.45
R1,0,1925-05,41,0.014737016212030003,103.98467576147497,54.982575828434605,97.56440252852562,3.862147617936489,3.862147617936489,46.92211021268134,0.03146503579384333,54.99789471196971,zloty,0,0,0,-0.12331432446707921,0,0,0,1.8766856755329209,1,18,36.0749642548089,37.975591984168176,38.88682739209417,0.002007704719706391,61.61742798568398,0.0007481078024936962,10,10,66.15000000000005,false,false,false,0,0,0,0,false,false,1.73,1.48
R1,0,1925-06,42,0.010315911348421001,103.98927255883096,51.387360969417855,97.20499092237333,3.991082002705077,3.991082002705077,46.7726329378283,-0.36838395648168115,42.9985262983788,zloty,0,12,-0.4,-0.12177987357371904,0,0,0,1.878220126426281,1,18,36.05392698968415,37.85591380740325,38.7998632435222,0.0036188658898962615,61.564585357778775,0.0013454405600048334,10,10,66.30000000000005,false,false,false,0,0,0,0,false,false,1.76,1.51
R1,0,1925-07,43,0.0072211379438947,103.99249055880544,48.87084320125204,96.79451815328724,4.138878394450907,4.138878394450907,46.731012108745766,-0.42227540498808447,42.99896840886516,zloty,0,12,-0.4,-0.13975045388133367,0,0,0,1.8602495461186663,1,18,36.0330806278396,37.736139090639085,38.71401800539337,0.004990497742145693,61.43003788532753,0.0018512878170023272,10,10,66.45000000000006,false,false,false,0,0,0,0,false,false,1.79,1.54
R1,0,1925-08,44,0.0050547965607262895,103.99474327729348,47.10937360673812,96.34926585981067,4.299877494079678,4.299877494079678,46.764886812708205,-0.4599974275107758,42.99927788620561,zloty,0,12,-0.4,-0.16027409233563789,0,0,0,1.8397259076643622,1,18,36.01279000372924,37.616296792320284,38.62942792154693,0.006018506252119288,61.25553219861255,0.0022277621685009405,10,10,66.60000000000007,false,false,false,0,0,0,0,false,false,1.8199999999999998,1.5699999999999998
R1,0,1925-09,45,0.0035383575925084024,103.99632023830691,45.87640988081986,95.88062163391196,4.470118001467881,4.470118001467881,46.85160560450606,-0.4864014496805804,42.99949452034393,zloty,0,12,-0.4,-0.18253670700946642,0,0,0,1.8174632929905337,1,18,35.99331048462087,37.49640718517108,38.54618834731907,0.006646165389369607,61.068127855154394,0.002454790396577222,10,10,66.75000000000007,false,false,false,0,0,0,0,false,false,1.8499999999999999,1.5999999999999999
R1,0,1925-10,46,0.0024768503147558816,103.99742413947284,45.01338076584612,95.39653639704808,4.646827152926318,4.646827152926318,46.97531330808147,-0.504883289881247,42.99964616424075,zloty,0,12,-0.4,-0.20596891830440214,0,0,0,1.7940310816955978,1,18,35.97482081390789,37.376484460986894,38.46436601491528,0.0068500704315964025,60.88460056537947,0.0025247329469236567,10,10,66.90000000000008,false,false,false,0,0,0,0,false,false,1.88,1.63
R1,0,1925-11,47,0.001733795220329117,103.99819688423318,44.40929223058284,94.90255415206498,4.828064116315102,4.828064116315102,47.12491188510609,-0.5178198953965255,42.999752314968525,zloty,0,12,-0.4,-0.23017318014759597,0,0,0,1.769826819852404,1,18,35.95744610144936,37.2565385544599,38.384007622474506,0.0068500704315964025,60.71483815144952,0.002519458364187044,10,10,67.05000000000008,false,false,false,0,0,0,0,false,false,1.91,1.66
R1,0,1925-12,48,0.0012136566542303817,103.99873781239822,43.98645254755138,94.40253628052268,5.012470380828689,5.012470380828689,47.292633118188604,-0.526875041467392,42.99982662047797,zloty,0,12,-0.4,-0.254872292396751,0,0,0,1.745127707603249,1,18,35.94127391632922,37.136576420087955,38.30514584722197,0.006850070431596403,60.5642565515737,0.0025142820167553524,10,10,67.20000000000009,false,false,false,0,0,0,0,false,false,1.94,1.69
R1,0,1926-01,49,0.0008495596579612671,103.99911646546187,45.49048037358634,94.08797446533099,5.1290950390793295,5.1290950390793295,47.47303954176206,-0.33321330928754356,48.99987863433458,zloty,0,6,-0.2,-0.2798731859738659,0,0,0,1.720126814026134,1,18,35.92617709396938,37.0166029261241,38.227229573058786,0.006850070431596403,60.739248181147744,0.002509167730342701,10,10,67.3500000000001,false,false,false,0,0,0,0,false,false,1.97,1.72
R1,0,1926-02,50,0.000594691760572887,103.99938152424701,46.543310774720695,93.79569030186309,5.237822491014708,5.237822491014708,47.60832513055447,-0.31064986267251005,48.9999150440342,zloty,0,6,-0.2,-0.29560127673345066,0,0,0,1.7043987232665494,1,18,35.91194412950832,36.89662148039669,38.15019729991783,0.007189925721596012,60.95382790809243,0.0026283489541744573,10,10,67.5000000000001,false,false,false,0,0,0,0,false,false,2,1.75
R1,0,1926-03,51,0.00041628423240102085,103.99956706620053,47.28029970155167,93.51912875079414,5.341021841179533,5.341021841179533,47.71202580731285,-0.2948552861852135,48.99994053082394,zloty,0,6,-0.2,-0.31021548490684553,0,0,0,1.6897845150931545,1,18,35.898426966703894,36.77663446841068,38.074005973336824,0.00817089205853325,61.19552620416891,0.002980985605872557,10,10,67.6500000000001,false,false,false,0,0,0,0,false,false,2.0300000000000002,1.78
R1,0,1926-04,52,0.00029139896268071455,103.9996969459619,47.79619730255919,93.25372242856625,5.440351479961025,5.440351479961025,47.7936168162663,-0.2837989679471208,48.99995837157676,zloty,0,6,-0.2,-0.3240435624602931,0,0,0,1.675956437539707,1,18,35.88552196432271,36.65664356003182,37.9986254524775,0.009867831785111665,61.455859892138356,0.0035929523404058567,10,10,67.80000000000011,false,false,false,0,0,0,0,false,false,2.06,1.81
R1,0,1926-05,53,0.00020397927387650017,103.99978786198788,48.157329369822556,92.99628670143629,5.536972292673896,5.536972292673896,47.85973089718952,-0.2760594648939169,48.99997086010373,zloty,0,6,-0.2,-0.33731387857168754,0,0,0,1.6626861214283124,1,18,35.87315657225721,36.53664992417218,37.924034637037096,0.01234116749433846,61.72901004319736,0.004484691909575611,10,30,67.95000000000012,false,false,false,0,0,0,0,false,false,2.09,1.8399999999999999
R1,0,1926-06,54,0.0001427854917135501,103.99985150330063,48.41012443949757,92.74459991757497,5.631696907468762,5.631696907468762,47.915011016094844,-0.2706417565567586,48.999979602072614,zloty,0,6,-0.2,-0.3501856649281855,0,0,0,1.6498143350718144,1,18,35.86128000459073,36.416654379073165,37.85021875569281,0.015641165107136173,62.01096321904387,0.005672824215944459,10,30,68.10000000000012,false,false,false,0,0,0,0,false,false,2.12,1.8699999999999999
R1,0,1926-07,55,0.00009994984419948506,103.99989605226591,50.38708282408355,92.96083458166515,5.550094169952158,5.550094169952158,47.96270728290992,0.23315067861886862,54.99998572145083,zloty,0,0,0.3,-0.3627700041212513,0,0,0,1.6372299958787486,1,18,35.84938555406577,36.31865032794731,37.77573247324253,0.02083587903668458,62.71096321904387,0.007542000442074552,10,30,68.25000000000013,false,false,false,0,0,0,0,false,false,2.15,1.9
R1,0,1926-08,56,0.00006996489093963954,103.9999272365643,51.77095497836316,93.20514068485144,5.458112276179374,5.458112276179374,47.95109479818741,0.2628054107793805,54.99999000501558,zloty,0,0,0.3,-0.3519582709167423,0,0,0,1.6480417290832576,1,18,35.837193931228775,36.224194914375005,37.70049105766496,0.027854840097570978,63.41096321904388,0.010062583767050708,10,30,68.40000000000013,false,false,false,0,0,0,0,false,false,2.1799999999999997,1.93
R1,0,1926-09,57,0.000048975423657747675,103.99994906558433,52.73966638590748,93.46943667004315,5.358864966280588,5.358864966280588,47.89796614883652,0.2835637425679618,54.99999300351091,zloty,0,0,0.3,-0.33974296575742785,0,0,0,1.6602570342425722,1,18,35.82450963329575,36.132560595709876,37.624435196535735,0.036621774971428545,64.11096321904388,0.013202957061682822,10,30,68.55000000000014,false,false,false,0,0,0,0,false,false,2.21,1.96
R1,0,1926-10,58,0.00003428279656042337,103.99996434590379,53.41776500087252,93.74806400248347,5.254531860370937,5.254531860370937,47.81577615725929,0.2980945883132869,54.99999510245763,zloty,0,0,0.3,-0.32652816649784244,0,0,0,1.6734718335021577,1,18,35.81119580822058,36.043218209513505,37.54752337120999,0.04705711031009009,64.81096321904387,0.016930445368496208,10,30,68.70000000000014,false,false,false,0,0,0,0,false,false,2.24,1.99
R1,0,1926-11,59,0.00002399795759229636,103.99997504213007,53.892434472126865,94.03705758737675,5.146638693947826,5.146638693947826,47.71324320723312,0.3082661897803181,54.999996571720345,zloty,0,0,0.3,-0.3125967998758263,0,0,0,1.6874032001241737,1,18,35.79715665951235,35.95578336189646,37.46972651870172,0.05907949674980716,65.51096321904389,0.021211879071370753,10,30,68.85000000000015,false,false,false,0,0,0,0,false,false,2.27,2.02
R1,0,1926-12,60,0.00001679857031460745,103.9999825294898,54.22470341055008,94.33363760031071,5.036253482851196,5.036253482851196,47.596470173069314,0.3153863174189436,54.99999760020424,zloty,0,0,0.3,-0.29814712063116244,0,0,0,1.7018528793688374,1,18,35.78232512959108,35.869977022577274,37.39102429498062,0.07260671552031407,66.21096321904389,0.026013931098969593,10,30,69.00000000000016,false,false,false,0,0,0,0,false,false,2.3,2.05
R1,0,1927-01,61,0.000011758999220225215,103.99998777064224,54.45729188342794,94.6358546631739,4.9241238388632365,4.9241238388632365,47.46972907075281,0.32037041139416955,54.99999832014297,zloty,0,0,0.3,-0.28331811998446454,0,0,0,1.7166818800155355,1,18,35.76665427812752,35.785596677773526,37.31140245927437,0.0875562009303416,66.9109632190439,0.03130331379875229,10,30,69.15000000000016,false,false,false,0,0,0,0,false,false,2.33,2.08
R1,0,1927-02,62,0.000008231299454157649,103.99999143944925,54.62010396562958,94.94234166110212,4.810773090717442,4.810773090717442,47.336010314249975,0.323859280416557,54.999998824100075,zloty,0,0,0.3,-0.2682072668413049,0,0,0,1.731792733158695,1,18,35.750111246876095,35.702495279045245,37.23085104307991,0.10384532760874936,67.61096321904388,0.037046890050336824,10,30,69.30000000000017,false,false,false,0,0,0,0,false,false,2.36,2.11
R1,0,1927-03,63,0.000005761909617910354,103.99999400761433,54.73407252900172,95.25213993753265,4.696567568867429,4.696567568867429,47.19740719528109,0.3263014910000377,54.999999176870055,zloty,0,0,0.3,-0.252882916944894,0,0,0,1.747117083055106,1,18,35.732673035054844,35.62056592074413,37.1493630684731,0.12139155662410703,68.31096321904388,0.04321173306075794,10,30,69.45000000000017,false,false,false,0,0,0,0,false,false,2.3899999999999997,2.1399999999999997
R1,0,1927-04,64,0.000004033336732537247,103.99999580532996,54.81385059744391,95.56457747236013,4.581763704868849,4.581763704868849,47.055385019411034,0.3280110399959405,54.99999942380904,zloty,0,0,0.3,-0.23739300312336767,0,0,0,1.7626069968766322,1,18,35.71432354210965,35.53973071100132,37.066933650927425,0.1401124993038821,69.0109632190439,0.04976515632719397,10,30,69.60000000000018,false,false,false,0,0,0,0,false,false,2.42,2.17
R1,0,1927-05,65,0.000002823335712776073,103.99999706373092,54.869695297210626,95.87918344414912,4.466541000977345,4.466541000977345,46.91096950148771,0.3292077254042983,54.99999959666633,zloty,0,0,0.3,-0.22177112638199362,0,0,0,1.7782288736180063,1,18,35.69505149764801,35.459932703228965,36.98355937128903,0.15992593498265775,69.7109632190439,0.05667472697300732,10,30,69.75000000000018,false,false,false,0,0,0,0,false,false,2.45,2.2
R1,0,1927-06,66,0.000001976334998943251,103.99999794461162,54.90878662334737,96.19562828438617,4.3510251088885425,4.3510251088885425,46.7648786425714,0.3300454059680067,54.99999971766643,zloty,0,0,0.3,-0.20604082779254398,0,0,0,1.793959172207456,1,18,35.674849012392045,35.38113005568586,36.89923783616065,0.18074980457820047,70.41096321904391,0.06390827041926758,10,30,69.90000000000019,false,false,false,0,0,0,0,false,false,2.48,2.23
R1,0,1927-07,67,0.0000013834344992602755,103.99999856122813,54.93615057705311,96.22509472040836,4.340303984871056,4.340303984871056,46.61761504387098,0.030631782907103486,54.9999998023665,zloty,0,0,0,-0.19021858578069128,0,0,0,1.8097814142193087,1,18,35.65399325883012,35.26504050925461,36.81482837012634,0.20304146960542888,71.11096321904391,0.07162577931691123,10,30,70.0500000000002,false,false,false,0,0,0,0,false,false,2.51,2.26
R1,0,1927-08,68,9.684041494821928e-7,103.99999899285967,54.95530536243414,96.2549651521276,4.329439198370089,4.329439198370089,46.46953052655938,0.031042247145621687,54.99999986165655,zloty,0,0,0,-0.18874526397958177,0,0,0,1.8112547360204183,1,18,35.63248037122199,35.14909557798997,36.73032980045908,0.22679263714965583,71.81096321904391,0.07982071448528402,10,30,70.2000000000002,false,false,false,0,0,0,0,false,false,2.54,2.29
R1,0,1927-09,69,6.778829046375349e-7,103.99999929500177,54.96871372465177,96.2851214211037,4.318473848037303,4.318473848037303,46.32087136568636,0.031329572379389464,54.99999990315958,zloty,0,0,0,-0.1872517423936202,0,0,0,1.8127482576063798,1,18,35.61030764354704,35.033281211241594,36.64574130624958,0.25199511497296484,72.51096321904392,0.08848659127807068,10,30,70.35000000000021,false,false,false,0,0,0,0,false,false,2.57,2.32
R1,0,1927-10,70,4.745180332462744e-7,103.99999950650124,54.978099586919754,96.31548079410487,4.307438102956876,4.307438102956876,46.171809953946806,0.03153070022979073,54.99999993221171,zloty,0,0,0,-0.1857439289448152,0,0,0,1.8142560710551847,1,18,35.58747318158922,34.91758730669907,36.56106231286108,0.2786407918704235,73.21096321904392,0.09761697236804198,10,30,70.50000000000021,false,false,false,0,0,0,0,false,false,2.6,2.35
R1,0,1927-11,71,3.3216262327239205e-7,103.99999965455085,54.98466969660828,96.34598534183415,4.296353081507344,4.296353081507344,46.022466966339216,0.03167148985580623,54.999999952548194,zloty,0,0,0,-0.1842259602947564,0,0,0,1.8157740397052435,1,18,35.56397565939609,34.80200660306486,36.47629241804766,0.30672162075167403,73.91096321904392,0.10720546157587618,10,30,70.65000000000022,false,false,false,0,0,0,0,false,false,2.63,2.38
R1,0,1927-12,72,2.3251383629067442e-7,103.99999975818561,54.98926877766091,96.37659450250305,4.285233566567408,4.285233566567408,45.87292687544097,0.03177004268553097,54.99999996678374,zloty,0,0,0,-0.18270073290829245,0,0,0,1.8172992670917076,1,18,35.53981414880015,34.68653388173065,36.39143134023707,0.3362296045806093,74.61096321904392,0.11724569877496041,10,30,70.80000000000022,false,false,false,0,0,0,0,false,false,2.66,2.41
R1,0,1928-01,73,1.6275968540347208e-7,103.9999998307299,54.99248813738721,96.40727987507987,4.274089906161769,4.274089906161769,45.72324881211114,0.03183902973039854,54.99999997674862,zloty,0,0,0,-0.18117027487484733,0,0,0,1.8188297251251526,1,18,35.51498800008356,34.57116539173238,36.30647888232865,0.3671567849809397,75.31096321904393,0.1277313557901461,10,30,70.95000000000023,false,false,false,0,0,0,0,false,false,2.69,2.44
R1,1,1922-01,1,5.199999999999999,98.85931558935361,54.879999999999995,100,3,3,44.85,0,54.6,marka,8,0,0,0,0,0,0,2,1,10,35.01320677946768,35.02281368821293,35.04312927756654,0,35.7,0,10,10,60.15,false,false,false,0,0,0,0,false,false,0.53,0.28
R1,1,1922-02,2,6.039999999999999,98.0761976612599,54.75999999999999,99.98907452471482,3.00382391634981,3.00382391634981,44.7036,-0.010925475285171161,54.48,marka,8,0,0,0,0,0,0,2,1,10,35.031106720259025,35.06320169316264,35.10338829723561,0,36.40104988906513,0,10,10,60.3,false,false,false,0,0,0,0,false,false,0.56,0.31
R1,1,1922-03,3,6.627999999999998,97.53535656675545,54.65079999999999,99.9700861807984,3.0104705628982824,3.0104705628982824,44.5608,-0.018990418709920957,54.396,marka,8,0,0,-0.0005462737642588422,0,0,0,1.9994537262357412,1,10,35.052020893425684,35.11581788510177,35.17559383581427,0,37.10141945348079,0,10,10,60.449999999999996,false,false,false,0,0,0,0,false,false,0.59,0.33999999999999997
R1,1,1922-04,4,7.039599999999998,97.16030328962366,54.556719999999984,99.94513849837014,3.019204864511367,3.019204864511367,44.421276,-0.024955147465956527,54.3372,marka,8,0,0,-0.0014956909600797985,0,0,0,1.9985043090399202,1,10,35.07479756943025,35.17697897011584,35.256174629655575,0,37.800042428664966,0,10,10,60.599999999999994,false,false,false,0,0,0,0,false,false,0.62,0.37
R1,1,1922-05,5,7.327719999999998,96.89947760000865,54.478515999999985,99.91578783574015,3.029483235300421,3.029483235300421,44.2845744,-0.02936677368301099,54.29604,marka,8,0,0,-0.0027430750814929185,0,0,0,1.997256924918507,1,10,35.09864088215306,35.24412860351019,35.34265204957074,0,38.49628213624888,0,10,10,60.74999999999999,false,false,false,0,0,0,0,false,false,0.65,0.4
R1,1,1922-06,6,7.529403999999998,96.71773127283399,54.415129599999986,99.88318887197079,3.0409024890203966,3.0409024890203966,44.15021892,-0.03262643919993101,54.267228,marka,8,0,0,-0.004210608212992639,0,0,0,1.9957893917870073,1,10,35.12299808461528,35.3154836049135,35.43329715656878,0,39.18977921553105,0,10,10,60.89999999999999,false,false,false,0,0,0,0,false,false,0.6799999999999999,0.43
R1,1,1922-07,7,9.770582799999998,94.7430516876148,54.364708599999986,99.84819858650013,3.0531634110564614,3.0531634110564614,44.017765032,-0.03503120581732831,54.2470596,marka,15,0,0,-0.005840556401460617,0,0,0,1.9941594435985395,1,10,35.159247748250294,35.426753032179235,35.56272866326368,0,39.88035124418532,0,10,10,61.04999999999999,false,false,false,0,0,0,0,false,false,0.71,0.45999999999999996
R1,1,1922-08,8,11.339407959999999,93.408077073091,54.262178535999986,99.79669193569569,3.07121814618114,3.07121814618114,43.886823774,-0.05158495749908185,54.02294172,marka,15,0,0,-0.007590070674993399,0,0,0,1.9924099293250066,1,10,35.20414813974113,35.56761885827976,35.721043969725194,0,40.56319729467987,0,10,10,61.19999999999999,false,false,false,0,0,0,0,false,false,0.74,0.49
R1,1,1922-09,9,12.437585572,92.49576062214805,54.14334273639999,99.73301894636569,3.093549093062485,3.093549093062485,43.75895841792,-0.06380270537527226,53.866059204,marka,15,0,0,-0.010165403215215463,0,0,0,1.9898345967847846,1,10,35.25478452384373,35.72886911927747,35.89930612779004,0,41.23830192235765,0,10,10,61.34999999999999,false,false,false,0,0,0,0,false,false,0.77,0.52
R1,1,1922-10,10,13.206309900399999,91.86767070801992,54.02721234831999,99.66032975825657,3.1190584139543707,3.1190584139543707,43.634658135828,-0.07288377397681575,53.7562414428,marka,15,0,0,-0.013349052681715535,0,0,0,1.9866509473182845,1,10,35.30919401257598,35.904270365563015,36.09146774095262,0,41.90599750706546,0,10,10,61.499999999999986,false,false,false,0,0,0,0,false,false,0.8,0.55
R1,1,1922-11,11,13.744416930279998,91.43305913972652,53.92285934681199,99.58094985801857,3.146936071143235,3.146936071143235,43.513841765378395,-0.0796504491110408,53.67936900996,marka,15,0,0,-0.016983512087171703,0,0,0,1.9830164879128283,1,10,35.366037233245976,36.089548011362915,36.29338201620803,0,42.56676903641726,0,10,10,61.649999999999984,false,false,false,0,0,0,0,false,false,0.83,0.58
R1,1,1922-12,12,14.121091851195999,91.13126970043977,53.833669034859994,99.49661212595282,3.176578493981238,3.176578493981238,43.39615598497404,-0.08469263668000795,53.625558306972,marka,15,0,0,-0.020952507099071482,0,0,0,1.9790474929009285,1,10,35.42439193928747,36.28174382877312,36.5021794394884,0,43.22114769154382,0,10,10,61.79999999999998,false,false,false,0,0,0,0,false,false,0.86,0.61
R1,1,1923-01,13,18.8847642958372,87.47967043211912,53.75993556886611,99.40861253951228,3.2075341763869916,3.2075341763869916,43.281145913928235,-0.0884448068735819,53.5878908148804,marka,30,0,0,-0.025169393702358888,0,0,0,1.974830606297641,1,10,35.505493599091885,36.547628261333614,36.78248473428587,0,43.86965384351495,0,10,10,61.94999999999998,false,false,false,0,0,0,0,false,false,0.89,0.64
R1,1,1923-02,14,22.219335007086038,85.0929192127991,53.56541196933116,99.29055128955805,3.249101437440511,3.249101437440511,43.168347846862254,-0.11876360301005535,53.11152357041628,marka,30,0,0,-0.02956937302438618,0,0,0,1.9704306269756138,1,10,35.602845058837254,36.86655350760439,37.11446676709598,0,44.49676340609546,0,10,10,62.09999999999998,false,false,false,0,0,0,0,false,false,0.9199999999999999,0.6699999999999999
R1,1,1923-03,15,24.553534504960226,83.49823263815794,53.329208328319226,99.15077455253395,3.2983728508056847,3.2983728508056847,43.06138548778232,-0.1407754667576398,52.7780664992914,marka,30,0,0,-0.035472435522097355,1,0,0,0.9645275644779026,1,10,35.710972390396215,37.22122456152382,37.48134063467974,0,45.10741829769835,0,10,10,62.24999999999998,false,false,false,0,0,0,0,false,false,0.95,0.7
R1,1,1923-04,16,26.187474153472156,82.41705501887833,53.09383979467465,98.9950324680465,3.3533494556951666,3.3533494556951666,42.96150923793274,-0.15707601396994808,52.54464654950398,marka,30,0,0,-0.0424612723733027,1,0,0,0.9575387276266973,1,10,35.82632954648738,37.60037176359099,37.87216893114038,0,45.70561612122231,0,10,10,62.39999999999998,true,true,false,1,0,0,0,false,false,0.98,0.73
R1,1,1923-05,17,27.331231907430507,81.67674060956841,49.88006363166809,98.82747747259099,3.412589042720265,3.412589042720265,42.8686940440925,-0.1692559629288536,42.381252584652785,stabilizing,30,10,0,-0.05024837659767485,1,3,2,1.9497516234023253,1,18,36.05387883493891,37.99645674491217,38.27963608491606,0,46.294535900032585,0,10,10,62.549999999999976,true,true,false,1,0,0,0,false,false,1.01,0.76
R1,1,1923-06,18,28.131862335201355,81.16638446097755,47.59610758494475,98.60671159280503,3.490773834947216,3.490773834947216,42.87229213514246,-0.2233851206484314,42.26687680925695,stabilizing,30,10,0,-0.05862612637045075,1,3,2,1.9413738736295492,1,18,36.180561804615515,38.4122214518061,38.7066874301864,0,46.85535117206868,0,10,10,62.699999999999974,true,true,false,0,0,0,0,false,false,1.04,0.79
R1,1,1923-07,19,37.69230363464095,75.53072848280493,45.97331943940528,98.3486308985432,3.582378393635519,3.582378393635519,42.944408907594116,-0.26172731053800835,42.186813766479865,stabilizing,60,10,0,-0.06966442035974865,1,3,2,1.9303355796402513,1,18,36.34568548850693,38.94740916149415,39.249420150711664,0,47.39390864370748,0,10,10,62.84999999999997,true,true,false,0,0,0,0,false,false,1.0699999999999998,0.82
R1,1,1923-08,20,26.384612544248665,82.28849850181598,47.550554498544464,98.02294509911519,3.6982824268267875,3.6982824268267875,43.06520932441196,-0.33115438054648133,51.2307696365359,zloty,0,0,0,-0.08256845507283969,1,3,0,3.9174315449271604,1,18,36.472911904026674,39.359591208053466,39.67438974731008,0,47.89775342218549,0,10,10,62.99999999999997,true,true,false,0,0,0,0,false,false,1.1,0.85
R1,1,1923-09,21,18.469228780974063,87.78650884296312,48.99384977265366,97.77452192788563,3.7869842199043444,3.7869842199043444,43.138692689455624,-0.2534336945073052,52.36153874557513,zloty,0,0,0,-0.09885274504424046,1,3,0,3.9011472549557595,1,18,36.56150431030464,39.64821192773299,39.98026889687261,0,48.45004310893905,0,10,10,63.14999999999997,true,true,false,0,0,0,0,false,false,1.13,0.88
R1,1,1923-10,22,12.928460146681843,92.09370238903043,50.241617977428334,97.59090119710378,3.852714283837616,3.852714283837616,43.168877196276014,-0.18780018266649018,53.15307712190259,zloty,0,0,0,-0.11127390360571851,0,3,0,4.888726096394281,1,18,36.61942164439959,39.83920291191902,40.19213673989788,0,49.0385161074382,0,10,10,63.29999999999997,false,false,false,0,0,0,0,false,false,1.16,0.9099999999999999
R1,1,1923-11,23,9.04992210267729,95.36916486934994,51.28127877979937,97.45951836191138,3.899833422766832,3.899833422766832,43.16162865695316,-0.1346261112263316,53.707153985331814,zloty,0,0,0,-0.12045494014481122,0,0,0,1.8795450598551888,1,18,36.65365135625105,39.95537918399663,40.331999948811294,0,49.65501516734714,0,10,10,63.44999999999997,false,false,false,0,0,0,0,false,false,1.19,0.94
R1,1,1923-12,24,6.334945471874102,97.80415980700182,52.12539748277924,97.36904912813921,3.932323047538705,3.932323047538705,43.12319029355918,-0.09282749934820986,54.09500778973227,zloty,0,0,0,-0.1270240819044311,0,0,0,1.872975918095569,1,18,36.66993868420944,40.015540800242526,40.417960875790044,0,50.29391568910159,0,10,10,63.599999999999966,false,false,false,0,0,0,0,false,false,1.22,0.97
R1,1,1924-01,25,4.434461830311871,99.5839861452843,52.79772987378925,97.30995998135037,3.953563063294509,3.953563063294509,43.0594283690758,-0.06068575930229678,54.36650545281259,zloty,0,0,0,-0.1315475435930395,0,0,0,1.8684524564069604,1,18,36.67279397691279,40.03448108521474,40.46424715480336,0,50.951134494415484,0,10,10,63.749999999999964,false,false,false,0,0,0,0,false,false,1.25,1
R1,1,1924-02,26,3.104123281218309,100.86890484131091,53.325377056743115,97.2745759753486,3.9662898202503194,3.9662898202503194,42.975496472862126,-0.03636216273088684,54.556553816968815,zloty,0,0,0,-0.13450200093248127,0,0,0,1.8654979990675187,1,18,36.662904050513795,40.014777318453326,40.47334131531176,0,51.62355513404547,0,10,10,63.89999999999996,false,false,false,0,0,0,0,false,false,1.28,1.03
R1,1,1924-03,27,2.172886296852816,101.7882569137165,53.73464024128363,97.25690302784012,3.9726486571467476,3.9726486571467476,42.87573516115983,-0.018168105418366016,54.68958767187817,zloty,0,0,0,-0.13627120123257014,0,0,0,1.8637287987674298,1,18,36.642653530894215,39.964309029490046,40.45281280187657,0,52.308694589682325,0,10,10,64.04999999999997,false,false,false,0,0,0,0,false,false,1.31,1.06
R1,1,1924-04,28,1.5210204077969713,102.44183872684225,54.04906157999295,97.25235690847751,3.974284676521602,3.974284676521602,42.76369595392132,-0.004674341071013614,54.782711370314715,zloty,0,0,0,-0.1371548486079938,0,0,0,1.8628451513920061,1,18,36.61473723587745,39.89187187737221,40.411107011164766,0,53.004570323944776,0,10,10,64.19999999999997,false,false,false,0,0,0,0,false,false,1.3399999999999999,1.0899999999999999
R1,1,1924-05,29,1.06471428545788,102.90436255155421,54.28871249376115,97.2574827237945,3.972439954791481,3.972439954791481,42.64222410652153,0.005270633514632266,54.847897959220305,zloty,0,0,0,-0.13738215457612454,0,0,0,1.8626178454238755,1,18,36.581400235700414,39.804991981376595,40.35524443605459,0,53.704570323944786,0,10,10,64.34999999999998,false,false,false,0,0,0,0,false,false,1.37,1.12
R1,1,1924-06,30,0.7452999998205159,103.23062217312894,54.47015731706907,97.26970369819657,3.968041999054883,3.968041999054883,42.513562731708696,0.012565587818851016,54.89352857145421,zloty,0,0,0,-0.1371258638102752,0,0,0,1.8628741361897247,1,18,36.54414744504316,39.708707681918895,40.28994783819391,0,54.404570323944775,0,10,10,64.49999999999999,false,false,false,0,0,0,0,false,false,1.4,1.15
R1,1,1924-07,31,0.5217099998743611,103.46023759457532,54.60675112195373,97.28711238500354,3.9617779310555097,3.9617779310555097,42.37945801219662,0.017897337141067483,54.925470000017945,zloty,0,0,0,-0.13651481509017174,0,0,0,1.8634851849098282,1,18,36.503853250226804,39.60585596830572,40.21798576375557,0,55.104570323944785,0,10,10,64.64999999999999,false,false,false,0,0,0,0,false,false,1.43,1.18
R1,1,1924-08,32,0.36519699991205273,103.62157710913587,54.709074485371374,97.30830459973384,3.9541538224004418,3.9541538224004418,42.24125547853801,0.021783167585908467,54.94782900001256,zloty,0,0,0,-0.13564438074982305,0,0,0,1.864355619250177,1,18,36.46113361096794,39.49843514466228,40.14131360912906,0,55.80457032394478,0,10,10,64.8,false,false,false,0,0,0,0,false,false,1.46,1.21
R1,1,1924-09,33,0.2556378999384369,103.73481449871045,54.7853962297626,97.33225094172224,3.9455407654466614,3.9455407654466614,43.099983243976865,0.02460873415365758,54.9634803000088,zloty,0,0,0,-0.13458477001330776,0,0,0,1.8654152299866922,1,18,36.4227812319379,39.38784856730149,40.06130871838268,0,56.50457032394478,0,10,10,64.95,false,false,false,0,0,0,0,false,false,1.49,1.24
R1,1,1924-10,34,0.1789465299569058,103.81422804131849,54.84210822383566,97.3581991936803,3.9362099546440183,3.9362099546440183,43.95642135708399,0.026659459436122548,54.974436210006154,zloty,0,0,0,-0.13338745291388818,0,0,0,1.866612547086112,1,18,36.3890994879427,39.27507965165224,39.97893942754129,0,57.204570323944786,0,10,10,65.10000000000001,false,false,false,0,0,0,0,false,false,1.52,1.27
R1,1,1924-11,35,0.12526257096983406,103.8698899054409,54.884107360786246,97.38560109470441,3.9263590479531896,3.9263590479531896,44.81115811036892,0.02814544768808278,54.98210534700431,zloty,0,0,0,-0.13209004031598467,0,0,0,1.8679099596840154,1,18,36.36030078569322,39.16081644998419,39.89488561688718,0,57.90457032394479,0,10,10,65.25000000000001,false,false,false,0,0,0,0,false,false,1.55,1.3
R1,1,1924-12,36,0.08768379967888384,103.90888873815027,54.915117275421274,97.41405787792351,3.9161317925738275,3.9161317925738275,45.66463488954533,0.02922072965532088,54.98747374290301,zloty,0,0,0,-0.13071994526477937,0,0,0,1.8692800547352206,1,18,36.33512467055162,39.04553979937194,39.80962419432901,0,58.60457032394479,0,10,10,65.40000000000002,false,false,false,0,0,0,0,false,false,1.58,1.33
R1,1,1925-01,37,0.06137865977521869,103.93620535013484,54.93795157880452,97.4432800194289,3.905632538411045,3.905632538411045,46.517181371282696,0.029997869036521248,54.99123162003211,zloty,0,0,0,-0.12929710610382444,0,0,0,1.8707028938961756,1,18,36.313276619429615,38.92958542949203,39.72348947310185,0,59.3045703239448,0,10,10,65.55000000000003,false,false,false,0,0,0,0,false,false,1.6099999999999999,1.3599999999999999
R1,1,1925-02,38,0.04296506184265308,103.9553355258026,54.9547247453699,97.47305762998846,3.8949369176419437,3.8949369176419437,47.36904282391856,0.030558916483146566,54.99386213402248,zloty,0,0,0,-0.12783599902855514,0,0,0,1.8721640009714449,1,18,36.294830638985474,38.81318759165572,39.6367157004596,0,60.00457032394481,0,10,10,65.70000000000003,false,false,false,0,0,0,0,false,false,1.64,1.39
R1,1,1925-03,39,0.030075543289857152,103.96873083934848,54.96701836990365,97.50323875417509,3.8840996732565043,3.8840996732565043,47.22040108155746,0.03096355538696929,54.99570349381573,zloty,0,0,0,-0.12634711850057698,0,0,0,1.873652881499423,1,18,36.275598468749145,38.696509641095524,39.54946695683885,0,60.7045703239448,0,10,10,65.85000000000004,false,false,false,0,0,0,0,false,false,1.67,1.42
R1,1,1925-04,40,0.021052880302900007,103.97810961304194,54.976010592633855,97.53371351065842,3.873160380464334,3.873160380464334,47.071390530460356,0.03125512226334258,54.99699244567101,zloty,0,0,0,-0.12483806229124568,0,0,0,1.8751619377087543,1,18,36.25561627238702,38.57966544050532,39.46185814807357,0.0012718336691867735,61.40457032394482,0.00048091650353520194,10,10,66.00000000000004,false,false,false,0,0,0,0,false,false,1.7,1.45
R1,1,1925-05,41,0.014737016212030003,103.98467576147497,54.982575828434605,97.56440252852562,3.862147617936489,3.862147617936489,46.92211021268134,0.03146503579384333,54.99789471196971,zloty,0,0,0,-0.12331432446707921,0,0,0,1.8766856755329209,1,18,36.23490932253787,38.46273432242901,39.373969730355,0.003891802732460707,62.104570323944806,0.0014683238521020928,10,10,66.15000000000005,false,false,false,0,0,0,0,false,false,1.73,1.48
R1,1,1925-06,42,0.010315911348421001,103.98927255883096,51.387360969417855,97.20499092237333,3.991082002705077,3.991082002705077,46.7726329378283,-0.36838395648168115,42.9985262983788,zloty,0,12,-0.4,-0.12177987357371904,0,0,0,1.878220126426281,1,18,36.23503878557931,38.40752333804837,39.351472774167334,0.006475076412144801,62.11619488842389,0.002441561796371991,10,10,66.30000000000005,false,false,false,0,0,0,0,false,false,1.76,1.51
R1,1,1925-07,43,0.0072211379438947,103.99249055880544,48.87084320125204,96.79451815328724,4.138878394450907,4.138878394450907,46.731012108745766,-0.42227540498808447,42.99896840886516,zloty,0,12,-0.4,-0.13975045388133367,0,0,0,1.8602495461186663,1,18,36.23845566471302,38.36164681715712,39.33952573191141,0.008988230648674357,62.05554561184557,0.0033881697464590234,10,10,66.45000000000006,false,false,false,0,0,0,0,false,false,1.79,1.54
R1,1,1925-08,44,0.0050547965607262895,103.99474327729348,47.10937360673812,96.34926585981067,4.299877494079678,4.299877494079678,46.764886812708205,-0.4599974275107758,42.99927788620561,zloty,0,12,-0.4,-0.16027409233563789,0,0,0,1.8397259076643622,1,18,36.24459572612505,38.322304068652706,39.33543519787935,0.011361042456461863,61.96153947494497,0.0042821706870903005,10,10,66.60000000000007,false,false,false,0,0,0,0,false,false,1.8199999999999998,1.5699999999999998
R1,1,1925-09,45,0.0035383575925084024,103.99632023830691,45.87640988081986,95.88062163391196,4.470118001467881,4.470118001467881,46.85160560450606,-0.4864014496805804,42.99949452034393,zloty,0,12,-0.4,-0.18253670700946642,0,0,0,1.8174632929905337,1,18,36.25306402364624,38.2875347151976,39.33731587734558,0.013566669511262603,61.85925538518091,0.00511375362908774,10,10,66.75000000000007,false,false,false,0,0,0,0,false,false,1.8499999999999999,1.5999999999999999
R1,1,1925-10,46,0.0024768503147558816,103.99742413947284,45.01338076584612,95.39653639704808,4.646827152926318,4.646827152926318,46.97531330808147,-0.504883289881247,42.99964616424075,zloty,0,12,-0.4,-0.20596891830440214,0,0,0,1.7940310816955978,1,18,36.26358410529769,38.255966566742636,39.34384812067102,0.015608690997466751,61.76408267113521,0.005884440148304036,10,10,66.90000000000008,false,false,false,0,0,0,0,false,false,1.88,1.63
R1,1,1925-11,47,0.001733795220329117,103.99819688423318,44.40929223058284,94.90255415206498,4.828064116315102,4.828064116315102,47.12491188510609,-0.5178198953965255,42.999752314968525,zloty,0,12,-0.4,-0.23017318014759597,0,0,0,1.769826819852404,1,18,36.27596246099548,38.226639141910034,39.35410820992464,0.017511974912353158,61.68493873889965,0.00660369541365162,10,10,67.05000000000008,false,false,false,0,0,0,0,false,false,1.91,1.66
R1,1,1925-12,48,0.0012136566542303817,103.99873781239822,43.98645254755138,94.40253628052268,5.012470380828689,5.012470380828689,47.292633118188604,-0.526875041467392,42.99982662047797,zloty,0,12,-0.4,-0.254872292396751,0,0,0,1.745127707603249,1,18,36.290063637633,38.19888013979488,39.3674495669289,0.019316265116948325,61.62656027128062,0.007286555367344725,10,10,67.20000000000009,false,false,false,0,0,0,0,false,false,1.94,1.69
R1,1,1926-01,49,0.0008495596579612671,103.99911646546187,45.49048037358634,94.08797446533099,5.1290950390793295,5.1290950390793295,47.47303954176206,-0.33321330928754356,48.99987863433458,zloty,0,6,-0.2,-0.2798731859738659,0,0,0,1.720126814026134,1,18,36.294112696669295,38.13721897495635,39.347845621891025,0.021834728612973104,61.85986422998,0.008232478196467332,10,10,67.3500000000001,false,false,false,0,0,0,0,false,false,1.97,1.72
R1,1,1926-02,50,0.000594691760572887,103.99938152424701,46.543310774720695,93.79569030186309,5.237822491014708,5.237822491014708,47.60832513055447,-0.31064986267251005,48.9999150440342,zloty,0,6,-0.2,-0.29560127673345066,0,0,0,1.7043987232665494,1,18,36.29772915556763,38.071601255196626,39.32517707471776,0.025109377875155502,62.12880768289236,0.009461684694974529,10,10,67.5000000000001,false,false,false,0,0,0,0,false,false,2,1.75
R1,1,1926-03,51,0.00041628423240102085,103.99956706620053,47.28029970155167,93.51912875079414,5.341021841179533,5.341021841179533,47.71202580731285,-0.2948552861852135,48.99994053082394,zloty,0,6,-0.2,-0.31021548490684553,0,0,0,1.6897845150931545,1,18,36.30115388608193,38.00321391829303,39.300585423219175,0.02922814053216808,62.42210565405125,0.011006824414736516,10,10,67.6500000000001,false,false,false,0,0,0,0,false,false,2.0300000000000002,1.78
R1,1,1926-04,52,0.00029139896268071455,103.9996969459619,47.79619730255919,93.25372242856625,5.440351479961025,5.440351479961025,47.7936168162663,-0.2837989679471208,48.99995837157676,zloty,0,6,-0.2,-0.3240435624602931,0,0,0,1.675956437539707,1,18,36.30455549940071,37.93288782930492,39.27486972175059,0.034261591921475106,62.732104161411456,0.012893894818466619,10,10,67.80000000000011,false,false,false,0,0,0,0,false,false,2.06,1.81
R1,1,1926-05,53,0.00020397927387650017,103.99978786198788,48.157329369822556,92.99628670143629,5.536972292673896,5.536972292673896,47.85973089718952,-0.2760594648939169,48.99997086010373,zloty,0,6,-0.2,-0.33731387857168754,0,0,0,1.6626861214283124,1,18,36.3080520240889,37.86120459980172,39.24858931266664,0.04026819220952639,63.0535647188269,0.015144258592020331,10,30,67.95000000000012,false,false,false,0,0,0,0,false,false,2.09,1.8399999999999999
R1,1,1926-06,54,0.0001427854917135501,103.99985150330063,48.41012443949757,92.74459991757497,5.631696907468762,5.631696907468762,47.915011016094844,-0.2706417565567586,48.999979602072614,zloty,0,6,-0.2,-0.3501856649281855,0,0,0,1.6498143350718144,1,18,36.311726080684586,37.788571362100136,39.22213573871978,0.0472979350575822,63.38288020207085,0.017776049500532375,10,30,68.10000000000012,false,false,false,0,0,0,0,false,false,2.12,1.8699999999999999
R1,1,1926-07,55,0.00009994984419948506,103.99989605226591,50.38708282408355,92.96083458166515,5.550094169952158,5.550094169952158,47.96270728290992,0.23315067861886862,54.99998572145083,zloty,0,0,0.3,-0.3627700041212513,0,0,0,1.6372299958787486,1,18,36.299831630159616,37.690567310974274,39.147649456269484,0.056299783211708795,64.08288020207085,0.021119043530629798,10,30,68.25000000000013,false,false,false,0,0,0,0,false,false,2.15,1.9
R1,1,1926-08,56,0.00006996489093963954,103.9999272365643,51.77095497836316,93.20514068485144,5.458112276179374,5.458112276179374,47.95109479818741,0.2628054107793805,54.99999000501558,zloty,0,0,0.3,-0.3519582709167423,0,0,0,1.6480417290832576,1,18,36.28764000732263,37.59611189740197,39.07240804069193,0.06706278273607445,64.78288020207086,0.025108084408164526,10,30,68.40000000000013,false,false,false,0,0,0,0,false,false,2.1799999999999997,1.93
R1,1,1926-09,57,0.000048975423657747675,103.99994906558433,52.73966638590748,93.46943667004315,5.358864966280588,5.358864966280588,47.89796614883652,0.2835637425679618,54.99999300351091,zloty,0,0,0.3,-0.33974296575742785,0,0,0,1.6602570342425722,1,18,36.2749557093896,37.50447757873684,38.996352179562706,0.07950567653842631,65.48288020207086,0.029708720870036055,10,30,68.55000000000014,false,false,false,0,0,0,0,false,false,2.21,1.96
R1,1,1926-10,58,0.00003428279656042337,103.99996434590379,53.41776500087252,93.74806400248347,5.254531860370937,5.254531860370937,47.81577615725929,0.2980945883132869,54.99999510245763,zloty,0,0,0.3,-0.32652816649784244,0,0,0,1.6734718335021577,1,18,36.26164188431443,37.41513519254047,38.91944035423695,0.09354540262563747,66.18288020207086,0.03488597515877266,10,30,68.70000000000014,false,false,false,0,0,0,0,false,false,2.24,1.99
R1,1,1926-11,59,0.00002399795759229636,103.99997504213007,53.892434472126865,94.03705758737675,5.146638693947826,5.146638693947826,47.71324320723312,0.3082661897803181,54.999996571720345,zloty,0,0,0.3,-0.3125967998758263,0,0,0,1.6874032001241737,1,18,36.24760273560621,37.327700344923414,38.84164350172867,0.10909816958021994,66.88288020207085,0.040604754965704724,10,30,68.85000000000015,false,false,false,0,0,0,0,false,false,2.27,2.02
R1,1,1926-12,60,0.00001679857031460745,103.9999825294898,54.22470341055008,94.33363760031071,5.036253482851196,5.036253482851196,47.596470173069314,0.3153863174189436,54.99999760020424,zloty,0,0,0.3,-0.29814712063116244,0,0,0,1.7018528793688374,1,18,36.232771205684934,37.24189400560423,38.76294127800757,0.12608004919270302,67.58288020207088,0.04683008271499207,10,30,69.00000000000016,false,false,false,0,0,0,0,false,false,2.3,2.05
R1,1,1927-01,61,0.000011758999220225215,103.99998777064224,54.45729188342794,94.6358546631739,4.9241238388632365,4.9241238388632365,47.46972907075281,0.32037041139416955,54.99999832014297,zloty,0,0,0.3,-0.28331811998446454,0,0,0,1.7166818800155355,1,18,36.21710035422136,37.15751366080048,38.683319442301325,0.14440727916326276,68.28288020207087,0.053527215449534066,10,30,69.15000000000016,false,false,false,0,0,0,0,false,false,2.33,2.08
R1,1,1927-02,62,0.000008231299454157649,103.99999143944925,54.62010396562958,94.94234166110212,4.810773090717442,4.810773090717442,47.336010314249975,0.323859280416557,54.999998824100075,zloty,0,0,0.3,-0.2682072668413049,0,0,0,1.731792733158695,1,18,36.20055732296995,37.0744122620722,38.60276802610687,0.16399639649399272,68.98288020207087,0.06066170104139928,10,30,69.30000000000017,false,false,false,0,0,0,0,false,false,2.36,2.11
R1,1,1927-03,63,0.000005761909617910354,103.99999400761433,54.73407252900172,95.25213993753265,4.696567568867429,4.696567568867429,47.19740719528109,0.3263014910000377,54.999999176870055,zloty,0,0,0.3,-0.252882916944894,0,0,0,1.747117083055106,1,18,36.18311911114869,36.992482903771084,38.521280051500064,0.1847642759141819,69.68288020207086,0.0681993988476911,10,30,69.45000000000017,false,false,false,0,0,0,0,false,false,2.3899999999999997,2.1399999999999997
R1,1,1927-04,64,0.000004033336732537247,103.99999580532996,54.81385059744391,95.56457747236013,4.581763704868849,4.581763704868849,47.055385019411034,0.3280110399959405,54.99999942380904,zloty,0,0,0.3,-0.23739300312336767,0,0,0,1.7626069968766322,1,18,36.16476961820351,36.911647694028275,38.43885063395438,0.20662811831342007,70.38288020207088,0.07610648178123908,10,30,69.60000000000018,false,false,false,0,0,0,0,false,false,2.42,2.17
R1,1,1927-05,65,0.000002823335712776073,103.99999706373092,54.869695297210626,95.87918344414912,4.466541000977345,4.466541000977345,46.91096950148771,0.3292077254042983,54.99999959666633,zloty,0,0,0.3,-0.22177112638199362,0,0,0,1.7782288736180063,1,18,36.145497573741864,36.83184968625592,38.35547635431599,0.22950541571950928,71.08288020207088,0.08434942977671267,10,30,69.75000000000018,false,false,false,0,0,0,0,false,false,2.45,2.2
R1,1,1927-06,66,0.000001976334998943251,103.99999794461162,54.90878662334737,96.19562828438617,4.3510251088885425,4.3510251088885425,46.7648786425714,0.3300454059680067,54.99999971766643,zloty,0,0,0.3,-0.20604082779254398,0,0,0,1.793959172207456,1,18,36.12529508848589,36.753047038712815,38.271154819187615,0.2533139079352825,71.78288020207088,0.09289502031185004,10,30,69.90000000000019,false,false,false,0,0,0,0,false,false,2.48,2.23
R1,1,1927-07,67,0.0000013834344992602755,103.99999856122813,54.93615057705311,96.22509472040836,4.340303984871056,4.340303984871056,46.61761504387098,0.030631782907103486,54.9999998023665,zloty,0,0,0,-0.19021858578069128,0,0,0,1.8097814142193087,1,18,36.104439334923974,36.63695749228157,38.1867453531533,0.278582841336683,72.48288020207089,0.10193629408517435,10,30,70.0500000000002,false,false,false,0,0,0,0,false,false,2.51,2.26
R1,1,1927-08,68,9.684041494821928e-7,103.99999899285967,54.95530536243414,96.2549651521276,4.329439198370089,4.329439198370089,46.46953052655938,0.031042247145621687,54.99999986165655,zloty,0,0,0,-0.18874526397958177,0,0,0,1.8112547360204183,1,18,36.08292644731583,36.52101256101692,38.10224678348603,0.3053038244625233,73.1828802020709,0.11146657635594928,10,30,70.2000000000002,false,false,false,0,0,0,0,false,false,2.54,2.29
R1,1,1927-09,69,6.778829046375349e-7,103.99999929500177,54.96871372465177,96.2851214211037,4.318473848037303,4.318473848037303,46.32087136568636,0.031329572379389464,54.99999990315958,zloty,0,0,0,-0.1872517423936202,0,0,0,1.8127482576063798,1,18,36.060753719640886,36.40519819426855,38.01765828927654,0.33346859609227236,73.8828802020709,0.1214792595092677,10,30,70.35000000000021,false,false,false,0,0,0,0,false,false,2.57,2.32
R1,1,1927-10,70,4.745180332462744e-7,103.99999950650124,54.978099586919754,96.31548079410487,4.307438102956876,4.307438102956876,46.171809953946806,0.03153070022979073,54.99999993221171,zloty,0,0,0,-0.1857439289448152,0,0,0,1.8142560710551847,1,18,36.037919257683065,36.28950428972602,37.93297929588803,0.36306899673312304,74.5828802020709,0.1319677922049844,10,30,70.50000000000021,false,false,false,0,0,0,0,false,false,2.6,2.35
R1,1,1927-11,71,3.3216262327239205e-7,103.99999965455085,54.98466969660828,96.34598534183415,4.296353081507344,4.296353081507344,46.022466966339216,0.03167148985580623,54.999999952548194,zloty,0,0,0,-0.1842259602947564,0,0,0,1.8157740397052435,1,18,36.01442173548993,36.17392358609181,37.84820940107461,0.39409694549317364,75.2828802020709,0.1429256706226078,10,30,70.65000000000022,false,false,false,0,0,0,0,false,false,2.63,2.38
R1,1,1927-12,72,2.3251383629067442e-7,103.99999975818561,54.98926877766091,96.37659450250305,4.285233566567408,4.285233566567408,45.87292687544097,0.03177004268553097,54.99999996678374,zloty,0,0,0,-0.18270073290829245,0,0,0,1.8172992670917076,1,18,35.990260224893994,36.0584508647576,37.76334832326403,0.4265444216752145,75.98288020207089,0.15434643153015407,10,30,70.80000000000022,false,false,false,0,0,0,0,false,false,2.66,2.41
R1,1,1928-01,73,1.6275968540347208e-7,103.9999998307299,54.99248813738721,96.40727987507987,4.274089906161769,4.274089906161769,45.72324881211114,0.03183902973039854,54.99999997674862,zloty,0,0,0,-0.18117027487484733,0,0,0,1.8188297251251526,1,18,35.96543407617742,35.94308237475934,37.67839586535561,0.4604034503401686,76.68288020207092,0.16622364687870567,10,30,70.95000000000023,false,false,false,0,0,0,0,false,false,2.69,2.44
R2,0,1922-01,1,5.199999999999999,98.85931558935361,54.879999999999995,100,3,3,44.85,0,54.6,marka,8,0,0,0,0,0,0,2,1,10,35.01320677946768,35.02281368821293,35.04312927756654,0,35.7,0,10,10,60.15,false,false,false,0,0,0,0,false,false,0.53,0.28
R2,0,1922-02,2,6.039999999999999,98.0761976612599,54.75999999999999,99.98907452471482,3.00382391634981,3.00382391634981,44.7036,-0.010925475285171161,54.48,marka,8,0,0,0,0,0,0,2,1,10,35.030478960658264,35.06128973498773,35.1014763390607,0,36.39913793089023,0,10,10,60.3,false,false,false,0,0,0,0,false,false,0.56,0.31
R2,0,1922-03,3,6.627999999999998,97.53535656675545,54.65079999999999,99.9700861807984,3.0104705628982824,3.0104705628982824,44.5608,-0.018990418709920957,54.396,marka,8,0,0,-0.0005462737642588422,0,0,0,1.9994537262357412,1,10,35.05030197601655,35.110582603652624,35.17035855436512,0,37.09618417203164,0,10,10,60.449999999999996,false,false,false,0,0,0,0,false,false,0.59,0.33999999999999997
R2,0,1922-04,4,7.039599999999998,97.16030328962366,54.556719999999984,99.94513849837014,3.019204864511367,3.019204864511367,44.421276,-0.024955147465956527,54.3372,marka,8,0,0,-0.0014956909600797985,0,0,0,1.9985043090399202,1,10,35.071644770839626,35.16737653786015,35.246572197399885,0,37.79043999640927,0,10,10,60.599999999999994,false,false,false,0,0,0,0,false,false,0.62,0.37
R2,0,1922-05,5,7.327719999999998,96.89947760000865,54.478515999999985,99.91578783574015,3.029483235300421,3.029483235300421,44.2845744,-0.02936677368301099,54.29604,marka,8,0,0,-0.0027430750814929185,0,0,0,1.997256924918507,1,10,35.093800717691245,35.229386985859975,35.32791043192052,0,38.48154051859866,0,10,10,60.74999999999999,false,false,false,0,0,0,0,false,false,0.65,0.4
R2,0,1922-06,6,7.529403999999998,96.71773127283399,54.415129599999986,99.88318887197079,3.0409024890203966,3.0409024890203966,44.15021892,-0.03262643919993101,54.267228,marka,8,0,0,-0.004210608212992639,0,0,0,1.9957893917870073,1,10,35.11628325933444,35.2950323604033,35.41284591205857,0,39.16932797102084,0,10,10,60.89999999999999,false,false,false,0,0,0,0,false,false,0.6799999999999999,0.43
R2,0,1922-07,7,9.770582799999998,94.7430516876148,54.364708599999986,99.84819858650013,3.0531634110564614,3.0531634110564614,44.017765032,-0.03503120581732831,54.2470596,marka,15,0,0,-0.005840556401460617,0,0,0,1.9941594435985395,1,10,35.15052008826852,35.400171326651,35.53614695773544,0,39.85376953865708,0,10,10,61.04999999999999,false,false,false,0,0,0,0,false,false,0.71,0.45999999999999996
R2,0,1922-08,8,11.339407959999999,93.408077073091,54.262178535999986,99.79669193569569,3.07121814618114,3.07121814618114,43.886823774,-0.05158495749908185,54.02294172,marka,15,0,0,-0.007590070674993399,0,0,0,1.9924099293250066,1,10,35.192456494076396,35.53200978518918,35.68543489663461,0,40.5275882215893,0,10,10,61.19999999999999,false,false,false,0,0,0,0,false,false,0.74,0.49
R2,0,1922-09,9,12.437585572,92.49576062214805,54.14334273639999,99.73301894636569,3.093549093062485,3.093549093062485,43.75895841792,-0.06380270537527226,53.866059204,marka,15,0,0,-0.010165403215215463,0,0,0,1.9898345967847846,1,10,35.23942688106597,35.68209457274622,35.8525315812588,0,41.19152737582641,0,10,10,61.34999999999999,false,false,false,0,0,0,0,false,false,0.77,0.52
R2,0,1922-10,10,13.206309900399999,91.86767070801992,54.02721234831999,99.66032975825657,3.1190584139543707,3.1190584139543707,43.634658135828,-0.07288377397681575,53.7562414428,marka,15,0,0,-0.013349052681715535,0,0,0,1.9866509473182845,1,10,35.28964858961847,35.844741158585826,36.03193853397544,0,41.846468300088276,0,10,10,61.499999999999986,false,false,false,0,0,0,0,false,false,0.8,0.55
R2,0,1922-11,11,13.744416930279998,91.43305913972652,53.92285934681199,99.58094985801857,3.146936071143235,3.146936071143235,43.513841765378395,-0.0796504491110408,53.67936900996,marka,15,0,0,-0.016983512087171703,0,0,0,1.9830164879128283,1,10,35.3419152282333,36.01607997579129,36.2199139806364,0,42.49330100084564,0,10,10,61.649999999999984,false,false,false,0,0,0,0,false,false,0.83,0.58
R2,0,1922-12,12,14.121091851195999,91.13126970043977,53.833669034859994,99.49661212595282,3.176578493981238,3.176578493981238,43.39615598497404,-0.08469263668000795,53.625558306972,marka,15,0,0,-0.020952507099071482,0,0,0,1.9790474929009285,1,10,35.39540363652554,36.1934545817825,36.413890192497774,0,43.13285844455319,0,10,10,61.79999999999998,false,false,false,0,0,0,0,false,false,0.86,0.61
R2,0,1923-01,13,18.8847642958372,87.47967043211912,53.75993556886611,99.40861253951228,3.2075341763869916,3.2075341763869916,43.281145913928235,-0.0884448068735819,53.5878908148804,marka,30,0,0,-0.025169393702358888,0,0,0,1.974830606297641,1,10,35.47142340513502,36.443861173140114,36.67871764609237,0,43.765886755321446,0,10,10,61.94999999999998,false,false,false,0,0,0,0,false,false,0.89,0.64
R2,0,1923-02,14,22.219335007086038,85.0929192127991,53.56541196933116,99.29055128955805,3.249101437440511,3.249101437440511,43.168347846862254,-0.11876360301005535,53.11152357041628,marka,30,0,0,-0.02956937302438618,0,0,0,1.9704306269756138,1,10,35.561950906190766,36.74200278888413,36.98991604837573,0,44.372212687375196,0,10,10,62.09999999999998,false,false,false,0,0,0,0,false,false,0.9199999999999999,0.6699999999999999
R2,0,1923-03,15,24.553534504960226,83.49823263815794,53.329208328319226,99.15077455253395,3.2983728508056847,3.2983728508056847,43.06138548778232,-0.1407754667576398,52.7780664992914,marka,30,0,0,-0.035472435522097355,1,0,0,0.9645275644779026,1,10,35.66198951405561,37.07203813612097,37.332154209276894,0,44.9582318722955,0,10,10,62.24999999999998,false,false,false,0,0,0,0,false,false,0.95,0.7
R2,0,1923-04,16,26.187474153472156,82.41705501887833,53.09383979467465,98.9950324680465,3.3533494556951666,3.3533494556951666,42.96150923793274,-0.15707601396994808,52.54464654950398,marka,30,0,0,-0.0424612723733027,1,0,0,0.9575387276266973,1,10,35.768321344177416,37.42369703574341,37.695494203292796,0,45.52894139337472,0,10,10,62.39999999999998,true,true,false,1,0,0,0,false,false,0.98,0.73
R2,0,1923-05,17,27.331231907430507,81.67674060956841,51.38006363166809,98.82747747259099,3.412589042720265,3.412589042720265,42.8686940440925,-0.1692559629288536,47.381252584652785,stabilizing,30,5,0,-0.05024837659767485,1,0,1,-0.05024837659767489,1,10,35.87882612158424,37.79016222355204,38.073341563555935,0,46.088241378672436,0,10,10,62.549999999999976,true,true,false,1,0,0,0,false,false,1.01,0.76
R2,0,1923-06,18,28.131862335201355,81.16638446097755,50.146107584944744,98.62894777523637,3.4828988349472163,3.4828988349472163,42.82729213514246,-0.2008851206484314,47.26687680925695,stabilizing,30,5,0,-0.05862612637045075,1,0,1,-0.05862612637045084,1,10,35.992379194495356,38.16683453433249,38.46127505065727,0,46.62072683147251,0,10,10,62.699999999999974,true,true,false,0,0,0,0,false,false,1.04,0.79
R2,0,1923-07,19,37.69230363464095,75.53072848280493,49.25831943940528,98.40853445533634,3.5611158936355194,3.5611158936355194,42.82290890759411,-0.2234773105380084,47.186813766479865,stabilizing,60,5,0,-0.06855261123818153,1,0,1,-0.06855261123818157,1,10,36.14167701993744,38.65621996467639,38.958160709915504,0,47.13504385745537,0,10,10,62.84999999999997,true,true,false,0,0,0,0,false,false,1.0699999999999998,0.82
R2,0,1923-08,20,44.38461254424867,72.0298362598215,48.350054498544466,98.13114108800876,3.659773676826788,3.659773676826788,42.84515932441195,-0.28187938054648143,46.2307696365359,stabilizing,60,5,0,-0.07957327723318315,1,0,1,-0.07957327723318319,1,10,36.31333242150458,39.21562323947996,39.522709506658295,0,47.60647727296208,0,10,10,62.99999999999997,true,true,false,0,0,0,0,false,false,1.1,0.85
R2,0,1923-09,21,49.069228780974065,69.76624273867156,47.51349977265367,97.81367655023476,3.773002349181929,3.773002349181929,42.89465768945562,-0.3235104924432611,45.561538745575135,stabilizing,60,5,0,-0.09344294559956197,2,0,1,-1.093442945599562,1,10,36.499658337050505,39.820298384706525,40.13098126089481,0,48.05466580447917,0,10,10,63.14999999999997,true,true,false,0,0,0,0,false,false,1.13,0.88
R2,0,1923-10,22,34.348460146681845,77.41063789376719,48.28737297742834,97.46725223718249,3.896960995707217,3.896960995707217,42.96925269627601,-0.35416756150082246,50.093077121902596,zloty,0,0,0,-0.109316172488262,2,0,0,-0.10931617248826209,1,10,39.1625619742243,48.272085626831185,48.280684377723674,0,48.492738358587026,0,10,10,63.29999999999997,true,true,false,0,0,0,0,true,true,1.16,0.9099999999999999
R2,0,1923-11,23,24.04392210267729,83.84127028320988,49.27070727979938,97.19297519616221,3.9954525014731703,3.9954525014731703,43.02063150695316,-0.28140430218843737,51.56515398533182,zloty,0,0,0,-0.12663738814087538,1,0,0,0.8733626118591247,1,10,39.26102552971388,48.59526022116699,48.618914852156266,0,49.18729906984714,0,10,10,63.44999999999997,true,true,false,0,0,0,0,true,false,1.19,0.94
R2,0,1923-12,24,16.830745471874103,89.0176636123896,50.26817743277925,96.98380694405007,4.070775731461236,4.070775731461236,43.04251028855918,-0.21520922853733024,52.59560778973227,zloty,0,0,0,-0.14035124019188955,1,0,0,0.8596487598081104,1,10,39.32711350171625,48.814906948919194,48.85811568434042,0,49.87634433264156,0,10,10,63.599999999999966,true,true,false,0,0,0,0,true,false,1.22,0.97
R2,0,1924-01,25,11.78152183031187,93.03863312746404,51.182801838789246,96.8297617157363,4.126368341824454,4.126368341824454,43.0344649655758,-0.15883602960919452,53.31692545281259,zloty,0,0,0,-0.15080965279749634,0,0,0,1.8491903472025037,1,10,39.3679231588379,48.954134286369914,49.02048256740819,0,50.56204408845344,0,10,10,63.749999999999964,false,false,false,0,0,0,0,true,false,1.25,1
R2,0,1924-02,26,8.247065281218308,96.07650769082308,51.97451563224311,96.72039355784186,4.165900459413911,4.165900459413911,42.99898091041212,-0.11294890739844901,53.82184781696881,zloty,0,0,0,-0.15851191421318517,0,0,0,1.8414880857868148,1,10,39.38946225779846,49.03260413255345,49.12484474112495,0,51.24678590358117,0,10,10,63.89999999999996,false,false,false,0,0,0,0,true,false,1.28,1.03
R2,0,1924-03,27,5.7729456968528154,98.32381930448064,52.63474898413362,96.6461411144078,4.19277003081033,4.19277003081033,42.93974544144483,-0.07677020398976869,54.17529347187817,zloty,0,0,0,-0.16398032210790703,0,0,0,1.836019677892093,1,10,39.396540846988536,49.06612774646384,49.18631217721374,0,51.93259621162476,0,10,10,64.04999999999997,false,false,false,0,0,0,0,true,false,1.31,1.06
R2,0,1924-04,28,4.0410619877969705,99.96053290209417,53.17113591798795,96.59889254520763,4.209880904591082,4.209880904591082,42.860702971920816,-0.04888821080215057,54.42270543031472,zloty,0,0,0,-0.16769294427961015,0,0,0,1.8323070557203898,1,10,39.39285888414491,49.06691708842196,49.21653745514763,0,52.62094557798087,0,10,10,64.19999999999997,false,false,false,0,0,0,0,true,false,1.3399999999999999,1.0899999999999999
R2,0,1924-05,29,2.8287433914578792,101.13903619738232,53.59856328295765,96.57208761023095,4.219592948895782,4.219592948895782,42.765568894381175,-0.02774869801342742,54.595893801220306,zloty,0,0,0,-0.17005537273961835,0,0,0,1.8299446272603817,1,10,39.37759984440354,49.03274600250049,49.21334540060053,0,53.31276543298375,0,10,10,64.34999999999998,false,false,false,0,0,0,0,true,false,1.37,1.12
R2,0,1924-06,30,1.9801203740205153,101.98066017040517,53.93413199632661,96.56058658809377,4.223761190307584,4.223761190307584,42.657611995892445,-0.011909261176576669,54.717125660854215,zloty,0,0,0,-0.17139561948845242,0,0,0,1.8286043805115475,1,10,39.35372439995721,48.97332619738833,49.1860016744882,0,54.00854167282554,0,10,10,64.49999999999999,false,false,false,0,0,0,0,true,false,1.4,1.15
R2,0,1924-07,31,1.3860842618143607,102.57817999108791,54.19448878620801,96.56044875877562,4.223811148849735,4.223811148849735,42.53958803600265,-0.00014273869185942034,54.80198796259795,zloty,0,0,0,-0.17197067059531151,0,0,0,1.8280293294046885,1,10,39.323461472832,48.895980797655696,49.14148987641455,0,54.70848211712675,0,10,10,64.64999999999999,false,false,false,0,0,0,0,true,false,1.43,1.18
R2,0,1924-08,32,0.9702589832700524,103.00062716213488,54.39455962249117,96.56869769748666,4.220821178747096,4.220821178747096,42.41375337241641,0.008542771721823442,54.861391573818565,zloty,0,0,0,-0.17197756206121895,0,0,0,1.828022437938781,1,10,39.28840513414422,48.80614343355559,49.08481634300437,0,55.40848211712675,0,10,10,64.8,false,false,false,0,0,0,0,true,false,1.46,1.21
R2,0,1924-09,33,0.6791812882890367,103.29841648414083,54.54708396624572,96.58310904175407,4.21559798467504,4.21559798467504,43.281916583741676,0.014923411634446595,54.902974101672996,zloty,0,0,0,-0.17156511512566724,0,0,0,1.8284348848743328,1,10,39.25604719320763,48.70755096942826,49.019544473737824,0,56.10848211712676,0,10,10,64.95,false,false,false,0,0,0,0,true,false,1.49,1.24
R2,0,1924-10,34,0.47542690180232566,103.50789561873903,54.66258333772333,96.60203314146906,4.208740227696656,4.208740227696656,44.145504064754306,0.019593591366812477,54.9320818711711,zloty,0,0,0,-0.17084454791229647,0,0,0,1.8291554520877036,1,10,39.22718715157995,48.602843938216026,48.948197933191075,0,56.80848211712676,0,10,10,65.10000000000001,false,false,false,0,0,0,0,true,false,1.52,1.27
R2,0,1924-11,35,0.33279883126162796,103.65503724749651,54.74954552935226,96.62425345903577,4.200689557441139,4.200689557441139,45.0056265646226,0.023001915015762223,54.95245730981977,zloty,0,0,0,-0.16989834292654676,0,0,0,1.8301016570734532,1,10,39.20237581332352,48.49388239660236,48.872557745707546,0,57.50848211712676,0,10,10,65.25000000000001,false,false,false,0,0,0,0,true,false,1.55,1.3
R2,0,1924-12,36,0.23295918188313955,103.75828554685407,54.814697905608725,96.64887668223035,4.191770339119049,4.191770339119049,45.86314019874204,0.025483480920255985,54.96672011687384,zloty,0,0,0,-0.16878732704821148,0,0,0,1.8312126729517886,1,10,39.18020225680906,48.38197303976442,48.793877732640134,0,58.208482117126756,0,10,10,65.40000000000002,false,false,false,0,0,0,0,true,false,1.58,1.33
R2,0,1925-01,37,0.16307142731819768,103.83068182515349,54.86329975846961,96.67524902244824,4.182219975583412,4.182219975583412,46.718699261573775,0.02728675295896342,54.97670408181168,zloty,0,0,0,-0.1675561658884824,0,0,0,1.8324438341115177,1,10,39.160947505551434,48.26803201423424,48.7130390439294,0,58.90848211712676,0,10,10,65.55000000000003,false,false,false,0,0,0,0,true,false,1.6099999999999999,1.3599999999999999
R2,0,1925-02,38,0.11414999912273836,103.88141936071105,54.89941768810918,96.70289326251432,4.172211742741017,4.172211742741017,47.572800268819684,0.02859495097827205,54.98369285726818,zloty,0,0,0,-0.16623754887758793,0,0,0,1.833762451122412,1,10,39.144808450498665,48.15270071964955,48.630660176337834,0,59.60848211712676,0,10,10,65.70000000000003,false,false,false,0,0,0,0,true,false,1.64,1.39
R2,0,1925-03,39,0.07990499938591684,103.9169651496353,54.92616788170274,96.73146183100037,4.161871825668453,4.161871825668453,47.425817738176406,0.029542620207326124,54.988585000087724,zloty,0,0,0,-0.16485533687428386,0,0,0,1.8351446631257162,1,10,39.127682917560115,48.03642772241371,48.54717489669798,0,60.30848211712677,0,10,10,65.85000000000004,false,false,false,0,0,0,0,true,false,1.67,1.42
R2,0,1925-04,40,0.055933499570141786,103.94186167924443,54.945920367210334,96.76070204887965,4.151291941870535,4.151291941870535,47.27803270172532,0.030228239422623506,54.99200950006141,zloty,0,0,0,-0.1634269084499813,0,0,0,1.8365730915500187,1,10,39.109667327455846,47.919526474639675,48.462887235501256,0.0006402996635197511,61.00848211712676,0.0002973407207241133,10,10,66.00000000000004,false,false,false,0,0,0,0,true,false,1.7,1.45
R2,0,1925-05,41,0.03915344969909925,103.95929634919638,54.96046625206012,96.79043051567142,4.140538647240796,4.140538647240796,47.129655090709015,0.030723698942110415,54.99440665004298,zloty,0,0,0,-0.16196489755601745,0,0,0,1.8380351024439825,1,10,39.090829105517415,47.802215873203096,48.378010201420956,0.002728129254027052,61.70848211712677,0.0012646628941835427,10,10,66.15000000000005,false,false,false,0,0,0,0,true,false,1.73,1.48
R2,0,1925-06,42,0.027407414789369474,103.97150409860893,51.37115177295111,96.4333525801905,4.269660169639731,4.269660169639731,46.98084110314721,-0.36891863542552716,42.99608465503009,zloty,0,12,-0.4,-0.16047847421642913,0,0,0,1.8395215257835709,1,10,39.07159192054039,47.68307075024483,48.293839791509185,0.005477649142895847,61.98793383062185,0.00253482382366088,10,10,66.30000000000005,false,false,false,0,0,0,0,true,false,1.76,1.51
R2,0,1925-07,43,0.01918519035255863,103.98005122924297,48.85898401862209,96.02576670619007,4.417591411355632,4.417591411355632,46.93970654995868,-0.42266069061686196,42.99725925852106,zloty,0,12,-0.4,-0.17833237099047494,0,0,0,1.821667629009525,1,10,39.05249771995046,47.56366921336754,48.210636066549505,0.008810520772116956,62.20890895914629,0.00407011118132482,10,10,66.45000000000006,false,false,false,0,0,0,0,true,false,1.79,1.54
R2,0,1925-08,44,0.01342963324679104,103.98603505686397,47.100713257324884,95.58378427183574,4.578687601815986,4.578687601815986,46.97393702940002,-0.4602748298867249,42.99808148096474,zloty,0,12,-0.4,-0.19871166469049656,0,0,0,1.8012883353095035,1,10,39.03392582269877,47.44408816166162,48.128581070844874,0.012687826638796891,62.39363197661362,0.005851296775995008,10,10,66.60000000000007,false,false,false,0,0,0,0,true,false,1.8199999999999998,1.5699999999999998
R2,0,1925-09,45,0.009400743272753727,103.99022414599925,45.87009639113002,95.11867260195943,4.748997959055811,4.748997959055811,47.060915631680274,-0.486601020685215,42.99865703667532,zloty,0,12,-0.4,-0.22081078640821303,0,0,0,1.779189213591787,1,10,39.016141709731286,47.32438143728164,48.047802202075935,0.017098472250782842,62.55750579385926,0.007872137422341306,10,10,66.75000000000007,false,false,false,0,0,0,0,true,false,1.8499999999999999,1.5999999999999999
R2,0,1925-10,46,0.006580520290927609,103.99315670922157,45.008785451492834,94.6382978506448,4.9257573253935805,4.9257573253935805,47.18481273994637,-0.5050267609650557,42.999059925672725,zloty,0,12,-0.4,-0.2440663699020284,0,0,0,1.7559336300979715,1,10,38.99933118252552,47.20458673600499,47.96838859835062,0.022050999995895652,62.71086956500322,0.010135501695144327,10,10,66.90000000000008,false,false,false,0,0,0,0,true,false,1.88,1.63
R2,0,1925-11,47,0.004606364203649326,103.99520960189137,44.40595240043625,94.14814437281346,5.107030362987422,5.107030362987422,47.33454917640159,-0.517922964553835,42.999341947970905,zloty,0,12,-0.4,-0.2680851074677598,0,0,0,1.7319148925322403,1,10,38.983624274761645,47.08473044794825,47.890402619857795,0.027567811090079757,62.86047710785764,0.012650643120432582,10,10,67.05000000000008,false,false,false,0,0,0,0,true,false,1.91,1.66
R2,0,1925-12,48,0.0032244549425545278,103.99664667498618,43.98402848937926,93.65203163251967,5.291462525999836,5.291462525999836,47.5023706043885,-0.5269490371783253,42.999539363579636,zloty,0,12,-0.4,-0.29259278135932687,0,0,0,1.707407218640673,1,10,38.96911198953309,46.96483104769867,47.813887889123315,0.03368108726162285,63.01061871514926,0.015431281486806427,10,10,67.20000000000009,false,false,false,0,0,0,0,true,false,1.94,1.69
R2,0,1926-01,49,0.002257118459788169,103.99765264978429,45.48872320891721,93.33992087886467,5.4081057657406335,5.4081057657406335,47.682849749707124,-0.3332663992594216,48.999677554505745,zloty,0,6,-0.2,-0.3173984183740167,0,0,0,1.6826015816259834,1,10,38.95566956686502,46.84490146820514,47.73830096849339,0.040886143148683336,63.36453956307705,0.018702727017146967,10,10,67.3500000000001,false,false,false,0,0,0,0,true,false,1.97,1.72
R2,0,1926-02,50,0.0015799829218517184,103.99835684372285,46.54203853268825,93.04992501019902,5.516846541474422,5.516846541474422,47.818188053439606,-0.3106879306679676,48.99977428815402,zloty,0,6,-0.2,-0.33300395605676625,0,0,0,1.6669960439432336,1,10,38.9430871662329,46.72495076289345,47.663585685309485,0.04926878824415214,63.73892632591824,0.022501963909737736,10,10,67.5000000000001,false,false,false,0,0,0,0,true,false,2,1.75
R2,0,1926-03,51,0.0011059880452962028,103.9988497851541,47.279379573394124,92.77553700249554,5.620055440015385,5.620055440015385,47.92192689745896,-0.2948825672598935,48.99984200170781,zloty,0,6,-0.2,-0.3475037494900491,0,0,0,1.652496250509951,1,10,38.93121789175998,46.604985269338826,47.58970270708163,0.058897278024217584,64.1264750171358,0.026857776025585138,10,10,67.6500000000001,false,false,false,0,0,0,0,true,false,2.0300000000000002,1.78
R2,0,1926-04,52,0.000774191631707342,103.99919484693643,47.79553252173452,92.51222285747673,5.719391917856634,5.719391917856634,48.00354551025713,-0.2838185081178553,48.99988940119547,zloty,0,6,-0.2,-0.361223149875223,0,0,0,1.638776850124777,1,10,38.919958911396876,46.485009423930734,47.516624493904175,0.06982748041630063,64.52215541409485,0.03179316655122677,10,10,67.80000000000011,false,false,false,0,0,0,0,true,false,2.06,1.81
R2,0,1926-05,53,0.0005419341421951393,103.9994363915465,48.15684953946521,92.25682116901838,5.816017626546106,5.816017626546106,48.0696795346051,-0.2760734533984907,48.99992258083683,zloty,0,6,-0.2,-0.37438885712616354,0,0,0,1.6256111428738365,1,10,38.90923823941134,46.36502633218434,47.44433176330846,0.0821065222084614,64.92249125797537,0.03732706329676343,10,30,67.95000000000012,false,false,false,0,0,0,0,true,false,2.09,1.8399999999999999
R2,0,1926-06,54,0.0003793538995365975,103.99960547344112,48.40977841960138,92.00712645347595,5.910745744567584,5.910745744567584,48.124974048421144,-0.27065176577564987,48.99994580658578,zloty,0,6,-0.2,-0.387158941549081,0,0,0,1.612841058450919,1,10,38.89900548355951,46.24503816798111,47.37281101462683,0.09577536247250101,65.3250814549424,0.043475520681050345,10,30,68.10000000000012,false,false,false,0,0,0,0,true,false,2.12,1.8699999999999999
R2,0,1926-07,55,0.00026554772967561825,103.99972383109449,50.38683351310398,92.22163510681546,5.829145512539042,5.829145512539042,48.1726806958331,0.23314352008154968,54.999962064610045,zloty,0,0,0.3,-0.3996436773262026,0,0,0,1.6003563226737973,1,10,38.88875421417368,46.1415795509776,47.30061780994818,0.11129569980599215,66.02508145494241,0.0504437111079066,10,30,68.25000000000013,false,false,false,0,0,0,0,true,false,2.15,1.9
R2,0,1926-08,56,0.00018588341077293275,103.99980668161213,51.770775492740896,92.46399383440401,5.737165409868181,5.737165409868181,48.16107569043998,0.26280029334531557,54.999973445227035,zloty,0,0,0.3,-0.38891824465922725,0,0,0,1.6110817553407728,1,10,38.8782053317128,46.040987340237436,47.22766803313087,0.12857914426345904,66.72508145494241,0.0581873883411834,10,30,68.40000000000013,false,false,false,0,0,0,0,true,false,2.1799999999999997,1.93
R2,0,1926-09,57,0.0001301183875410529,103.99986467705304,52.7395372684163,92.72618481469564,5.637919379822778,5.637919379822778,48.10795242565775,0.28356008584401043,54.99998141165892,zloty,0,0,0.3,-0.3768003082797996,0,0,0,1.6231996917202003,1,10,38.86716346605598,45.94274605192671,47.15390280285187,0.1475368777963123,67.42508145494241,0.06666226482098947,10,30,68.55000000000014,false,false,false,0,0,0,0,true,false,2.21,1.96
R2,0,1926-10,58,0.00009108287127873703,103.99990527390013,53.41767218433978,93.00259413168965,5.533587188067844,5.533587188067844,48.02576630760526,0.2980919764426688,54.99998698816125,zloty,0,0,0.3,-0.3636907592652179,0,0,0,1.6363092407347821,1,10,38.8554918578604,45.846474777543925,47.07928090232447,0.16808054560102698,68.1250814549424,0.07582442085437276,10,30,68.70000000000014,false,false,false,0,0,0,0,true,false,2.24,1.99
R2,0,1926-11,59,0.00006375800989511592,103.99993369171197,53.892367796551696,93.28928795068154,5.42569467433314,5.42569467433314,47.92323614207507,0.3082643249562977,54.99999089171287,zloty,0,0,0.3,-0.3498702934155176,0,0,0,1.6501297065844824,1,10,38.84309477543044,45.75189270686904,47.0037734799721,0.190122651190329,68.8250814549424,0.08563048787134937,10,30,68.85000000000015,false,false,false,0,0,0,0,true,false,2.27,2.02
R2,0,1926-12,60,0.00004463060692658114,103.9999535841895,54.22465554484589,93.58350835887393,5.315309929064449,5.315309929064449,47.80646510817852,0.3153849864819712,54.99999362419901,zloty,0,0,0.3,-0.33553560246592296,0,0,0,1.664464397534077,1,10,38.829905206482486,45.658793147759575,46.927360339850416,0.21357667273145794,69.52508145494241,0.09603770523499114,10,30,69.00000000000016,false,false,false,0,0,0,0,true,false,2.3,2.05
R2,0,1927-01,61,0.000031241424848606797,103.9999675089283,54.45725754247391,93.88332134098006,5.203180617418278,5.203180617418278,47.67972544183314,0.3203694618462043,54.99999553693931,zloty,0,0,0.3,-0.3208245820563036,0,0,0,1.6791754179436964,1,10,38.81587624235644,45.567024083126086,46.85002734492831,0.23835703233430122,70.22508145494241,0.10700391071058896,10,30,69.15000000000016,false,false,false,0,0,0,0,true,false,2.33,2.08
R2,0,1927-02,62,0.000021868997394024757,103.99997725624767,54.62007934248899,94.18737055412075,5.089830106295291,5.089830106295291,47.54600771555892,0.323858603208535,54.99999687585751,zloty,0,0,0.3,-0.305833932950997,0,0,0,1.694166067049003,1,10,38.800975046950015,45.47647370025276,46.77176459938396,0.26437899604864495,70.92508145494243,0.11848749999979663,10,30,69.30000000000017,false,false,false,0,0,0,0,true,false,2.36,2.11
R2,0,1927-03,63,0.00001530829817581733,103.99998407937231,54.73405488367237,94.49470489382396,4.97562475342973,4.97562475342973,47.40740533528425,0.3263010081873163,54.99999781310026,zloty,0,0,0.3,-0.29063147229396263,0,0,0,1.7093685277060373,1,10,38.78517863496493,45.38705966944699,46.692565176216384,0.29155854890886873,71.62508145494242,0.13044737546127155,10,30,69.45000000000017,false,false,false,0,0,0,0,true,false,2.3899999999999997,2.1399999999999997
R2,0,1927-04,64,0.00001071580872307213,103.9999888555601,54.8138379593217,94.80465763292545,4.860821009868207,4.860821009868207,47.26538368877408,0.32801069589006404,54.99999846917018,zloty,0,0,0.3,-0.2752647553088018,0,0,0,1.7247352446911983,1,10,38.768470916674445,45.298721230591234,46.612424226579165,0.31981226899767545,72.32508145494242,0.14284289484203871,10,30,69.60000000000018,false,false,false,0,0,0,0,true,false,2.42,2.17
R2,0,1927-05,65,0.00000750106610615049,103.99999219889183,54.86968625005092,95.11676165746357,4.7455983917862,4.7455983917862,47.12096854999443,0.32920748023430635,54.999998928419124,zloty,0,0,0.3,-0.25976711835372723,0,0,0,1.7402328816462727,1,10,38.7508406292576,45.21141337103197,46.531338356318784,0.3490572123632798,73.02508145494244,0.1556338253160476,10,30,69.75000000000018,false,false,false,0,0,0,0,true,false,2.45,2.2
R2,0,1927-06,66,0.000005250746274305343,103.99999453922413,54.90878015000366,95.43068999352087,4.630082560816536,4.630082560816536,46.974877962492904,0.33004523134189845,54.99999924989339,zloty,0,0,0.3,-0.2441619171268215,0,0,0,1.7558380828731786,1,10,38.73227988873133,45.12510255406905,46.4493051895556,0.3792108136121517,73.72508145494244,0.16878030494266885,10,30,69.90000000000019,false,false,false,0,0,0,0,true,false,2.48,2.23
R2,0,1927-07,67,0.00000367552239201374,103.99999617745684,54.93614594748017,95.45992199664481,4.619361480319189,4.619361480319189,46.827614557992796,0.03063165856384793,54.999999474925374,zloty,0,0,0,-0.2284655003239564,0,0,0,1.7715344996760436,1,10,38.71306587126216,45.00831739534791,46.3671840630732,0.41091136990575383,74.42508145494243,0.18256634111567835,10,30,70.0500000000002,false,false,false,0,0,0,0,true,false,2.51,2.26
R2,0,1927-08,68,0.0000025728656744096177,103.99999732421975,54.955302052970445,95.48955481706085,4.608496724798039,4.608496724798039,46.67953017956839,0.031042158631857247,54.99999963244776,zloty,0,0,0,-0.22700390016775956,0,0,0,1.7729960998322405,1,10,38.69319471371406,44.89166794121582,46.28497381279056,0.4441503402257774,75.12508145494245,0.1969844088386694,10,30,70.2000000000002,false,false,false,0,0,0,0,true,false,2.54,2.29
R2,0,1927-09,69,0.0000018010059720867322,103.99999812695381,54.968711359893334,95.51947122610211,4.597531396512129,4.597531396512129,46.530871117979274,0.03132950938831467,54.999999742713435,zloty,0,0,0,-0.22552225914695753,0,0,0,1.7744777408530426,1,10,38.672663711885455,44.77514295260737,46.20267362384993,0.47891935865772806,75.82508145494245,0.21202707980657157,10,30,70.35000000000021,false,false,false,0,0,0,0,true,false,2.57,2.32
R2,0,1927-10,70,0.0000012607041804607124,103.99999868886765,54.97809789789515,95.54958914142773,4.586495667117219,4.586495667117219,46.381809777182475,0.0315306554140305,54.9999998198994,zloty,0,0,0,-0.2240264386948944,0,0,0,1.7759735613051055,1,10,38.6514709728308,44.65873429404723,46.12028292585022,0.5152101924201634,76.52508145494245,0.22768700315856433,10,30,70.50000000000021,false,false,false,0,0,0,0,true,false,2.6,2.35
R2,0,1927-11,71,8.824929263224987e-7,103.99999908220735,54.984668490705474,95.57985108940213,4.57541065682444,4.57541065682444,46.23246684024562,0.03167145797936839,54.99999987392958,zloty,0,0,0,-0.22252054292861345,0,0,0,1.7774794570713865,1,10,38.62961517148512,44.54243608009737,46.037801319510166,0.5530147093170811,77.22508145494245,0.24395689060134865,10,30,70.65000000000022,false,false,false,0,0,0,0,true,false,2.63,2.38
R2,0,1927-12,72,6.17745048425749e-7,103.99999935754514,54.989267917019035,95.61021682722664,4.564291149818056,4.564291149818056,46.08292678552446,0.031770020018240926,54.999999911750706,zloty,0,0,0,-0.22100744552989368,0,0,0,1.7789925544701064,1,10,38.60709538030079,44.42624405457574,45.95522852533262,0.5923248527369258,77.92508145494244,0.2608295050216488,10,30,70.80000000000022,false,false,false,0,0,0,0,true,false,2.66,2.41
R2,0,1928-01,73,4.324215338980243e-7,103.99999955028159,54.992487523380966,95.64065817718021,4.553147495052579,4.553147495052579,45.93324874801389,0.03183901361564661,54.99999993822549,zloty,0,0,0,-0.21948915863866816,0,0,0,1.7805108413613318,1,10,38.58391094999291,44.31015513971856,45.872564347669325,0.6331326225995181,78.62508145494246,0.27829765184137517,10,30,70.95000000000023,false,false,false,0,0,0,0,true,false,2.69,2.44
R2,1,1922-01,1,5.199999999999999,98.85931558935361,54.879999999999995,100,3,3,44.85,0,54.6,marka,8,0,0,0,0,0,0,2,1,10,35.01320677946768,35.02281368821293,35.04312927756654,0,35.7,0,10,10,60.15,false,false,false,0,0,0,0,false,false,0.53,0.28
R2,1,1922-02,2,6.039999999999999,98.0761976612599,54.75999999999999,99.98907452471482,3.00382391634981,3.00382391634981,44.7036,-0.010925475285171161,54.48,marka,8,0,0,0,0,0,0,2,1,10,35.031106720259025,35.06320169316264,35.10338829723561,0,36.40104988906513,0,10,10,60.3,false,false,false,0,0,0,0,false,false,0.56,0.31
R2,1,1922-03,3,6.627999999999998,97.53535656675545,54.65079999999999,99.9700861807984,3.0104705628982824,3.0104705628982824,44.5608,-0.018990418709920957,54.396,marka,8,0,0,-0.0005462737642588422,0,0,0,1.9994537262357412,1,10,35.052020893425684,35.11581788510177,35.17559383581427,0,37.10141945348079,0,10,10,60.449999999999996,false,false,false,0,0,0,0,false,false,0.59,0.33999999999999997
R2,1,1922-04,4,7.039599999999998,97.16030328962366,54.556719999999984,99.94513849837014,3.019204864511367,3.019204864511367,44.421276,-0.024955147465956527,54.3372,marka,8,0,0,-0.0014956909600797985,0,0,0,1.9985043090399202,1,10,35.07479756943025,35.17697897011584,35.256174629655575,0,37.800042428664966,0,10,10,60.599999999999994,false,false,false,0,0,0,0,false,false,0.62,0.37
R2,1,1922-05,5,7.327719999999998,96.89947760000865,54.478515999999985,99.91578783574015,3.029483235300421,3.029483235300421,44.2845744,-0.02936677368301099,54.29604,marka,8,0,0,-0.0027430750814929185,0,0,0,1.997256924918507,1,10,35.09864088215306,35.24412860351019,35.34265204957074,0,38.49628213624888,0,10,10,60.74999999999999,false,false,false,0,0,0,0,false,false,0.65,0.4
R2,1,1922-06,6,7.529403999999998,96.71773127283399,54.415129599999986,99.88318887197079,3.0409024890203966,3.0409024890203966,44.15021892,-0.03262643919993101,54.267228,marka,8,0,0,-0.004210608212992639,0,0,0,1.9957893917870073,1,10,35.12299808461528,35.3154836049135,35.43329715656878,0,39.18977921553105,0,10,10,60.89999999999999,false,false,false,0,0,0,0,false,false,0.6799999999999999,0.43
R2,1,1922-07,7,9.770582799999998,94.7430516876148,54.364708599999986,99.84819858650013,3.0531634110564614,3.0531634110564614,44.017765032,-0.03503120581732831,54.2470596,marka,15,0,0,-0.005840556401460617,0,0,0,1.9941594435985395,1,10,35.159247748250294,35.426753032179235,35.56272866326368,0,39.88035124418532,0,10,10,61.04999999999999,false,false,false,0,0,0,0,false,false,0.71,0.45999999999999996
R2,1,1922-08,8,11.339407959999999,93.408077073091,54.262178535999986,99.79669193569569,3.07121814618114,3.07121814618114,43.886823774,-0.05158495749908185,54.02294172,marka,15,0,0,-0.007590070674993399,0,0,0,1.9924099293250066,1,10,35.20414813974113,35.56761885827976,35.721043969725194,0,40.56319729467987,0,10,10,61.19999999999999,false,false,false,0,0,0,0,false,false,0.74,0.49
R2,1,1922-09,9,12.437585572,92.49576062214805,54.14334273639999,99.73301894636569,3.093549093062485,3.093549093062485,43.75895841792,-0.06380270537527226,53.866059204,marka,15,0,0,-0.010165403215215463,0,0,0,1.9898345967847846,1,10,35.25478452384373,35.72886911927747,35.89930612779004,0,41.23830192235765,0,10,10,61.34999999999999,false,false,false,0,0,0,0,false,false,0.77,0.52
R2,1,1922-10,10,13.206309900399999,91.86767070801992,54.02721234831999,99.66032975825657,3.1190584139543707,3.1190584139543707,43.634658135828,-0.07288377397681575,53.7562414428,marka,15,0,0,-0.013349052681715535,0,0,0,1.9866509473182845,1,10,35.30919401257598,35.904270365563015,36.09146774095262,0,41.90599750706546,0,10,10,61.499999999999986,false,false,false,0,0,0,0,false,false,0.8,0.55
R2,1,1922-11,11,13.744416930279998,91.43305913972652,53.92285934681199,99.58094985801857,3.146936071143235,3.146936071143235,43.513841765378395,-0.0796504491110408,53.67936900996,marka,15,0,0,-0.016983512087171703,0,0,0,1.9830164879128283,1,10,35.366037233245976,36.089548011362915,36.29338201620803,0,42.56676903641726,0,10,10,61.649999999999984,false,false,false,0,0,0,0,false,false,0.83,0.58
R2,1,1922-12,12,14.121091851195999,91.13126970043977,53.833669034859994,99.49661212595282,3.176578493981238,3.176578493981238,43.39615598497404,-0.08469263668000795,53.625558306972,marka,15,0,0,-0.020952507099071482,0,0,0,1.9790474929009285,1,10,35.42439193928747,36.28174382877312,36.5021794394884,0,43.22114769154382,0,10,10,61.79999999999998,false,false,false,0,0,0,0,false,false,0.86,0.61
R2,1,1923-01,13,18.8847642958372,87.47967043211912,53.75993556886611,99.40861253951228,3.2075341763869916,3.2075341763869916,43.281145913928235,-0.0884448068735819,53.5878908148804,marka,30,0,0,-0.025169393702358888,0,0,0,1.974830606297641,1,10,35.505493599091885,36.547628261333614,36.78248473428587,0,43.86965384351495,0,10,10,61.94999999999998,false,false,false,0,0,0,0,false,false,0.89,0.64
R2,1,1923-02,14,22.219335007086038,85.0929192127991,53.56541196933116,99.29055128955805,3.249101437440511,3.249101437440511,43.168347846862254,-0.11876360301005535,53.11152357041628,marka,30,0,0,-0.02956937302438618,0,0,0,1.9704306269756138,1,10,35.602845058837254,36.86655350760439,37.11446676709598,0,44.49676340609546,0,10,10,62.09999999999998,false,false,false,0,0,0,0,false,false,0.9199999999999999,0.6699999999999999
R2,1,1923-03,15,24.553534504960226,83.49823263815794,53.329208328319226,99.15077455253395,3.2983728508056847,3.2983728508056847,43.06138548778232,-0.1407754667576398,52.7780664992914,marka,30,0,0,-0.035472435522097355,1,0,0,0.9645275644779026,1,10,35.710972390396215,37.22122456152382,37.48134063467974,0,45.10741829769835,0,10,10,62.24999999999998,false,false,false,0,0,0,0,false,false,0.95,0.7
R2,1,1923-04,16,26.187474153472156,82.41705501887833,53.09383979467465,98.9950324680465,3.3533494556951666,3.3533494556951666,42.96150923793274,-0.15707601396994808,52.54464654950398,marka,30,0,0,-0.0424612723733027,1,0,0,0.9575387276266973,1,10,35.82632954648738,37.60037176359099,37.87216893114038,0,45.70561612122231,0,10,10,62.39999999999998,true,true,false,1,0,0,0,false,false,0.98,0.73
R2,1,1923-05,17,27.331231907430507,81.67674060956841,51.38006363166809,98.82747747259099,3.412589042720265,3.412589042720265,42.8686940440925,-0.1692559629288536,47.381252584652785,stabilizing,30,5,0,-0.05024837659767485,1,0,1,-0.05024837659767489,1,10,35.94655948943082,37.99645674491217,38.27963608491606,0,46.294535900032585,0,10,10,62.549999999999976,true,true,false,1,0,0,0,false,false,1.01,0.76
R2,1,1923-06,18,28.131862335201355,81.16638446097755,50.146107584944744,98.62894777523637,3.4828988349472163,3.4828988349472163,42.82729213514246,-0.2008851206484314,47.26687680925695,stabilizing,30,5,0,-0.05862612637045075,1,0,1,-0.05862612637045084,1,10,36.071655086565855,38.4082839518061,38.70272446813088,0,46.86217624894615,0,10,10,62.699999999999974,true,true,false,0,0,0,0,false,false,1.04,0.79
R2,1,1923-07,19,37.69230363464095,75.53072848280493,49.25831943940528,98.40853445533634,3.5611158936355194,3.5611158936355194,42.82290890759411,-0.2234773105380084,47.186813766479865,stabilizing,60,5,0,-0.06855261123818153,1,0,1,-0.06855261123818157,1,10,36.23379354580927,38.936777911494154,39.238718656733276,0,47.41560180427315,0,10,10,62.84999999999997,true,true,false,0,0,0,0,false,false,1.0699999999999998,0.82
R2,1,1923-08,20,44.38461254424867,72.0298362598215,48.350054498544466,98.13114108800876,3.659773676826788,3.659773676826788,42.84515932441195,-0.28187938054648143,46.2307696365359,stabilizing,60,5,0,-0.07957327723318315,1,0,1,-0.07957327723318319,1,10,36.42164526678365,39.54551007789336,39.8525963450717,0,47.936364111375504,0,10,10,62.99999999999997,true,true,false,0,0,0,0,false,false,1.1,0.85
R2,1,1923-09,21,49.069228780974065,69.76624273867156,47.51349977265367,97.81367655023476,3.773002349181929,3.773002349181929,42.89465768945562,-0.3235104924432611,45.561538745575135,stabilizing,60,5,0,-0.09344294559956197,2,0,1,-1.093442945599562,1,10,36.62655955604121,40.206799559297494,40.51748243548579,0,48.441166979070154,0,10,10,63.14999999999997,true,true,false,0,0,0,0,false,false,1.13,0.88
R2,1,1923-10,22,34.348460146681845,77.41063789376719,48.28737297742834,97.46725223718249,3.896960995707217,3.896960995707217,42.96925269627601,-0.35416756150082246,50.093077121902596,zloty,0,0,0,-0.109316172488262,2,0,0,-0.10931617248826209,1,10,39.30981307101957,48.720566124684794,48.72916487557728,0,48.94121885644065,0,10,10,63.29999999999997,true,true,false,0,0,0,0,true,true,1.16,0.9099999999999999
R2,1,1923-11,23,24.04392210267729,83.84127028320988,49.27070727979938,97.19297519616221,3.9954525014731703,3.9954525014731703,43.02063150695316,-0.28140430218843737,51.56515398533182,zloty,0,0,0,-0.12663738814087538,1,0,0,0.8733626118591247,1,10,39.424445648705735,49.09298647190357,49.11664110289285,0,49.68502532058374,0,10,10,63.44999999999997,true,true,false,0,0,0,0,true,false,1.19,0.94
R2,1,1923-12,24,16.830745471874103,89.0176636123896,50.26817743277925,96.98380694405007,4.070775731461236,4.070775731461236,43.04251028855918,-0.21520922853733024,52.59560778973227,zloty,0,0,0,-0.14035124019188955,1,0,0,0.8596487598081104,1,10,39.50289918429781,49.350294814649814,49.393503550071046,0,50.4117321983722,0,10,10,63.599999999999966,true,true,false,0,0,0,0,true,false,1.22,0.97
R2,1,1924-01,25,11.78152183031187,93.03863312746404,51.182801838789246,96.8297617157363,4.126368341824454,4.126368341824454,43.0344649655758,-0.15883602960919452,53.31692545281259,zloty,0,0,0,-0.15080965279749634,0,0,0,1.8491903472025037,1,10,39.55283529495407,49.517318457282144,49.58366673832041,0,51.125228259365684,0,10,10,63.749999999999964,false,false,false,0,0,0,0,true,false,1.25,1
R2,1,1924-02,26,8.247065281218308,96.07650769082308,51.97451563224311,96.72039355784186,4.165900459413911,4.165900459413911,42.99898091041212,-0.11294890739844901,53.82184781696881,zloty,0,0,0,-0.15851191421318517,0,0,0,1.8414880857868148,1,10,39.58086424988558,49.61555436226041,49.70779497083191,0,51.829736133288144,0,10,10,63.89999999999996,false,false,false,0,0,0,0,true,false,1.28,1.03
R2,1,1924-03,27,5.7729456968528154,98.32381930448064,52.63474898413362,96.6461411144078,4.19277003081033,4.19277003081033,42.93974544144483,-0.07677020398976869,54.17529347187817,zloty,0,0,0,-0.16398032210790703,0,0,0,1.836019677892093,1,10,39.59235392704657,49.66251276186901,49.782697192618905,0,52.528981227029945,0,10,10,64.04999999999997,false,false,false,0,0,0,0,true,false,1.31,1.06
R2,1,1924-04,28,4.0410619877969705,99.96053290209417,53.17113591798795,96.59889254520763,4.209880904591082,4.209880904591082,42.860702971920816,-0.04888821080215057,54.42270543031472,zloty,0,0,0,-0.16769294427961015,0,0,0,1.8323070557203898,1,10,39.59148099931527,49.671857540717504,49.82147790744317,0,53.22588603027643,0,10,10,64.19999999999997,false,false,false,0,0,0,0,true,false,1.3399999999999999,1.0899999999999999
R2,1,1924-05,29,2.8287433914578792,101.13903619738232,53.59856328295765,96.57208761023095,4.219592948895782,4.219592948895782,42.765568894381175,-0.02774869801342742,54.595893801220306,zloty,0,0,0,-0.17005537273961835,0,0,0,1.8299446272603817,1,10,39.57781635351393,49.642542476948385,49.82314187504843,0,53.92256190743167,0,10,10,64.34999999999998,false,false,false,0,0,0,0,true,false,1.37,1.12
R2,1,1924-06,30,1.9801203740205153,101.98066017040517,53.93413199632661,96.56058658809377,4.223761190307584,4.223761190307584,42.657611995892445,-0.011909261176576669,54.717125660854215,zloty,0,0,0,-0.17139561948845242,0,0,0,1.8286043805115475,1,10,39.554625195366036,49.58520679254213,49.79788226964202,0,54.62042226797936,0,10,10,64.49999999999999,false,false,false,0,0,0,0,true,false,1.4,1.15
R2,1,1924-07,31,1.3860842618143607,102.57817999108791,54.19448878620801,96.56044875877562,4.223811148849735,4.223811148849735,42.53958803600265,-0.00014273869185942034,54.80198796259795,zloty,0,0,0,-0.17197067059531151,0,0,0,1.8280293294046885,1,10,39.524370469768165,49.50788637208057,49.75339545083942,0,55.32038769155163,0,10,10,64.64999999999999,false,false,false,0,0,0,0,true,false,1.43,1.18
R2,1,1924-08,32,0.9702589832700524,103.00062716213488,54.39455962249117,96.56869769748666,4.220821178747096,4.220821178747096,42.41375337241641,0.008542771721823442,54.861391573818565,zloty,0,0,0,-0.17197756206121895,0,0,0,1.828022437938781,1,10,39.489314131080384,49.41804900798047,49.69672191742925,0,56.02038769155164,0,10,10,64.8,false,false,false,0,0,0,0,true,false,1.46,1.21
R2,1,1924-09,33,0.6791812882890367,103.29841648414083,54.54708396624572,96.58310904175407,4.21559798467504,4.21559798467504,43.281916583741676,0.014923411634446595,54.902974101672996,zloty,0,0,0,-0.17156511512566724,0,0,0,1.8284348848743328,1,10,39.456956190143806,49.319456543853136,49.631450048162705,0,56.720387691551636,0,10,10,64.95,false,false,false,0,0,0,0,true,false,1.49,1.24
R2,1,1924-10,34,0.47542690180232566,103.50789561873903,54.66258333772333,96.60203314146906,4.208740227696656,4.208740227696656,44.145504064754306,0.019593591366812477,54.9320818711711,zloty,0,0,0,-0.17084454791229647,0,0,0,1.8291554520877036,1,10,39.42809614851612,49.2147495126409,49.56010350761595,0,57.42038769155164,0,10,10,65.10000000000001,false,false,false,0,0,0,0,true,false,1.52,1.27
R2,1,1924-11,35,0.33279883126162796,103.65503724749651,54.74954552935226,96.62425345903577,4.200689557441139,4.200689557441139,45.0056265646226,0.023001915015762223,54.95245730981977,zloty,0,0,0,-0.16989834292654676,0,0,0,1.8301016570734532,1,10,39.4032848102597,49.10578797102724,49.484463320132434,0,58.12038769155164,0,10,10,65.25000000000001,false,false,false,0,0,0,0,true,false,1.55,1.3
R2,1,1924-12,36,0.23295918188313955,103.75828554685407,54.814697905608725,96.64887668223035,4.191770339119049,4.191770339119049,45.86314019874204,0.025483480920255985,54.96672011687384,zloty,0,0,0,-0.16878732704821148,0,0,0,1.8312126729517886,1,10,39.381111253745225,48.9938786141893,49.40578330706501,0,58.82038769155165,0,10,10,65.40000000000002,false,false,false,0,0,0,0,true,false,1.58,1.33
R2,1,1925-01,37,0.16307142731819768,103.83068182515349,54.86329975846961,96.67524902244824,4.182219975583412,4.182219975583412,46.718699261573775,0.02728675295896342,54.97670408181168,zloty,0,0,0,-0.1675561658884824,0,0,0,1.8324438341115177,1,10,39.361856502487605,48.87993758865912,49.32494461835427,0,59.52038769155164,0,10,10,65.55000000000003,false,false,false,0,0,0,0,true,false,1.6099999999999999,1.3599999999999999
R2,1,1925-02,38,0.11414999912273836,103.88141936071105,54.89941768810918,96.70289326251432,4.172211742741017,4.172211742741017,47.572800268819684,0.02859495097827205,54.98369285726818,zloty,0,0,0,-0.16623754887758793,0,0,0,1.833762451122412,1,10,39.345717447434836,48.764606294074426,49.242565750762715,0,60.22038769155165,0,10,10,65.70000000000003,false,false,false,0,0,0,0,true,false,1.64,1.39
R2,1,1925-03,39,0.07990499938591684,103.9169651496353,54.92616788170274,96.73146183100037,4.161871825668453,4.161871825668453,47.425817738176406,0.029542620207326124,54.988585000087724,zloty,0,0,0,-0.16485533687428386,0,0,0,1.8351446631257162,1,10,39.32859191449628,48.64833329683858,49.15908047112284,0.0004586126620964615,60.92038769155166,0.0002160287854467236,10,10,65.85000000000004,false,false,false,0,0,0,0,true,false,1.67,1.42
R2,1,1925-04,40,0.055933499570141786,103.94186167924443,54.945920367210334,96.76070204887965,4.151291941870535,4.151291941870535,47.27803270172532,0.030228239422623506,54.99200950006141,zloty,0,0,0,-0.1634269084499813,0,0,0,1.8365730915500187,1,10,39.31057632439202,48.53143204906455,49.07479280992613,0.002369011665764063,61.620387691551656,0.0011140059386766984,10,10,66.00000000000004,false,false,false,0,0,0,0,true,false,1.7,1.45
R2,1,1925-05,41,0.03915344969909925,103.95929634919638,54.96046625206012,96.79043051567142,4.140538647240796,4.140538647240796,47.129655090709015,0.030723698942110415,54.99440665004298,zloty,0,0,0,-0.16196489755601745,0,0,0,1.8380351024439825,1,10,39.291738102453586,48.41412144762796,48.98991577584583,0.00572365059595553,62.320387691551666,0.0026868389712656256,10,10,66.15000000000005,false,false,false,0,0,0,0,true,false,1.73,1.48
R2,1,1925-06,42,0.027407414789369474,103.97150409860893,51.37115177295111,96.4333525801905,4.269660169639731,4.269660169639731,46.98084110314721,-0.36891863542552716,42.99608465503009,zloty,0,12,-0.4,-0.16047847421642913,0,0,0,1.8395215257835709,1,10,39.293698367403714,48.359537085869164,48.97030612713352,0.009779484914175558,62.664400166246196,0.004588921536509487,10,10,66.30000000000005,false,false,false,0,0,0,0,true,false,1.76,1.51
R2,1,1925-07,43,0.01918519035255863,103.98005122924297,48.85898401862209,96.02576670619007,4.417591411355632,4.417591411355632,46.93970654995868,-0.42266069061686196,42.99725925852106,zloty,0,12,-0.4,-0.17833237099047494,0,0,0,1.821667629009525,1,10,39.29888954566214,48.31410116984982,48.96106802303179,0.014606532480559351,62.9593409156286,0.006852670399650674,10,10,66.45000000000006,false,false,false,0,0,0,0,true,false,1.79,1.54
R2,1,1925-08,44,0.01342963324679104,103.98603505686397,47.100713257324884,95.58378427183574,4.578687601815986,4.578687601815986,46.97393702940002,-0.4602748298867249,42.99808148096474,zloty,0,12,-0.4,-0.19871166469049656,0,0,0,1.8012883353095035,1,10,39.30676427301103,48.27506821337408,48.95956112255734,0.02020183509481532,63.2246120283261,0.009477420929559863,10,10,66.60000000000007,false,false,false,0,0,0,0,true,false,1.8199999999999998,1.5699999999999998
R2,1,1925-09,45,0.009400743272753727,103.99022414599925,45.87009639113002,95.11867260195943,4.748997959055811,4.748997959055811,47.060915631680274,-0.486601020685215,42.99865703667532,zloty,0,12,-0.4,-0.22081078640821303,0,0,0,1.779189213591787,1,10,39.31693944369042,48.24051666761401,48.963937432408315,0.026585641991600607,63.47364102419166,0.012473413464755034,10,10,66.75000000000007,false,false,false,0,0,0,0,true,false,1.8499999999999999,1.5999999999999999
R2,1,1925-10,46,0.006580520290927609,103.99315670922157,45.008785451492834,94.6382978506448,4.9257573253935805,4.9257573253935805,47.18481273994637,-0.5050267609650557,42.999059925672725,zloty,0,12,-0.4,-0.2440663699020284,0,0,0,1.7559336300979715,1,10,39.32914691245843,48.20910164950625,48.97290351185188,0.0337944996476439,63.71538447850452,0.015858558407541377,10,10,66.90000000000008,false,false,false,0,0,0,0,true,false,1.88,1.63
R2,1,1925-11,47,0.004606364203649326,103.99520960189137,44.40595240043625,94.14814437281346,5.107030362987422,5.107030362987422,47.33454917640159,-0.517922964553835,42.999341947970905,zloty,0,12,-0.4,-0.2680851074677598,0,0,0,1.7319148925322403,1,10,39.343198995032886,48.179881880246434,48.98555405215598,0.04187635482349039,63.95562854015586,0.019656162211134674,10,10,67.05000000000008,false,false,false,0,0,0,0,true,false,1.91,1.66
R2,1,1925-12,48,0.0032244549425545278,103.99664667498618,43.98402848937926,93.65203163251967,5.291462525999836,5.291462525999836,47.5023706043885,-0.5269490371783253,42.999539363579636,zloty,0,12,-0.4,-0.29259278135932687,0,0,0,1.707407218640673,1,10,39.35896432323221,48.152198561503056,49.00125540292771,0.05088710737718399,64.19798622895365,0.02389333670783642,10,10,67.20000000000009,false,false,false,0,0,0,0,true,false,1.94,1.69
R2,1,1926-01,49,0.002257118459788169,103.99765264978429,45.48872320891721,93.33992087886467,5.4081057657406335,5.4081057657406335,47.682849749707124,-0.3332663992594216,48.999677554505745,zloty,0,6,-0.2,-0.3173984183740167,0,0,0,1.6826015816259834,1,10,39.36467083242159,48.090590601879924,48.983990102168185,0.061302867812973866,64.61022869675186,0.02877377096789871,10,10,67.3500000000001,false,false,false,0,0,0,0,true,false,1.97,1.72
R2,1,1926-02,50,0.0015799829218517184,103.99835684372285,46.54203853268825,93.04992501019902,5.516846541474422,5.516846541474422,47.818188053439606,-0.3106879306679676,48.99977428815402,zloty,0,6,-0.2,-0.33300395605676625,0,0,0,1.6669960439432336,1,10,39.369940042472415,48.02501028443513,48.96364520685117,0.07312165080287576,65.03898584745995,0.03430690673338975,10,10,67.5000000000001,false,false,false,0,0,0,0,true,false,2,1.75
R2,1,1926-03,51,0.0011059880452962028,103.9988497851541,47.279379573394124,92.77553700249554,5.620055440015385,5.620055440015385,47.92192689745896,-0.2948825672598935,48.99984200170781,zloty,0,6,-0.2,-0.3475037494900491,0,0,0,1.652496250509951,1,10,39.375014228843305,47.95664924015099,48.9413666778938,0.08640334387613334,65.478138987948,0.04051991028243449,10,10,67.6500000000001,false,false,false,0,0,0,0,true,false,2.0300000000000002,1.78
R2,1,1926-04,52,0.000774191631707342,103.99919484693643,47.79553252173452,92.51222285747673,5.719391917856634,5.719391917856634,48.00354551025713,-0.2838185081178553,48.99988940119547,zloty,0,6,-0.2,-0.361223149875223,0,0,0,1.638776850124777,1,10,39.3800629869258,47.88634163366352,48.91795670363696,0.10119889426337707,65.9234876238277,0.04743576485819185,10,10,67.80000000000011,false,false,false,0,0,0,0,true,false,2.06,1.81
R2,1,1926-05,53,0.0005419341421951393,103.9994363915465,48.15684953946521,92.25682116901838,5.816017626546106,5.816017626546106,48.0696795346051,-0.2760734533984907,48.99992258083683,zloty,0,6,-0.2,-0.37438885712616354,0,0,0,1.6256111428738365,1,10,39.38520503545013,47.81467139626186,48.893976827385984,0.11755302247176436,66.37213632205292,0.05507455469327042,10,30,67.95000000000012,false,false,false,0,0,0,0,true,false,2.09,1.8399999999999999
R2,1,1926-06,54,0.0003793538995365975,103.99960547344112,48.40977841960138,92.00712645347595,5.910745744567584,5.910745744567584,48.124974048421144,-0.27065176577564987,48.99994580658578,zloty,0,6,-0.2,-0.387158941549081,0,0,0,1.612841058450919,1,10,39.390523478973485,47.74204729106936,48.86982013771509,0.13550610443261887,66.82209057803068,0.06345435484011899,10,30,68.10000000000012,false,false,false,0,0,0,0,true,false,2.12,1.8699999999999999
R2,1,1926-07,55,0.00026554772967561825,103.99972383109449,50.38683351310398,92.22163510681546,5.829145512539042,5.829145512539042,48.1726806958331,0.23314352008154968,54.999962064610045,zloty,0,0,0.3,-0.3996436773262026,0,0,0,1.6003563226737973,1,10,39.380272209587666,47.63858867406586,48.79762693303644,0.15538958377215006,67.5220905780307,0.07265783246413444,10,30,68.25000000000013,false,false,false,0,0,0,0,true,false,2.15,1.9
R2,1,1926-08,56,0.00018588341077293275,103.99980668161213,51.770775492740896,92.46399383440401,5.737165409868181,5.737165409868181,48.16107569043998,0.26280029334531557,54.999973445227035,zloty,0,0,0.3,-0.38891824465922725,0,0,0,1.6110817553407728,1,10,39.36972332712678,47.5379964633257,48.72467715621914,0.17696732270923657,68.2220905780307,0.08262355606806333,10,30,68.40000000000013,false,false,false,0,0,0,0,true,false,2.1799999999999997,1.93
R2,1,1926-09,57,0.0001301183875410529,103.99986467705304,52.7395372684163,92.72618481469564,5.637919379822778,5.637919379822778,48.10795242565775,0.28356008584401043,54.99998141165892,zloty,0,0,0.3,-0.3768003082797996,0,0,0,1.6231996917202003,1,10,39.35868146146996,47.43975517501498,48.650911925940136,0.20014506461550535,68.92209057803069,0.09330344998238778,10,30,68.55000000000014,false,false,false,0,0,0,0,true,false,2.21,1.96
R2,1,1926-10,58,0.00009108287127873703,103.99990527390013,53.41767218433978,93.00259413168965,5.533587188067844,5.533587188067844,48.02576630760526,0.2980919764426688,54.99998698816125,zloty,0,0,0.3,-0.3636907592652179,0,0,0,1.6363092407347821,1,10,39.34700985327438,47.343483900632194,48.57629002541274,0.22483064767219105,69.6220905780307,0.10465059126246792,10,30,68.70000000000014,false,false,false,0,0,0,0,true,false,2.24,1.99
R2,1,1926-11,59,0.00006375800989511592,103.99993369171197,53.892367796551696,93.28928795068154,5.42569467433314,5.42569467433314,47.92323614207507,0.3082643249562977,54.99999089171287,zloty,0,0,0.3,-0.3498702934155176,0,0,0,1.6501297065844824,1,10,39.334612770844416,47.24890182995731,48.500782603060365,0.25093391047477726,70.3220905780307,0.11661916645352649,10,30,68.85000000000015,false,false,false,0,0,0,0,true,false,2.27,2.02
R2,1,1926-12,60,0.00004463060692658114,103.9999535841895,54.22465554484589,93.58350835887393,5.315309929064449,5.315309929064449,47.80646510817852,0.3153849864819712,54.99999362419901,zloty,0,0,0.3,-0.33553560246592296,0,0,0,1.664464397534077,1,10,39.32142320189647,47.15580227084784,48.424369462938685,0.2783664657438318,71.02209057803071,0.12916436759398306,10,30,69.00000000000016,false,false,false,0,0,0,0,true,false,2.3,2.05
R2,1,1927-01,61,0.000031241424848606797,103.9999675089283,54.45725754247391,93.88332134098006,5.203180617418278,5.203180617418278,47.67972544183314,0.3203694618462043,54.99999553693931,zloty,0,0,0.3,-0.3208245820563036,0,0,0,1.6791754179436964,1,10,39.30739423777042,47.064033206214354,48.347036468016576,0.3070414297733507,71.72209057803073,0.14224226853372002,10,30,69.15000000000016,false,false,false,0,0,0,0,true,false,2.33,2.08
R2,1,1927-02,62,0.000021868997394024757,103.99997725624767,54.62007934248899,94.18737055412075,5.089830106295291,5.089830106295291,47.54600771555892,0.323858603208535,54.99999687585751,zloty,0,0,0.3,-0.305833932950997,0,0,0,1.694166067049003,1,10,39.29249304236399,46.97348282334103,48.26877372247222,0.33687315453974115,72.4220905780307,0.1558097034521851,10,30,69.30000000000017,false,false,false,0,0,0,0,true,false,2.36,2.11
R2,1,1927-03,63,0.00001530829817581733,103.99998407937231,54.73405488367237,94.49470489382396,4.97562475342973,4.97562475342973,47.40740533528425,0.3263010081873163,54.99999781310026,zloty,0,0,0.3,-0.29063147229396263,0,0,0,1.7093685277060373,1,10,39.276696630378915,46.88406879253526,48.18957429930466,0.3677769852244391,73.12209057803071,0.16982415809110835,10,30,69.45000000000017,false,false,false,0,0,0,0,true,false,2.3899999999999997,2.1399999999999997
R2,1,1927-04,64,0.00001071580872307213,103.9999888555601,54.8138379593217,94.80465763292545,4.860821009868207,4.860821009868207,47.26538368877408,0.32801069589006404,54.99999846917018,zloty,0,0,0.3,-0.2752647553088018,0,0,0,1.7247352446911983,1,10,39.259988912088424,46.7957303536795,48.10943334966743,0.3996690520119817,73.82209057803072,0.18424367770137184,10,30,69.60000000000018,false,false,false,0,0,0,0,true,false,2.42,2.17
R2,1,1927-05,65,0.00000750106610615049,103.99999219889183,54.86968625005092,95.11676165746357,4.7455983917862,4.7455983917862,47.12096854999443,0.32920748023430635,54.999998928419124,zloty,0,0,0.3,-0.25976711835372723,0,0,0,1.7402328816462727,1,10,39.24235862467158,46.708422494120235,48.02834747940704,0.4324660974210946,74.52209057803071,0.19902679215303284,10,30,69.75000000000018,false,false,false,0,0,0,0,true,false,2.45,2.2
R2,1,1927-06,66,0.000005250746274305343,103.99999453922413,54.90878015000366,95.43068999352087,4.630082560816536,4.630082560816536,46.974877962492904,0.33004523134189845,54.99999924989339,zloty,0,0,0.3,-0.2441619171268215,0,0,0,1.7558380828731786,1,10,39.223797884145306,46.622111677157314,47.946314312643864,0.4660853365870637,75.22209057803073,0.2141324568788248,10,30,69.90000000000019,false,false,false,0,0,0,0,true,false,2.48,2.23
R2,1,1927-07,67,0.00000367552239201374,103.99999617745684,54.93614594748017,95.45992199664481,4.619361480319189,4.619361480319189,46.827614557992796,0.03063165856384793,54.999999474925374,zloty,0,0,0,-0.2284655003239564,0,0,0,1.7715344996760436,1,10,39.20458386667614,46.50532651843617,47.864193186161465,0.501243506020106,75.92209057803072,0.2298906635162728,10,30,70.0500000000002,false,false,false,0,0,0,0,true,false,2.51,2.26
R2,1,1927-08,68,0.0000025728656744096177,103.99999732421975,54.955302052970445,95.48955481706085,4.608496724798039,4.608496724798039,46.67953017956839,0.031042158631857247,54.99999963244776,zloty,0,0,0,-0.22700390016775956,0,0,0,1.7729960998322405,1,10,39.184712709128036,46.388677064304076,47.781982935878816,0.5379319571605022,76.62209057803072,0.24629372446917833,10,30,70.2000000000002,false,false,false,0,0,0,0,true,false,2.54,2.29
R2,1,1927-09,69,0.0000018010059720867322,103.99999812695381,54.968711359893334,95.51947122610211,4.597531396512129,4.597531396512129,46.530871117979274,0.03132950938831467,54.999999742713435,zloty,0,0,0,-0.22552225914695753,0,0,0,1.7744777408530426,1,10,39.16418170729943,46.27215207569562,47.69968274693819,0.5761422488145845,77.32209057803072,0.26333406664197734,10,30,70.35000000000021,false,false,false,0,0,0,0,true,false,2.57,2.32
R2,1,1927-10,70,0.0000012607041804607124,103.99999868886765,54.97809789789515,95.54958914142773,4.586495667117219,4.586495667117219,46.381809777182475,0.0315306554140305,54.9999998198994,zloty,0,0,0,-0.2240264386948944,0,0,0,1.7759735613051055,1,10,39.14298896824477,46.15574341713548,47.617292048938474,0.6158660955053596,78.02209057803073,0.2810042070053718,10,30,70.50000000000021,false,false,false,0,0,0,0,true,false,2.6,2.35
R2,1,1927-11,71,8.824929263224987e-7,103.99999908220735,54.984668490705474,95.57985108940213,4.57541065682444,4.57541065682444,46.23246684024562,0.03167145797936839,54.99999987392958,zloty,0,0,0,-0.22252054292861345,0,0,0,1.7774794570713865,1,10,39.12113316689911,46.03944520318562,47.53481044259842,0.657095328149848,78.72209057803073,0.29929673404581175,10,30,70.65000000000022,false,false,false,0,0,0,0,true,false,2.63,2.38
R2,1,1927-12,72,6.17745048425749e-7,103.99999935754514,54.989267917019035,95.61021682722664,4.564291149818056,4.564291149818056,46.08292678552446,0.031770020018240926,54.999999911750706,zloty,0,0,0,-0.22100744552989368,0,0,0,1.7789925544701064,1,10,39.09861337571476,45.923253177664,47.45223764842088,0.699821864315547,79.42209057803075,0.31820429377646803,10,30,70.80000000000022,false,false,false,0,0,0,0,true,false,2.66,2.41
R2,1,1928-01,73,4.324215338980243e-7,103.99999955028159,54.992487523380966,95.64065817718021,4.553147495052579,4.553147495052579,45.93324874801389,0.03183901361564661,54.99999993822549,zloty,0,0,0,-0.21948915863866816,0,0,0,1.7805108413613318,1,10,39.07542894540689,45.807164262806815,47.36957347075758,0.7440376858475695,80.12209057803074,0.33771957925041357,10,30,70.95000000000023,false,false,false,0,0,0,0,true,false,2.69,2.44
R3,0,1922-01,1,5.199999999999999,98.85931558935361,54.879999999999995,100,3,3,44.85,0,54.6,marka,8,0,0,0,0,0,0,2,1,10,35.01320677946768,35.02281368821293,35.04312927756654,0,35.7,0,10,10,60.15,false,false,false,0,0,0,0,false,false,0.53,0.28
R3,0,1922-02,2,6.039999999999999,98.0761976612599,54.75999999999999,99.98907452471482,3.00382391634981,3.00382391634981,44.7036,-0.010925475285171161,54.48,marka,8,0,0,0,0,0,0,2,1,10,35.030478960658264,35.06128973498773,35.1014763390607,0,36.39913793089023,0,10,10,60.3,false,false,false,0,0,0,0,false,false,0.56,0.31
R3,0,1922-03,3,6.627999999999998,97.53535656675545,54.65079999999999,99.9700861807984,3.0104705628982824,3.0104705628982824,44.5608,-0.018990418709920957,54.396,marka,8,0,0,-0.0005462737642588422,0,0,0,1.9994537262357412,1,10,35.05030197601655,35.110582603652624,35.17035855436512,0,37.09618417203164,0,10,10,60.449999999999996,false,false,false,0,0,0,0,false,false,0.59,0.33999999999999997
R3,0,1922-04,4,7.039599999999998,97.16030328962366,54.556719999999984,99.94513849837014,3.019204864511367,3.019204864511367,44.421276,-0.024955147465956527,54.3372,marka,8,0,0,-0.0014956909600797985,0,0,0,1.9985043090399202,1,10,35.071644770839626,35.16737653786015,35.246572197399885,0,37.79043999640927,0,10,10,60.599999999999994,false,false,false,0,0,0,0,false,false,0.62,0.37
R3,0,1922-05,5,7.327719999999998,96.89947760000865,54.478515999999985,99.91578783574015,3.029483235300421,3.029483235300421,44.2845744,-0.02936677368301099,54.29604,marka,8,0,0,-0.0027430750814929185,0,0,0,1.997256924918507,1,10,35.093800717691245,35.229386985859975,35.32791043192052,0,38.48154051859866,0,10,10,60.74999999999999,false,false,false,0,0,0,0,false,false,0.65,0.4
R3,0,1922-06,6,7.529403999999998,96.71773127283399,54.415129599999986,99.88318887197079,3.0409024890203966,3.0409024890203966,44.15021892,-0.03262643919993101,54.267228,marka,8,0,0,-0.004210608212992639,0,0,0,1.9957893917870073,1,10,35.11628325933444,35.2950323604033,35.41284591205857,0,39.16932797102084,0,10,10,60.89999999999999,false,false,false,0,0,0,0,false,false,0.6799999999999999,0.43
R3,0,1922-07,7,9.770582799999998,94.7430516876148,54.364708599999986,99.84819858650013,3.0531634110564614,3.0531634110564614,44.017765032,-0.03503120581732831,54.2470596,marka,15,0,0,-0.005840556401460617,0,0,0,1.9941594435985395,1,10,35.15052008826852,35.400171326651,35.53614695773544,0,39.85376953865708,0,10,10,61.04999999999999,false,false,false,0,0,0,0,false,false,0.71,0.45999999999999996
R3,0,1922-08,8,11.339407959999999,93.408077073091,54.262178535999986,99.79669193569569,3.07121814618114,3.07121814618114,43.886823774,-0.05158495749908185,54.02294172,marka,15,0,0,-0.007590070674993399,0,0,0,1.9924099293250066,1,10,35.192456494076396,35.53200978518918,35.68543489663461,0,40.5275882215893,0,10,10,61.19999999999999,false,false,false,0,0,0,0,false,false,0.74,0.49
R3,0,1922-09,9,12.437585572,92.49576062214805,54.14334273639999,99.73301894636569,3.093549093062485,3.093549093062485,43.75895841792,-0.06380270537527226,53.866059204,marka,15,0,0,-0.010165403215215463,0,0,0,1.9898345967847846,1,10,35.23942688106597,35.68209457274622,35.8525315812588,0,41.19152737582641,0,10,10,61.34999999999999,false,false,false,0,0,0,0,false,false,0.77,0.52
R3,0,1922-10,10,13.206309900399999,91.86767070801992,54.02721234831999,99.66032975825657,3.1190584139543707,3.1190584139543707,43.634658135828,-0.07288377397681575,53.7562414428,marka,15,0,0,-0.013349052681715535,0,0,0,1.9866509473182845,1,10,35.28964858961847,35.844741158585826,36.03193853397544,0,41.846468300088276,0,10,10,61.499999999999986,false,false,false,0,0,0,0,false,false,0.8,0.55
R3,0,1922-11,11,13.744416930279998,91.43305913972652,53.92285934681199,99.58094985801857,3.146936071143235,3.146936071143235,43.513841765378395,-0.0796504491110408,53.67936900996,marka,15,0,0,-0.016983512087171703,0,0,0,1.9830164879128283,1,10,35.3419152282333,36.01607997579129,36.2199139806364,0,42.49330100084564,0,10,10,61.649999999999984,false,false,false,0,0,0,0,false,false,0.83,0.58
R3,0,1922-12,12,14.121091851195999,91.13126970043977,53.833669034859994,99.49661212595282,3.176578493981238,3.176578493981238,43.39615598497404,-0.08469263668000795,53.625558306972,marka,15,0,0,-0.020952507099071482,0,0,0,1.9790474929009285,1,10,35.39540363652554,36.1934545817825,36.413890192497774,0,43.13285844455319,0,10,10,61.79999999999998,false,false,false,0,0,0,0,false,false,0.86,0.61
R3,0,1923-01,13,18.8847642958372,87.47967043211912,53.75993556886611,99.40861253951228,3.2075341763869916,3.2075341763869916,43.281145913928235,-0.0884448068735819,53.5878908148804,marka,30,0,0,-0.025169393702358888,0,0,0,1.974830606297641,1,10,35.47142340513502,36.443861173140114,36.67871764609237,0,43.765886755321446,0,10,10,61.94999999999998,false,false,false,0,0,0,0,false,false,0.89,0.64
R3,0,1923-02,14,22.219335007086038,85.0929192127991,53.56541196933116,99.29055128955805,3.249101437440511,3.249101437440511,43.168347846862254,-0.11876360301005535,53.11152357041628,marka,30,0,0,-0.02956937302438618,0,0,0,1.9704306269756138,1,10,35.561950906190766,36.74200278888413,36.98991604837573,0,44.372212687375196,0,10,10,62.09999999999998,false,false,false,0,0,0,0,false,false,0.9199999999999999,0.6699999999999999
R3,0,1923-03,15,24.553534504960226,83.49823263815794,53.329208328319226,99.15077455253395,3.2983728508056847,3.2983728508056847,43.06138548778232,-0.1407754667576398,52.7780664992914,marka,30,0,0,-0.035472435522097355,1,0,0,0.9645275644779026,1,10,35.66198951405561,37.07203813612097,37.332154209276894,0,44.9582318722955,0,10,10,62.24999999999998,false,false,false,0,0,0,0,false,false,0.95,0.7
R3,0,1923-04,16,26.187474153472156,82.41705501887833,53.09383979467465,98.9950324680465,3.3533494556951666,3.3533494556951666,42.96150923793274,-0.15707601396994808,52.54464654950398,marka,30,0,0,-0.0424612723733027,1,0,0,0.9575387276266973,1,10,35.768321344177416,37.42369703574341,37.695494203292796,0,45.52894139337472,0,10,10,62.39999999999998,true,true,false,0,0,0,0,false,false,0.98,0.73
R3,0,1923-05,17,27.331231907430507,81.67674060956841,52.88006363166809,98.82747747259099,3.412589042720265,3.412589042720265,42.8686940440925,-0.1692559629288536,52.381252584652785,marka,30,0,0,-0.05024837659767485,1,0,0,0.9497516234023251,1,10,35.87882612158424,37.79016222355204,38.073341563555935,0,46.088241378672436,0,10,10,62.549999999999976,true,true,false,0,0,0,0,false,false,1.01,0.76
R3,0,1923-06,18,28.131862335201355,81.16638446097755,52.69610758494474,98.65118395766771,3.475023834947216,3.475023834947216,42.782292135142455,-0.1783851206484314,52.26687680925695,marka,30,0,0,-0.05862612637045075,1,0,0,0.9413738736295492,1,10,35.99208463445379,38.16683453433249,38.461249588601746,0,46.6391520853207,0,10,10,62.699999999999974,true,true,false,0,0,0,0,false,false,1.04,0.79
R3,0,1923-07,19,37.69230363464095,75.53072848280493,52.54331943940527,98.46845502280902,3.5398533936355188,3.5398533936355188,42.701408907594114,-0.18522731053800845,52.186813766479865,marka,60,0,0,-0.0674408021166144,1,0,0,0.9325591978833856,1,10,36.14059501649786,38.65621996467639,38.95809046593711,0,47.183988425468215,0,10,10,62.84999999999997,true,true,false,0,0,0,0,false,false,1.0699999999999998,0.82
R3,0,1923-08,20,44.38461254424867,72.0298362598215,52.14955449854446,98.23941308296952,3.6212649268267874,3.6212649268267874,42.62510932441196,-0.23260438054648144,51.2307696365359,marka,60,0,0,-0.07657724885954878,1,0,0,0.9234227511404511,1,10,36.310833123428075,39.21562323947996,39.52258512063848,0,47.692271244007664,0,10,10,62.99999999999997,true,true,false,0,0,0,0,false,false,1.1,0.85
R3,0,1923-09,21,49.069228780974065,69.76624273867156,51.67314977265366,97.97758737143275,3.714546224181929,3.714546224181929,42.56062268945563,-0.26651799244326113,50.561538745575135,marka,60,0,0,-0.088029345851524,2,0,0,-0.088029345851524,1,10,36.495016280584665,39.820298384706525,40.130801151658744,0,48.17940197940204,0,10,10,63.14999999999997,true,true,false,0,0,0,0,false,false,1.13,0.88
R3,0,1923-10,22,70.34846014668184,61.051329674743634,51.19912797742833,97.69171541011845,3.816666708207217,3.816666708207217,42.51042819627602,-0.29177281150082257,50.093077121902596,marka,120,0,0,-0.10112063142836263,2,0,0,-0.10112063142836258,1,10,39.26037144703369,48.599271791211656,48.60142706979288,0,48.655741971764435,0,10,10,63.29999999999997,true,true,false,0,0,0,0,true,true,1.16,0.9099999999999999
R3,0,1923-11,23,85.24392210267729,56.14219285551228,50.22893577979937,97.33162136056615,3.945677563236436,3.945677563236436,42.47445435695317,-0.36860244294062594,47.96515398533182,marka,120,0,0,-0.1154142294940776,3,0,0,-1.1154142294940776,1,10,39.53001352364966,49.47642793410141,49.471593202500735,0,49.35389558007124,0,10,10,63.44999999999997,true,true,false,0,0,0,0,true,false,1.19,0.94
R3,0,1923-12,24,95.6707454718741,53.15051043997227,49.10293738277924,96.92046492984566,4.093527510397055,4.093527510397055,42.467586283559186,-0.4224284204589112,46.47560778973227,marka,120,0,0,-0.1334189319716927,3,0,0,-1.1334189319716927,1,10,39.81836711263556,50.41341772530196,50.39888175140166,0,50.058321201255616,0,10,10,63.599999999999966,true,true,false,1,0,0,0,true,false,1.22,0.97
R3,0,1924-01,25,102.96952183031186,51.239220086918706,45.00193380378924,96.47147907746773,4.255665659905542,4.255665659905542,42.49449816207581,-0.4632518557385332,35.43292545281259,stabilizing,120,10,0,-0.15397675350771678,3,3,2,-0.15397675350771678,1,18,40.225164978796705,51.38863332356359,51.362385093957364,0,50.771850152518915,0,10,10,63.749999999999964,true,true,false,1,0,0,0,true,false,1.25,1
R3,0,1924-02,26,108.07866528121829,49.98109722563053,41.91226800774311,95.95047787765343,4.4446856911922765,4.4446856911922765,42.64444014796213,-0.5400572322478117,34.70304781696881,stabilizing,120,10,0,-0.1764260461266133,3,3,2,-0.1764260461266134,1,18,40.53425754717445,52.38901137905098,52.34941228899302,0,51.5124718199376,0,10,10,63.89999999999996,true,true,false,0,0,0,0,true,false,1.28,1.03
R3,0,1924-03,27,111.6550656968528,49.136551330624,39.59622764698362,95.37830984529405,4.653396284151625,4.653396284151625,42.887072107729836,-0.5963159798838533,34.19213347187817,stabilizing,120,10,0,-0.20247610611732866,3,3,2,-0.20247610611732858,1,18,40.84997519674881,53.4062803524385,53.35191747976217,0,52.2669637905196,0,10,10,64.04999999999997,true,true,false,0,0,0,0,true,false,1.31,1.06
R3,0,1924-04,28,78.15854598779696,58.37497125011535,40.86770738198295,94.77641874007203,4.87426608900496,4.87426608900496,43.19918527832033,-0.6310565852952457,43.83449343031472,zloty,0,0,0,-0.23108450773529726,3,3,0,1.7689154922647028,1,18,41.109739185864534,54.238780927436196,54.17795962416501,0,53.033924653046164,0,10,10,64.19999999999997,true,true,false,0,0,0,0,true,false,1.3399999999999999,1.0899999999999999
R3,0,1924-05,29,54.710982191457866,67.222118641389,42.762638787754156,94.25990183524435,5.065010705749227,5.065010705749227,43.47315405686084,-0.5449846192693328,47.184145401220306,zloty,0,0,0,-0.2611790629963984,3,3,0,1.7388209370036016,1,18,41.316008948513534,54.89433855460842,54.83576826227884,0,53.79204291796051,0,10,10,64.34999999999998,true,true,false,0,0,0,0,true,false,1.37,1.12
R3,0,1924-06,30,38.297687534020504,75.20010048932782,44.792517685684174,93.83970677491764,5.221034919917629,5.221034919917629,43.69027489322822,-0.4457834690525756,49.52890178085421,zloty,0,0,0,-0.2870049082377825,2,3,0,2.7129950917622176,1,18,41.47402885392981,55.390336544821864,55.34241726866058,0,54.53509662022716,0,10,10,64.49999999999999,true,true,false,0,0,0,0,true,false,1.4,1.15
R3,0,1924-07,31,26.80838127381435,82.01350648537597,46.70583175395831,93.5098494789745,5.344063920697669,5.344063920697669,43.846499362657696,-0.3515114308001148,51.17023124659795,zloty,0,0,0,-0.3080146612541178,1,0,0,0.6919853387458823,1,18,41.59077439376771,55.75006641511435,55.720331392187674,0,55.26257636132872,0,10,10,64.64999999999999,true,true,false,0,0,0,0,true,false,1.43,1.18
R3,0,1924-08,32,18.765866891670044,87.56724698928993,48.389830789556385,93.25895837124185,5.437970485830335,5.437970485830335,43.94532441003895,-0.26830447180761763,52.319161872618565,zloty,0,0,0,-0.3245075260512749,1,0,0,0.6754924739487251,1,18,41.67376701663442,55.99872147532855,55.993530457016725,0,55.97683855494282,0,10,10,64.8,true,true,false,0,0,0,0,true,false,1.46,1.21
R3,0,1924-09,33,13.13610682416903,91.92467632073645,49.80990554593936,93.07373249932104,5.5074855826151525,5.5074855826151525,44.993629486352255,-0.1986145622423348,53.123413310832994,zloty,0,0,0,-0.3370520814379077,0,0,0,1.6629479185620923,1,18,41.736491989505005,56.16022794891382,56.1846943839326,0,56.68138614029601,0,10,10,64.95,false,false,false,0,0,0,0,true,false,1.49,1.24
R3,0,1924-10,34,9.19527477691832,95.24221649010724,50.972850677432476,92.94114523861398,5.557344484800909,5.557344484800909,45.99933231997407,-0.142454006245018,53.6863893175831,zloty,0,0,0,-0.34631337503394805,0,0,0,1.653686624966052,1,18,41.78300829817626,56.255383619111676,56.313463337134344,0,57.37974657118591,0,10,10,65.10000000000001,false,false,false,0,0,0,0,true,false,1.52,1.27
R3,0,1924-11,35,6.436692343842823,97.7106651003668,51.90513723089518,92.8496265502445,5.591808812572088,5.591808812572088,46.9701467996511,-0.09846950791765495,54.08047252230817,zloty,0,0,0,-0.35294273806930077,0,0,0,1.6470572619306991,1,18,41.81840622702055,56.30117031710434,56.39583239220167,0,58.07490245738684,0,10,10,65.25000000000001,false,false,false,0,0,0,0,true,false,1.55,1.3
R3,0,1924-12,36,4.505684640689976,99.5161175753945,52.64049529131134,92.7895179111558,5.614466979828862,5.614466979828862,47.912992682724244,-0.06473762073363795,54.356330765615716,zloty,0,0,0,-0.3575186724877753,0,0,0,1.6424813275122248,1,18,41.846660327807754,56.310847965596444,56.444267961173566,0,58.769109960766286,0,10,10,65.40000000000002,false,false,false,0,0,0,0,true,false,1.58,1.33
R3,0,1925-01,37,3.153979248482983,100.82015328703812,53.21317616469723,92.75308537813916,5.628209250338372,5.628209250338372,48.8337778239849,-0.03926363002717389,54.549431535931,zloty,0,0,0,-0.3605241044422101,0,0,0,1.63947589555779,1,18,41.868227212271364,56.2862433669853,56.46044562560984,0,59.46393396508628,0,10,10,65.55000000000003,false,false,false,0,0,0,0,true,false,1.6099999999999999,1.3599999999999999
R3,0,1925-02,38,2.207785473938088,101.7535009860075,53.65460393783357,92.7343111044049,5.635293646270005,5.635293646270005,49.737382539043985,-0.020241131233236544,54.6846020751517,zloty,0,0,0,-0.3623457310930419,0,0,0,1.637654268906958,1,18,41.88496683981214,56.233638337405075,56.450252099443055,0,60.160364569612575,0,10,10,65.70000000000003,false,false,false,0,0,0,0,true,false,1.64,1.39
R3,0,1925-03,39,1.5454498317566616,102.41719365299984,53.99198919226535,92.72860522433342,5.637447172835558,5.637447172835558,49.627744420908975,-0.006152933044436478,54.779221452606194,zloty,0,0,0,-0.36328444477975524,0,0,0,1.6367155552202448,1,18,41.89507809137722,56.16112252781508,56.4212864605205,0.00021435564856290526,60.85899381877015,0.00011588834173072957,10,10,65.85000000000004,false,false,false,0,0,0,0,true,false,1.67,1.42
R3,0,1925-04,40,1.0818148822296632,102.88695362382475,54.248028939633045,92.73251594857557,5.635971087347766,5.635971087347766,49.507984745141016,0.004217387107978993,54.84545501682433,zloty,0,0,0,-0.36356973878332893,0,0,0,1.636430261216671,1,18,41.90031146625241,56.07458610786985,56.37901088556351,0.0024012450517149134,61.55899381877016,0.0012972263664328318,10,10,66.00000000000004,false,false,false,0,0,0,0,true,false,1.7,1.45
R3,0,1925-05,41,0.7572704175607642,103.21835791005518,54.441165811276235,92.74347328116045,5.631835465267983,5.631835465267983,49.380543876952025,0.01181606308509369,54.89181851177703,zloty,0,0,0,-0.3633742025712216,0,0,0,1.6366257974287783,1,18,41.90191332038276,55.97827208600391,56.32732057518405,0.006557672149027545,62.25899381877016,0.003539407975294311,10,10,66.15000000000005,false,false,false,0,0,0,0,true,false,1.73,1.48
R3,0,1925-06,42,0.5300892922925349,103.4516140711053,50.986097955366546,92.38860368975547,5.7657579426106285,5.7657579426106285,49.24730890261374,-0.38263564955041507,42.924272958243925,zloty,0,12,-0.4,-0.3628263359419776,0,0,0,1.6371736640580223,1,18,41.90113541056855,55.87472366387075,56.27010281002276,0.012415941776463763,62.820970124222306,0.0066945163713764,10,10,66.30000000000005,false,false,false,0,0,0,0,true,false,1.76,1.51
R3,0,1925-07,43,0.3710625046047744,103.61552165020548,48.5743658899878,91.9889346385692,5.917166408945859,5.917166408945859,49.217725963952745,-0.43259561810065944,42.94699107077075,zloty,0,12,-0.4,-0.38056981551222646,0,0,0,1.6194301844877734,1,18,41.89911257505881,55.76625801436459,56.20947541835704,0.019979925802182545,63.35188838904162,0.01076131230506366,10,10,66.45000000000006,false,false,false,0,0,0,0,true,false,1.79,1.54
R3,0,1925-08,44,0.2597437532233421,103.73056633376487,46.89092424785332,91.55892285337254,6.080777527402848,6.080777527402848,49.26049498725311,-0.4674603384485391,42.962893749539525,zloty,0,12,-0.4,-0.40055326807153974,0,0,0,1.5994467319284602,1,18,41.89664109637778,55.654341024351645,56.14692929421397,0.02926857444026832,63.85689220686604,0.015746694851684694,10,10,66.60000000000007,false,false,false,0,0,0,0,true,false,1.8199999999999998,1.5699999999999998
R3,0,1925-09,45,0.18182062725633946,103.81124973457,45.715854660900625,91.10864375659081,6.252904589367076,6.252904589367076,49.35376725981751,-0.49179160561208124,42.974025624677665,zloty,0,12,-0.4,-0.4220538573313732,0,0,0,1.5779461426686268,1,18,41.894278909746006,55.54000353231454,56.08351154858939,0.0403114924570567,64.34041133747088,0.021663364526766638,10,10,66.75000000000007,false,false,false,0,0,0,0,true,false,1.8499999999999999,1.5999999999999999
R3,0,1925-10,46,0.1272744390794376,103.86780283655568,44.89564364381275,90.64510832156853,6.430974853140552,6.430974853140552,49.48229161999049,-0.5087721822099307,42.981817937274364,zloty,0,12,-0.4,-0.4445678121704596,0,0,0,1.5554321878295405,1,18,41.8924165558092,55.42396944721787,56.019956410298335,0.0531458307064088,64.80610269622112,0.028528162413034137,10,10,66.90000000000008,false,false,false,0,0,0,0,true,false,1.88,1.63
R3,0,1925-11,47,0.08909210735560633,103.90742668386838,44.32313231749654,90.17318910938519,6.6131928760681795,6.6131928760681795,49.635422310676105,-0.5206229226503634,42.98727255609206,zloty,0,12,-0.4,-0.4677445839215736,0,0,0,1.5322554160784265,1,18,41.89132721097868,55.30674664670182,55.95677812980762,0.06781409253426787,65.25691410230858,0.03636088853406299,10,10,67.05000000000008,false,false,false,0,0,0,0,true,false,1.91,1.66
R3,0,1925-12,48,0.062364475148924424,103.93518136964376,43.923519859026904,89.69626888167676,6.798305636686491,6.798305636686491,49.80572834115121,-0.5288936017666049,42.99109078926444,zloty,0,12,-0.4,-0.49134054453074044,0,0,0,1.5086594554692596,1,18,41.891201862829284,55.18869120561251,55.89433659788111,0.08436258132649574,65.6951927321168,0.045183461357030906,10,10,67.20000000000009,false,false,false,0,0,0,0,true,false,1.94,1.69
R3,0,1926-01,49,0.043655132604247096,103.9546184734572,45.44459296706436,89.39608618966369,6.915438649591597,6.915438649591597,49.9880227453804,-0.3346657511574464,48.993763552485106,zloty,0,6,-0.2,-0.5151865559161621,0,0,0,1.4848134440838379,1,18,41.89198584073055,55.070052651408794,55.83231049065525,0.10300869554401221,66.2229663416887,0.05510884639853919,10,10,67.3500000000001,false,false,false,0,0,0,0,true,false,1.97,1.72
R3,0,1926-02,50,0.030558592822972967,103.96822877230424,46.50990542296692,89.11744381179236,7.024531604788829,7.024531604788829,50.12468495636847,-0.311694157706377,48.995634486739576,zloty,0,6,-0.2,-0.5301956905168155,0,0,0,1.4698043094831845,1,18,41.89351784909666,54.95100578823967,55.77079783324747,0.1238063020262734,66.7550138079917,0.0661624290362729,10,10,67.5000000000001,false,false,false,0,0,0,0,true,false,2,1.75
R3,0,1926-03,51,0.021391014976081077,103.97775810219258,47.25601703829216,88.8540076675768,7.127993560755801,7.127993560755801,50.229387793679464,-0.2956055884770622,48.9969441407177,zloty,0,6,-0.2,-0.5441278094103822,0,0,0,1.4558721905896177,1,18,41.89568485449839,54.83167304517389,55.70986707534859,0.14680130516180334,67.28859182495509,0.07836531271529949,10,10,67.6500000000001,false,false,false,0,0,0,0,true,false,2.0300000000000002,1.78
R3,0,1926-04,52,0.014973710483256754,103.9844296725532,47.77857019635523,88.60136224393602,7.227511748618628,7.227511748618628,50.3117072825307,-0.284337679608077,48.997860898502395,zloty,0,6,-0.2,-0.5572996166211602,0,0,0,1.4427003833788397,1,18,41.89840764722918,54.7121401549973,55.649566021093314,0.17203393477718446,67.82172753758637,0.0917355642411372,10,10,67.80000000000011,false,false,false,0,0,0,0,true,false,2.06,1.81
R3,0,1926-05,53,0.010481597338279728,103.98910028123285,48.14454992613416,88.35642731349564,7.324267852004614,7.324267852004614,50.37835017664004,-0.2764460096742459,48.99850262895168,zloty,0,6,-0.2,-0.5699318878031988,0,0,0,1.430068112196801,1,18,41.90163072119091,54.59246714656032,55.58992805930483,0.19954037714765516,68.3530156738521,0.10628910074203231,10,30,67.95000000000012,false,false,false,0,0,0,0,true,false,2.09,1.8399999999999999
R3,0,1926-06,54,0.007337118136795809,103.99236995696305,48.400870500373756,88.11705300936933,7.419089484104958,7.419089484104958,50.43401367885602,-0.2709189488581248,48.99895184026617,zloty,0,6,-0.2,-0.5821786343252178,0,0,0,1.4178213656747822,1,18,41.90531518114898,54.47269604785143,55.530976511973996,0.22935393772092785,68.88147028753893,0.12204032159839498,10,30,68.10000000000012,false,false,false,0,0,0,0,true,false,2.12,1.8699999999999999
R3,0,1926-07,55,0.005135982695757066,103.99465885231686,50.38038923671752,88.32232346181776,7.3375562780985,7.3375562780985,50.481987563844804,0.2329520171613107,54.99926628818632,zloty,0,0,0.3,-0.5941473495315336,0,0,0,1.4058526504684665,1,18,41.90896270576637,54.36540735772945,55.47129295059339,0.2614080023583799,69.58147028753892,0.13894694389530324,10,30,68.25000000000013,false,false,false,0,0,0,0,true,false,2.15,1.9
R3,0,1926-08,56,0.003595187887029946,103.99626113901658,51.76611838622138,88.55431362288977,7.245624189819246,7.245624189819246,50.470575886743276,0.26266310936929765,54.99948640173042,zloty,0,0,0.3,-0.583883826909112,0,0,0,1.416116173090888,1,18,41.91229974243133,54.26045748978658,55.410811107664934,0.29559643076061143,70.28147028753894,0.15694790581511855,10,30,68.40000000000013,false,false,false,0,0,0,0,true,false,2.1799999999999997,1.93
R3,0,1926-09,57,0.0025166315209209623,103.99738276908434,52.73617501471835,88.80533133173942,7.1464125371023375,7.1464125371023375,50.417592335156634,0.28346186490545333,54.999640481211294,zloty,0,0,0.3,-0.5722843188555118,0,0,0,1.4277156811444882,1,18,41.91513479601884,54.15749966653365,55.3494845962531,0.3318179740430432,70.98147028753895,0.17598486546838657,10,30,68.55000000000014,false,false,false,0,0,0,0,true,false,2.21,1.96
R3,0,1926-10,58,0.0017616420646446734,103.99816792452741,53.415247011357216,89.06999047865186,7.04210494652163,7.04210494652163,50.33550708471508,0.2980216873734499,54.99974833684791,zloty,0,0,0.3,-0.5597334334130288,0,0,0,1.4402665665869712,1,18,41.917333815071515,54.05627059768197,55.28728094857842,0.36997557174415807,71.68147028753894,0.19600182432674798,10,30,68.70000000000014,false,false,false,0,0,0,0,true,false,2.24,1.99
R3,0,1926-11,59,0.0012331494452512714,103.99871754039161,53.89062005868811,89.34451670236398,6.934230029523328,6.934230029523328,50.233049674374364,0.3082140485665775,54.999823835793535,zloty,0,0,0.3,-0.546500476067407,0,0,0,1.453499523932593,1,18,41.9188029606198,53.95657141674329,55.22417744074778,0.4099756304524005,72.38147028753895,0.21694474270540928,10,30,68.85000000000015,false,false,false,0,0,0,0,true,false,2.27,2.02
R3,0,1926-12,60,0.00086320461167589,103.99910227495309,54.223397046598315,89.62626377915274,6.823857865102119,6.823857865102119,50.11633107261372,0.31534904120345447,54.999876685055476,zloty,0,0,0.3,-0.5327741648818012,0,0,0,1.4672258351181988,1,18,41.919476543545656,53.85825248570133,55.1601581692086,0.4517273583345191,73.08147028753895,0.23876118666030738,10,30,69.00000000000016,false,false,false,0,0,0,0,true,false,2.3,2.05
R3,0,1927-01,61,0.0006042432281731229,103.99937159083986,54.45635203648047,89.91337593494718,6.711737544237609,6.711737544237609,49.98962916121577,0.3203437738985994,54.999913679538835,zloty,0,0,0.3,-0.5186868110423631,0,0,0,1.4813131889576368,1,18,41.919308580289204,53.76120148706208,55.09521200403094,0.49514218693736933,73.78147028753894,0.2614000227577213,10,30,69.15000000000016,false,false,false,0,0,0,0,true,false,2.33,2.08
R3,0,1927-02,62,0.000422970259721186,103.9995601127905,54.61942829823948,90.20455163930205,6.598393455591735,6.598393455591735,49.855938600121355,0.32384025327392585,54.99993957567718,zloty,0,0,0.3,-0.5043312032526408,0,0,0,1.4956687967473592,1,18,41.9182668815886,53.66533421232806,55.029331156218404,0.5401332877840616,74.48147028753897,0.2848111644674548,10,30,69.30000000000017,false,false,false,0,0,0,0,true,false,2.36,2.11
R3,0,1927-03,63,0.0002960791818048302,103.99969207856266,54.73358711965984,90.49887818139968,6.484192688710164,6.484192688710164,49.71735575117417,0.3262879053759162,54.99995770297403,zloty,0,0,0.3,-0.48977241803489735,0,0,0,1.5102275819651028,1,18,41.91632891444806,53.570587508684866,54.962510174922365,0.5866151789204445,75.18147028753897,0.3089453673667361,10,30,69.45000000000017,false,false,false,0,0,0,0,true,false,2.3899999999999997,2.1399999999999997
R3,0,1927-04,64,0.0002072554272633811,103.99978445480241,54.81350210138643,90.79571571761777,6.369392218511974,6.369392218511974,49.57534813758437,0.3280013434233988,54.99997039208182,zloty,0,0,0.3,-0.4750560909300162,0,0,0,1.5249439090699837,1,18,41.91347890542473,53.476913922571285,54.89474524560254,0.6345034109443988,75.88147028753895,0.3337540673791479,10,30,69.60000000000018,false,false,false,0,0,0,0,true,false,2.42,2.17
R3,0,1927-05,65,0.00014507879908436677,103.99984911826787,54.86944525330769,91.09461594662615,6.254171936006249,6.254171936006249,49.430943074542775,0.32920080715921574,54.999979274457274,zloty,0,0,0.3,-0.4602142141191116,0,0,0,1.5397857858808883,1,18,41.909705812873,53.384277659457226,54.826033698837655,0.683714320236502,76.58147028753896,0.3591892553415129,10,30,69.75000000000018,false,false,false,0,0,0,0,true,false,2.45,2.2
R3,0,1927-06,66,0.00010155515935905674,103.99989438274156,54.908607324951404,91.39526504683138,6.138657770895233,6.138657770895233,49.284859716943544,0.33004047174575835,54.99998549212009,zloty,0,0,0.3,-0.4452692026686925,0,0,0,1.5547307973313074,1,18,41.90500190747905,53.292651553753316,54.75637366657229,0.7341648373268101,77.28147028753897,0.38520338133958193,10,30,69.90000000000019,false,false,false,0,0,0,0,true,false,2.48,2.23
R3,0,1927-07,67,0.00007108861155133971,103.99992606789657,54.9360220808112,91.42325783074908,6.127937878167562,6.127937878167562,49.137601497195,0.030628264936203534,54.99998984448406,zloty,0,0,0,-0.43023674765843084,0,0,0,1.5697632523415692,1,18,41.8996444728468,53.175376719372395,54.68662483922097,0.7866720313090891,77.98147028753897,0.4122272168443195,10,30,70.0500000000002,false,false,false,0,0,0,0,true,false,2.51,2.26
R3,0,1927-08,68,0.0000497620280859378,103.99994824751658,54.95521332390949,91.45163537205559,6.117073969253193,6.117073969253193,48.989520834770666,0.03103973975534052,54.999992891138845,zloty,0,0,0,-0.428837108462546,0,0,0,1.571162891537454,1,18,41.89362972191555,53.0582320547632,54.61678630337122,0.8412271138510494,78.68147028753897,0.44025189744713544,10,30,70.2000000000002,false,false,false,0,0,0,0,true,false,2.54,2.29
R3,0,1927-09,69,0.000034833419660156455,103.9999637732562,54.96864783387579,91.480285144531,6.106109244209621,6.106109244209621,48.84086443505338,0.03132778583877503,54.99999502379719,zloty,0,0,0,-0.42741823139722046,0,0,0,1.5725817686027797,1,18,41.88695500362012,52.941208495269535,54.54685741961472,0.8978215458028438,79.38147028753896,0.4692687024115237,10,30,70.35000000000021,false,false,false,0,0,0,0,true,false,2.57,2.32
R3,0,1927-10,70,0.000024383393762109517,103.9999746412767,54.97805243871046,91.50912835489007,6.095073944516656,6.095073944516656,48.69180500003711,0.03152942769418647,54.99999651665804,zloty,0,0,0,-0.42598574277345025,0,0,0,1.5740142572265499,1,18,41.87961846212918,52.82429942181723,54.47683774035246,0.956446973035157,80.08147028753898,0.4992690202577486,10,30,70.50000000000021,false,false,false,0,0,0,0,true,false,2.6,2.35
R3,0,1927-11,71,0.000017068375633476662,103.99998224889241,54.98463597559551,91.5381098299888,6.083989240217852,6.083989240217852,48.54246342687579,0.031670583710870504,54.99999756166062,zloty,0,0,0,-0.4245435822554967,0,0,0,1.5754564177445034,1,18,41.87161879830087,52.707500006346514,54.406726952256214,1.0170951783487272,80.78147028753898,0.53024432301631,10,30,70.65000000000022,false,false,false,0,0,0,0,true,false,2.63,2.38
R3,0,1927-12,72,0.000011947862943433663,103.99998757422405,54.98924467086559,91.56719093607917,6.072869951049077,6.072869951049077,48.392924347607924,0.03176939762507191,54.999998293162434,zloty,0,0,0,-0.4230945085005601,0,0,0,1.5769054914994398,1,18,41.86295510269401,52.59080672985338,54.33652483599006,1.0797580455868,81.48147028753898,0.5621861470545043,10,30,70.80000000000022,false,false,false,0,0,0,0,true,false,2.66,2.41
R3,0,1928-01,73,0.000008363504060403562,103.99999130195653,54.99247091117002,91.59634462086379,6.061726451319205,6.061726451319205,48.243247007481955,0.03183857065677623,54.99999880521371,zloty,0,0,0,-0.42164045319604143,0,0,0,1.5783595468039586,1,18,41.85362673867046,52.474217028397895,54.26623123801463,1.1444275329567513,82.18147028753899,0.595086078857032,10,30,70.95000000000023,false,false,false,0,0,0,0,true,false,2.69,2.44
R3,1,1922-01,1,5.199999999999999,98.85931558935361,54.879999999999995,100,3,3,44.85,0,54.6,marka,8,0,0,0,0,0,0,2,1,10,35.01320677946768,35.02281368821293,35.04312927756654,0,35.7,0,10,10,60.15,false,false,false,0,0,0,0,false,false,0.53,0.28
R3,1,1922-02,2,6.039999999999999,98.0761976612599,54.75999999999999,99.98907452471482,3.00382391634981,3.00382391634981,44.7036,-0.010925475285171161,54.48,marka,8,0,0,0,0,0,0,2,1,10,35.031106720259025,35.06320169316264,35.10338829723561,0,36.40104988906513,0,10,10,60.3,false,false,false,0,0,0,0,false,false,0.56,0.31
R3,1,1922-03,3,6.627999999999998,97.53535656675545,54.65079999999999,99.9700861807984,3.0104705628982824,3.0104705628982824,44.5608,-0.018990418709920957,54.396,marka,8,0,0,-0.0005462737642588422,0,0,0,1.9994537262357412,1,10,35.052020893425684,35.11581788510177,35.17559383581427,0,37.10141945348079,0,10,10,60.449999999999996,false,false,false,0,0,0,0,false,false,0.59,0.33999999999999997
R3,1,1922-04,4,7.039599999999998,97.16030328962366,54.556719999999984,99.94513849837014,3.019204864511367,3.019204864511367,44.421276,-0.024955147465956527,54.3372,marka,8,0,0,-0.0014956909600797985,0,0,0,1.9985043090399202,1,10,35.07479756943025,35.17697897011584,35.256174629655575,0,37.800042428664966,0,10,10,60.599999999999994,false,false,false,0,0,0,0,false,false,0.62,0.37
R3,1,1922-05,5,7.327719999999998,96.89947760000865,54.478515999999985,99.91578783574015,3.029483235300421,3.029483235300421,44.2845744,-0.02936677368301099,54.29604,marka,8,0,0,-0.0027430750814929185,0,0,0,1.997256924918507,1,10,35.09864088215306,35.24412860351019,35.34265204957074,0,38.49628213624888,0,10,10,60.74999999999999,false,false,false,0,0,0,0,false,false,0.65,0.4
R3,1,1922-06,6,7.529403999999998,96.71773127283399,54.415129599999986,99.88318887197079,3.0409024890203966,3.0409024890203966,44.15021892,-0.03262643919993101,54.267228,marka,8,0,0,-0.004210608212992639,0,0,0,1.9957893917870073,1,10,35.12299808461528,35.3154836049135,35.43329715656878,0,39.18977921553105,0,10,10,60.89999999999999,false,false,false,0,0,0,0,false,false,0.6799999999999999,0.43
R3,1,1922-07,7,9.770582799999998,94.7430516876148,54.364708599999986,99.84819858650013,3.0531634110564614,3.0531634110564614,44.017765032,-0.03503120581732831,54.2470596,marka,15,0,0,-0.005840556401460617,0,0,0,1.9941594435985395,1,10,35.159247748250294,35.426753032179235,35.56272866326368,0,39.88035124418532,0,10,10,61.04999999999999,false,false,false,0,0,0,0,false,false,0.71,0.45999999999999996
R3,1,1922-08,8,11.339407959999999,93.408077073091,54.262178535999986,99.79669193569569,3.07121814618114,3.07121814618114,43.886823774,-0.05158495749908185,54.02294172,marka,15,0,0,-0.007590070674993399,0,0,0,1.9924099293250066,1,10,35.20414813974113,35.56761885827976,35.721043969725194,0,40.56319729467987,0,10,10,61.19999999999999,false,false,false,0,0,0,0,false,false,0.74,0.49
R3,1,1922-09,9,12.437585572,92.49576062214805,54.14334273639999,99.73301894636569,3.093549093062485,3.093549093062485,43.75895841792,-0.06380270537527226,53.866059204,marka,15,0,0,-0.010165403215215463,0,0,0,1.9898345967847846,1,10,35.25478452384373,35.72886911927747,35.89930612779004,0,41.23830192235765,0,10,10,61.34999999999999,false,false,false,0,0,0,0,false,false,0.77,0.52
R3,1,1922-10,10,13.206309900399999,91.86767070801992,54.02721234831999,99.66032975825657,3.1190584139543707,3.1190584139543707,43.634658135828,-0.07288377397681575,53.7562414428,marka,15,0,0,-0.013349052681715535,0,0,0,1.9866509473182845,1,10,35.30919401257598,35.904270365563015,36.09146774095262,0,41.90599750706546,0,10,10,61.499999999999986,false,false,false,0,0,0,0,false,false,0.8,0.55
R3,1,1922-11,11,13.744416930279998,91.43305913972652,53.92285934681199,99.58094985801857,3.146936071143235,3.146936071143235,43.513841765378395,-0.0796504491110408,53.67936900996,marka,15,0,0,-0.016983512087171703,0,0,0,1.9830164879128283,1,10,35.366037233245976,36.089548011362915,36.29338201620803,0,42.56676903641726,0,10,10,61.649999999999984,false,false,false,0,0,0,0,false,false,0.83,0.58
R3,1,1922-12,12,14.121091851195999,91.13126970043977,53.833669034859994,99.49661212595282,3.176578493981238,3.176578493981238,43.39615598497404,-0.08469263668000795,53.625558306972,marka,15,0,0,-0.020952507099071482,0,0,0,1.9790474929009285,1,10,35.42439193928747,36.28174382877312,36.5021794394884,0,43.22114769154382,0,10,10,61.79999999999998,false,false,false,0,0,0,0,false,false,0.86,0.61
R3,1,1923-01,13,18.8847642958372,87.47967043211912,53.75993556886611,99.40861253951228,3.2075341763869916,3.2075341763869916,43.281145913928235,-0.0884448068735819,53.5878908148804,marka,30,0,0,-0.025169393702358888,0,0,0,1.974830606297641,1,10,35.505493599091885,36.547628261333614,36.78248473428587,0,43.86965384351495,0,10,10,61.94999999999998,false,false,false,0,0,0,0,false,false,0.89,0.64
R3,1,1923-02,14,22.219335007086038,85.0929192127991,53.56541196933116,99.29055128955805,3.249101437440511,3.249101437440511,43.168347846862254,-0.11876360301005535,53.11152357041628,marka,30,0,0,-0.02956937302438618,0,0,0,1.9704306269756138,1,10,35.602845058837254,36.86655350760439,37.11446676709598,0,44.49676340609546,0,10,10,62.09999999999998,false,false,false,0,0,0,0,false,false,0.9199999999999999,0.6699999999999999
R3,1,1923-03,15,24.553534504960226,83.49823263815794,53.329208328319226,99.15077455253395,3.2983728508056847,3.2983728508056847,43.06138548778232,-0.1407754667576398,52.7780664992914,marka,30,0,0,-0.035472435522097355,1,0,0,0.9645275644779026,1,10,35.710972390396215,37.22122456152382,37.48134063467974,0,45.10741829769835,0,10,10,62.24999999999998,false,false,false,0,0,0,0,false,false,0.95,0.7
R3,1,1923-04,16,26.187474153472156,82.41705501887833,53.09383979467465,98.9950324680465,3.3533494556951666,3.3533494556951666,42.96150923793274,-0.15707601396994808,52.54464654950398,marka,30,0,0,-0.0424612723733027,1,0,0,0.9575387276266973,1,10,35.82632954648738,37.60037176359099,37.87216893114038,0,45.70561612122231,0,10,10,62.39999999999998,true,true,false,0,0,0,0,false,false,0.98,0.73
R3,1,1923-05,17,27.331231907430507,81.67674060956841,52.88006363166809,98.82747747259099,3.412589042720265,3.412589042720265,42.8686940440925,-0.1692559629288536,52.381252584652785,marka,30,0,0,-0.05024837659767485,1,0,0,0.9497516234023251,1,10,35.94655948943082,37.99645674491217,38.27963608491606,0,46.294535900032585,0,10,10,62.549999999999976,true,true,false,0,0,0,0,false,false,1.01,0.76
R3,1,1923-06,18,28.131862335201355,81.16638446097755,52.69610758494474,98.65118395766771,3.475023834947216,3.475023834947216,42.782292135142455,-0.1783851206484314,52.26687680925695,marka,30,0,0,-0.05862612637045075,1,0,0,0.9413738736295492,1,10,36.07006771402429,38.4043464518061,38.69876150607536,0,46.87666400279433,0,10,10,62.699999999999974,true,true,false,0,0,0,0,false,false,1.04,0.79
R3,1,1923-07,19,37.69230363464095,75.53072848280493,52.54331943940527,98.46845502280902,3.5398533936355188,3.5398533936355188,42.701408907594114,-0.18522731053800845,52.186813766479865,marka,60,0,0,-0.0674408021166144,1,0,0,0.9325591978833856,1,10,36.22922094861969,38.92614666149415,39.22801716275487,0,47.453915122286,0,10,10,62.84999999999997,true,true,false,0,0,0,0,false,false,1.0699999999999998,0.82
R3,1,1923-08,20,44.38461254424867,72.0298362598215,52.14955449854446,98.23941308296952,3.6212649268267874,3.6212649268267874,42.62510932441196,-0.23260438054648144,51.2307696365359,marka,60,0,0,-0.07657724885954878,1,0,0,0.9234227511404511,1,10,36.41282411558215,39.52625570289336,39.83321758405189,0,48.00290370742108,0,10,10,62.99999999999997,true,true,false,0,0,0,0,false,false,1.1,0.85
R3,1,1923-09,21,49.069228780974065,69.76624273867156,51.67314977265366,97.97758737143275,3.714546224181929,3.714546224181929,42.56062268945563,-0.26651799244326113,50.561538745575135,marka,60,0,0,-0.088029345851524,2,0,0,-0.088029345851524,1,10,36.61232095238787,40.1775714967975,40.488074263749716,0,48.536675091493024,0,10,10,63.14999999999997,true,true,false,0,0,0,0,false,false,1.13,0.88
R3,1,1923-10,22,70.34846014668184,61.051329674743634,51.19912797742833,97.69171541011845,3.816666708207217,3.816666708207217,42.51042819627602,-0.29177281150082257,50.093077121902596,marka,120,0,0,-0.10112063142836263,2,0,0,-0.10112063142836258,1,10,39.39444089829771,49.007605145315274,49.009760423896495,0,49.06407532586807,0,10,10,63.29999999999997,true,true,false,0,0,0,0,true,true,1.16,0.9099999999999999
R3,1,1923-11,23,85.24392210267729,56.14219285551228,50.22893577979937,97.33162136056615,3.945677563236436,3.945677563236436,42.47445435695317,-0.36860244294062594,47.96515398533182,marka,120,0,0,-0.1154142294940776,3,0,0,-1.1154142294940776,1,10,39.685262256947645,49.94926671571964,49.944431984118964,0,49.82673436168949,0,10,10,63.44999999999997,true,true,false,0,0,0,0,true,false,1.19,0.94
R3,1,1923-12,24,95.6707454718741,53.15051043997227,49.10293738277924,96.92046492984566,4.093527510397055,4.093527510397055,42.467586283559186,-0.4224284204589112,46.47560778973227,marka,120,0,0,-0.1334189319716927,3,0,0,-1.1334189319716927,1,10,39.99788787892575,50.9601814805005,50.945645506600194,0,50.605084956454185,0,10,10,63.599999999999966,true,true,false,1,0,0,0,true,false,1.22,0.97
R3,1,1924-01,25,102.96952183031186,51.239220086918706,45.00193380378924,96.47147907746773,4.255665659905542,4.255665659905542,42.49449816207581,-0.4632518557385332,35.43292545281259,stabilizing,120,10,0,-0.15397675350771678,3,3,2,-0.15397675350771678,1,18,40.4313034246312,52.016466153516376,51.99021792391015,0,51.399682982471724,0,10,10,63.749999999999964,true,true,false,1,0,0,0,true,false,1.25,1
R3,1,1924-02,26,108.07866528121829,49.98109722563053,41.91226800774311,95.95047787765343,4.4446856911922765,4.4446856911922765,42.64444014796213,-0.5400572322478117,34.70304781696881,stabilizing,120,10,0,-0.1764260461266133,3,3,2,-0.1764260461266134,1,18,40.77142678147852,53.11135422464713,53.07175513458918,0,52.23481466553378,0,10,10,63.89999999999996,true,true,false,0,0,0,0,true,false,1.28,1.03
R3,1,1924-03,27,111.6550656968528,49.136551330624,39.59622764698362,95.37830984529405,4.653396284151625,4.653396284151625,42.887072107729836,-0.5963159798838533,34.19213347187817,stabilizing,120,10,0,-0.20247610611732866,3,3,2,-0.20247610611732858,1,18,41.121407753397044,54.23297849451433,54.178615621838,0,53.09366193259544,0,10,10,64.04999999999997,true,true,false,0,0,0,0,true,false,1.31,1.06
R3,1,1924-04,28,78.15854598779696,58.37497125011535,40.86770738198295,94.77641874007203,4.87426608900496,4.87426608900496,43.19918527832033,-0.6310565852952457,43.83449343031472,zloty,0,0,0,-0.23108450773529726,3,3,0,1.7689154922647028,1,18,41.41743120214284,55.17591397193869,55.11509266866751,0,53.97105769754868,0,10,10,64.19999999999997,true,true,false,0,0,0,0,true,false,1.3399999999999999,1.0899999999999999
R3,1,1924-05,29,54.710982191457866,67.222118641389,42.762638787754156,94.25990183524435,5.065010705749227,5.065010705749227,43.47315405686084,-0.5449846192693328,47.184145401220306,zloty,0,0,0,-0.2611790629963984,3,3,0,1.7388209370036016,1,18,41.655014872707376,55.92684390748305,55.86827361515348,0,54.82454827083515,0,10,10,64.34999999999998,true,true,false,0,0,0,0,true,false,1.37,1.12
R3,1,1924-06,30,38.297687534020504,75.20010048932782,44.792517685684174,93.83970677491764,5.221034919917629,5.221034919917629,43.69027489322822,-0.4457834690525756,49.52890178085421,zloty,0,0,0,-0.2870049082377825,2,3,0,2.7129950917622176,1,18,41.83864875328297,56.50085400478069,56.452934728619425,0,55.645614080186,0,10,10,64.49999999999999,true,true,false,0,0,0,0,true,false,1.4,1.15
R3,1,1924-07,31,26.80838127381435,82.01350648537597,46.70583175395831,93.5098494789745,5.344063920697669,5.344063920697669,43.846499362657696,-0.3515114308001148,51.17023124659795,zloty,0,0,0,-0.3080146612541178,1,0,0,0.6919853387458823,1,18,41.97559155408224,56.92209837546319,56.89236335253652,0,56.43460832167759,0,10,10,64.64999999999999,true,true,false,0,0,0,0,true,false,1.43,1.18
R3,1,1924-08,32,18.765866891670044,87.56724698928993,48.389830789556385,93.25895837124185,5.437970485830335,5.437970485830335,43.94532441003895,-0.26830447180761763,52.319161872618565,zloty,0,0,0,-0.3245075260512749,1,0,0,0.6754924739487251,1,18,42.074000504724914,57.21770671824373,57.21251569993191,0,57.195823797858026,0,10,10,64.8,true,true,false,0,0,0,0,true,false,1.46,1.21
R3,1,1924-09,33,13.13610682416903,91.92467632073645,49.80990554593936,93.07373249932104,5.5074855826151525,5.5074855826151525,44.993629486352255,-0.1986145622423348,53.123413310832994,zloty,0,0,0,-0.3370520814379077,0,0,0,1.6629479185620923,1,18,42.148137539317666,57.41397074022141,57.438437175240196,0,57.935128931603636,0,10,10,64.95,false,false,false,0,0,0,0,true,false,1.49,1.24
R3,1,1924-10,34,9.19527477691832,95.24221649010724,50.972850677432476,92.94114523861398,5.557344484800909,5.557344484800909,45.99933231997407,-0.142454006245018,53.6863893175831,zloty,0,0,0,-0.34631337503394805,0,0,0,1.653686624966052,1,18,42.202839017764425,57.534055861512144,57.59213557953482,0,58.658418813586415,0,10,10,65.10000000000001,false,false,false,0,0,0,0,true,false,1.52,1.27
R3,1,1924-11,35,6.436692343842823,97.7106651003668,51.90513723089518,92.8496265502445,5.591808812572088,5.591808812572088,46.9701467996511,-0.09846950791765495,54.08047252230817,zloty,0,0,0,-0.35294273806930077,0,0,0,1.6470572619306991,1,18,42.24389484041781,57.59707472339039,57.691736798487725,0,59.37080686367294,0,10,10,65.25000000000001,false,false,false,0,0,0,0,true,false,1.55,1.3
R3,1,1924-12,36,4.505684640689976,99.5161175753945,52.64049529131134,92.7895179111558,5.614466979828862,5.614466979828862,47.912992682724244,-0.06473762073363795,54.356330765615716,zloty,0,0,0,-0.3575186724877753,0,0,0,1.6424813275122248,1,18,42.27586865699633,57.61808145551089,57.75150145108802,0,60.076343450680774,0,10,10,65.40000000000002,false,false,false,0,0,0,0,true,false,1.58,1.33
R3,1,1925-01,37,3.153979248482983,100.82015328703812,53.21317616469723,92.75308537813916,5.628209250338372,5.628209250338372,48.8337778239849,-0.03926363002717389,54.549431535931,zloty,0,0,0,-0.3605241044422101,0,0,0,1.63947589555779,1,18,42.299691564201915,57.600347992154504,57.77455025077905,0,60.778038590255505,0,10,10,65.55000000000003,false,false,false,0,0,0,0,true,false,1.6099999999999999,1.3599999999999999
R3,1,1925-02,38,2.207785473938088,101.7535009860075,53.65460393783357,92.7343111044049,5.635293646270005,5.635293646270005,49.737382539043985,-0.020241131233236544,54.6846020751517,zloty,0,0,0,-0.3623457310930419,0,0,0,1.637654268906958,1,18,42.31759421340814,57.55128516054009,57.76789892257808,0.0019487410746914491,61.478011392747625,0.0010787046309598531,10,10,65.70000000000003,false,false,false,0,0,0,0,true,false,1.64,1.39
R3,1,1925-03,39,1.5454498317566616,102.41719365299984,53.99198919226535,92.72860522433342,5.637447172835558,5.637447172835558,49.627744420908975,-0.006152933044436478,54.779221452606194,zloty,0,0,0,-0.36328444477975524,0,0,0,1.6367155552202448,1,18,42.32805900225107,57.47984611423287,57.74001004693829,0.005877178902193578,62.17771740518798,0.003251678488965607,10,10,65.85000000000004,false,false,false,0,0,0,0,true,false,1.67,1.42
R3,1,1925-04,40,1.0818148822296632,102.88695362382475,54.248028939633045,92.73251594857557,5.635971087347766,5.635971087347766,49.507984745141016,0.004217387107978993,54.84545501682433,zloty,0,0,0,-0.36356973878332893,0,0,0,1.636430261216671,1,18,42.333292377126256,57.39330969428764,57.697734471981306,0.011780212307972795,62.877717405187994,0.006512889506315591,10,10,66.00000000000004,false,false,false,0,0,0,0,true,false,1.7,1.45
R3,1,1925-05,41,0.7572704175607642,103.21835791005518,54.441165811276235,92.74347328116045,5.631835465267983,5.631835465267983,49.380543876952025,0.01181606308509369,54.89181851177703,zloty,0,0,0,-0.3633742025712216,0,0,0,1.6366257974287783,1,18,42.334894231256605,57.2969956724217,57.64604416160184,0.019650056536722076,63.577717405187975,0.010854133187200268,10,10,66.15000000000005,false,false,false,0,0,0,0,true,false,1.73,1.48
R3,1,1925-06,42,0.5300892922925349,103.4516140711053,50.986097955366546,92.38860368975547,5.7657579426106285,5.7657579426106285,49.24730890261374,-0.38263564955041507,42.924272958243925,zloty,0,12,-0.4,-0.3628263359419776,0,0,0,1.6371736640580223,1,18,42.35610192813947,57.26040848895987,57.65578763511187,0.02931004666040657,64.20665494931146,0.016192773875808496,10,10,66.30000000000005,false,false,false,0,0,0,0,true,false,1.76,1.51
R3,1,1925-07,43,0.3710625046047744,103.61552165020548,48.5743658899878,91.9889346385692,5.917166408945859,5.917166408945859,49.217725963952745,-0.43259561810065944,42.94699107077075,zloty,0,12,-0.4,-0.38056981551222646,0,0,0,1.6194301844877734,1,18,42.3789353158531,57.227647072621316,57.67086447661377,0.04097369453632709,64.81327744729838,0.02264245007584592,10,10,66.45000000000006,false,false,false,0,0,0,0,true,false,1.79,1.54
R3,1,1925-08,44,0.2597437532233421,103.73056633376487,46.89092424785332,91.55892285337254,6.080777527402848,6.080777527402848,49.26049498725311,-0.4674603384485391,42.962893749539525,zloty,0,12,-0.4,-0.40055326807153974,0,0,0,1.5994467319284602,1,18,42.403323329118756,57.197535641836865,57.69012391169919,0.054705534046532896,65.4000868243513,0.030240889816330874,10,10,66.60000000000007,false,false,false,0,0,0,0,true,false,1.8199999999999998,1.5699999999999998
R3,1,1925-09,45,0.18182062725633946,103.81124973457,45.715854660900625,91.10864375659081,6.252904589367076,6.252904589367076,49.35376725981751,-0.49179160561208124,42.974025624677665,zloty,0,12,-0.4,-0.4220538573313732,0,0,0,1.5779461426686268,1,18,42.42921866849278,57.16926168078188,57.71276969705673,0.07057317641630131,65.96966948593824,0.03902774098120923,10,10,66.75000000000007,false,false,false,0,0,0,0,true,false,1.8499999999999999,1.5999999999999999
R3,1,1925-10,46,0.1272744390794376,103.86780283655568,44.89564364381275,90.64510832156853,6.430974853140552,6.430974853140552,49.48229161999049,-0.5087721822099307,42.981817937274364,zloty,0,12,-0.4,-0.4445678121704596,0,0,0,1.5554321878295405,1,18,42.45658951619212,57.142262727571946,57.73824969065242,0.08864637375668741,66.5243959765752,0.04904406066598069,10,10,66.90000000000008,false,false,false,0,0,0,0,true,false,1.88,1.63
R3,1,1925-11,47,0.08909210735560633,103.90742668386838,44.32313231749654,90.17318910938519,6.6131928760681795,6.6131928760681795,49.635422310676105,-0.5206229226503634,42.98727255609206,zloty,0,12,-0.4,-0.4677445839215736,0,0,0,1.5322554160784265,1,18,42.48541429679222,57.11614893851971,57.76618042162551,0.1089963380248633,67.06631639412652,0.06033195402481948,10,10,67.05000000000008,false,false,false,0,0,0,0,true,false,1.91,1.66
R3,1,1925-12,48,0.062364475148924424,103.93518136964376,43.923519859026904,89.69626888167676,6.798305636686491,6.798305636686491,49.80572834115121,-0.5288936017666049,42.99109078926444,zloty,0,12,-0.4,-0.49134054453074044,0,0,0,1.5086594554692596,1,18,42.515678293510994,57.09064987773955,57.79629527000815,0.13169526171684084,67.59715140424389,0.07293432749484205,10,10,67.20000000000009,false,false,false,0,0,0,0,true,false,1.94,1.69
R3,1,1926-01,49,0.043655132604247096,103.9546184734572,45.44459296706436,89.39608618966369,6.915438649591597,6.915438649591597,49.9880227453804,-0.3346657511574464,48.993763552485106,zloty,0,6,-0.2,-0.5151865559161621,0,0,0,1.4848134440838379,1,18,42.53569160769751,57.03057782998839,57.79283566923485,0.1569178151899341,68.18349152026835,0.08689766139729849,10,10,67.3500000000001,false,false,false,0,0,0,0,true,false,1.97,1.72
R3,1,1926-02,50,0.030558592822972967,103.96822877230424,46.50990542296692,89.11744381179236,7.024531604788829,7.024531604788829,50.12468495636847,-0.311694157706377,48.995634486739576,zloty,0,6,-0.2,-0.5301956905168155,0,0,0,1.4698043094831845,1,18,42.55513304287517,56.96607744441788,57.785869489425686,0.18460130721165383,68.77008546416997,0.10221585281420682,10,10,67.5000000000001,false,false,false,0,0,0,0,true,false,2,1.75
R3,1,1926-03,51,0.021391014976081077,103.97775810219258,47.25601703829216,88.8540076675768,7.127993560755801,7.127993560755801,50.229387793679464,-0.2956055884770622,48.9969441407177,zloty,0,6,-0.2,-0.5441278094103822,0,0,0,1.4558721905896177,1,18,42.57428505271482,56.89847567933559,57.77666970951029,0.2147780192420339,69.35539445911684,0.1189061096032743,10,10,67.6500000000001,false,false,false,0,0,0,0,true,false,2.0300000000000002,1.78
R3,1,1926-04,52,0.014973710483256754,103.9844296725532,47.77857019635523,88.60136224393602,7.227511748618628,7.227511748618628,50.3117072825307,-0.284337679608077,48.997860898502395,zloty,0,6,-0.2,-0.5572996166211602,0,0,0,1.4427003833788397,1,18,42.59334541461975,56.82870188309041,57.766127749186424,0.24747956901765497,69.93828926567953,0.1369854495690641,10,10,67.80000000000011,false,false,false,0,0,0,0,true,false,2.06,1.81
R3,1,1926-05,53,0.010481597338279728,103.98910028123285,48.14454992613416,88.35642731349564,7.324267852004614,7.324267852004614,50.37835017664004,-0.2764460096742459,48.99850262895168,zloty,0,6,-0.2,-0.5699318878031988,0,0,0,1.430068112196801,1,18,42.61245261555401,56.75740692634642,57.75486783909094,0.28273714389905374,70.51795545363827,0.15647079638525588,10,30,67.95000000000012,false,false,false,0,0,0,0,true,false,2.09,1.8399999999999999
R3,1,1926-06,54,0.007337118136795809,103.99236995696305,48.400870500373756,88.11705300936933,7.419089484104958,7.419089484104958,50.43401367885602,-0.2709189488581248,48.99895184026617,zloty,0,6,-0.2,-0.5821786343252178,0,0,0,1.4178213656747822,1,18,42.631703626781885,56.685046643687706,57.74332710781027,0.3205816454492925,71.09382088337527,0.1773790356688395,10,30,68.10000000000012,false,false,false,0,0,0,0,true,false,2.12,1.8699999999999999
R3,1,1926-07,55,0.005135982695757066,103.99465885231686,50.38038923671752,88.32232346181776,7.3375562780985,7.3375562780985,50.481987563844804,0.2329520171613107,54.99926628818632,zloty,0,0,0.3,-0.5941473495315336,0,0,0,1.4058526504684665,1,18,42.635351151399284,56.57775795356572,57.68364354642966,0.3607523335886615,71.79382088337526,0.19939931661128246,10,30,68.25000000000013,false,false,false,0,0,0,0,true,false,2.15,1.9
R3,1,1926-08,56,0.003595187887029946,103.99626113901658,51.76611838622138,88.55431362288977,7.245624189819246,7.245624189819246,50.470575886743276,0.26266310936929765,54.99948640173042,zloty,0,0,0.3,-0.583883826909112,0,0,0,1.416116173090888,1,18,42.638688188064236,56.472808085622844,57.623161703501204,0.4029556924876694,72.49382088337528,0.2224929278537398,10,30,68.40000000000013,false,false,false,0,0,0,0,true,false,2.1799999999999997,1.93
R3,1,1926-09,57,0.0025166315209209623,103.99738276908434,52.73617501471835,88.80533133173942,7.1464125371023375,7.1464125371023375,50.417592335156634,0.28346186490545333,54.999640481211294,zloty,0,0,0.3,-0.5722843188555118,0,0,0,1.4277156811444882,1,18,42.64152324165175,56.36985026236992,57.56183519208937,0.4470824207873766,73.19382088337528,0.24659488131474616,10,30,68.55000000000014,false,false,false,0,0,0,0,true,false,2.21,1.96
R3,1,1926-10,58,0.0017616420646446734,103.99816792452741,53.415247011357216,89.06999047865186,7.04210494652163,7.04210494652163,50.33550708471508,0.2980216873734499,54.99974833684791,zloty,0,0,0.3,-0.5597334334130288,0,0,0,1.4402665665869712,1,18,42.64372226070442,56.268621193518236,57.4996315444147,0.493029821025681,73.89382088337528,0.2716439783083419,10,30,68.70000000000014,false,false,false,0,0,0,0,true,false,2.24,1.99
R3,1,1926-11,59,0.0012331494452512714,103.99871754039161,53.89062005868811,89.34451670236398,6.934230029523328,6.934230029523328,50.233049674374364,0.3082140485665775,54.999823835793535,zloty,0,0,0.3,-0.546500476067407,0,0,0,1.453499523932593,1,18,42.64519140625271,56.16892201257955,57.43652803658405,0.5407003537026644,74.59382088337527,0.2975820047138375,10,30,68.85000000000015,false,false,false,0,0,0,0,true,false,2.27,2.02
R3,1,1926-12,60,0.00086320461167589,103.99910227495309,54.223397046598315,89.62626377915274,6.823857865102119,6.823857865102119,50.11633107261372,0.31534904120345447,54.999876685055476,zloty,0,0,0.3,-0.5327741648818012,0,0,0,1.4672258351181988,1,18,42.64586498917856,56.07060308153758,57.372508765044856,0.5900004645916638,75.29382088337529,0.32435308023417364,10,30,69.00000000000016,false,false,false,0,0,0,0,true,false,2.3,2.05
R3,1,1927-01,61,0.0006042432281731229,103.99937159083986,54.45635203648047,89.91337593494718,6.711737544237609,6.711737544237609,49.98962916121577,0.3203437738985994,54.999913679538835,zloty,0,0,0.3,-0.5186868110423631,0,0,0,1.4813131889576368,1,18,42.64569702592211,55.97355208289833,57.307562599867204,0.6408396514720595,75.99382088337528,0.351903142422664,10,30,69.15000000000016,false,false,false,0,0,0,0,true,false,2.33,2.08
R3,1,1927-02,62,0.000422970259721186,103.9995601127905,54.61942829823948,90.20455163930205,6.598393455591735,6.598393455591735,49.855938600121355,0.32384025327392585,54.99993957567718,zloty,0,0,0.3,-0.5043312032526408,0,0,0,1.4956687967473592,1,18,42.64465532722151,55.877684808164325,57.241681752054674,0.6931297321652722,76.6938208833753,0.3801795438795133,10,30,69.30000000000017,false,false,false,0,0,0,0,true,false,2.36,2.11
R3,1,1927-03,63,0.0002960791818048302,103.99969207856266,54.73358711965984,90.49887818139968,6.484192688710164,6.484192688710164,49.71735575117417,0.3262879053759162,54.99995770297403,zloty,0,0,0.3,-0.48977241803489735,0,0,0,1.5102275819651028,1,18,42.642717360080965,55.78293810452113,57.17486077075864,0.7467842770808479,77.3938208833753,0.40913074184539705,10,30,69.45000000000017,false,false,false,0,0,0,0,true,false,2.3899999999999997,2.1399999999999997
R3,1,1927-04,64,0.0002072554272633811,103.99978445480241,54.81350210138643,90.79571571761777,6.369392218511974,6.369392218511974,49.57534813758437,0.3280013434233988,54.99997039208182,zloty,0,0,0.3,-0.4750560909300162,0,0,0,1.5249439090699837,1,18,42.639867351057646,55.68926451840754,57.10709584143879,0.8017181734396724,78.09382088337529,0.4387060616933883,10,30,69.60000000000018,false,false,false,0,0,0,0,true,false,2.42,2.17
R3,1,1927-05,65,0.00014507879908436677,103.99984911826787,54.86944525330769,91.09461594662615,6.254171936006249,6.254171936006249,49.430943074542775,0.32920080715921574,54.999979274457274,zloty,0,0,0.3,-0.4602142141191116,0,0,0,1.5397857858808883,1,18,42.636094258505906,55.596628255293474,57.03838429467391,0.8578472932363188,78.79382088337529,0.4688555186000337,10,30,69.75000000000018,false,false,false,0,0,0,0,true,false,2.45,2.2
R3,1,1927-06,66,0.00010155515935905674,103.99989438274156,54.908607324951404,91.39526504683138,6.138657770895233,6.138657770895233,49.284859716943544,0.33004047174575835,54.99998549212009,zloty,0,0,0.3,-0.4452692026686925,0,0,0,1.5547307973313074,1,18,42.63139035311195,55.505002149589565,56.96872426240854,0.9150882419151647,79.49382088337529,0.49952968445368373,10,30,69.90000000000019,false,false,false,0,0,0,0,true,false,2.48,2.23
R3,1,1927-07,67,0.00007108861155133971,103.99992606789657,54.9360220808112,91.42325783074908,6.127937878167562,6.127937878167562,49.137601497195,0.030628264936203534,54.99998984448406,zloty,0,0,0,-0.43023674765843084,0,0,0,1.5697632523415692,1,18,42.6260329184797,55.387727315208636,56.89897543505722,0.9743740094054497,80.19382088337531,0.5312414693463917,10,30,70.0500000000002,false,false,false,0,0,0,0,true,false,2.51,2.26
R3,1,1927-08,68,0.0000497620280859378,103.99994824751658,54.95521332390949,91.45163537205559,6.117073969253193,6.117073969253193,48.989520834770666,0.03103973975534052,54.999992891138845,zloty,0,0,0,-0.428837108462546,0,0,0,1.571162891537454,1,18,42.620018167548444,55.270582650599444,56.82913689920746,1.0356956480677362,80.8938208833753,0.563981740586928,10,30,70.2000000000002,false,false,false,0,0,0,0,true,false,2.54,2.29
R3,1,1927-09,69,0.000034833419660156455,103.9999637732562,54.96864783387579,91.480285144531,6.106109244209621,6.106109244209621,48.84086443505338,0.03132778583877503,54.99999502379719,zloty,0,0,0,-0.42741823139722046,0,0,0,1.5725817686027797,1,18,42.61334344925303,55.15355909110577,56.75920801545095,1.0990445072318649,81.5938208833753,0.597741541207937,10,30,70.35000000000021,false,false,false,0,0,0,0,true,false,2.57,2.32
R3,1,1927-10,70,0.000024383393762109517,103.9999746412767,54.97805243871046,91.50912835489007,6.095073944516656,6.095073944516656,48.69180500003711,0.03152942769418647,54.99999651665804,zloty,0,0,0,-0.42598574277345025,0,0,0,1.5740142572265499,1,18,42.60600690776208,55.03665001765346,56.6891883361887,1.1644121547005875,82.29382088337532,0.6325120461707758,10,30,70.50000000000021,false,false,false,0,0,0,0,true,false,2.6,2.35
R3,1,1927-11,71,0.000017068375633476662,103.99998224889241,54.98463597559551,91.5381098299888,6.083989240217852,6.083989240217852,48.54246342687579,0.031670583710870504,54.99999756166062,zloty,0,0,0,-0.4245435822554967,0,0,0,1.5754564177445034,1,18,42.59800724393377,54.91985060218275,56.619077548092456,1.2317903186244865,82.9938208833753,0.6682845299882467,10,30,70.65000000000022,false,false,false,0,0,0,0,true,false,2.63,2.38
R3,1,1927-12,72,0.000011947862943433663,103.99998757422405,54.98924467086559,91.56719093607917,6.072869951049077,6.072869951049077,48.392924347607924,0.03176939762507191,54.999998293162434,zloty,0,0,0,-0.4230945085005601,0,0,0,1.5769054914994398,1,18,42.58934354832691,54.803157325689604,56.548875431826296,1.3011708445898793,83.69382088337532,0.7050503428642666,10,30,70.80000000000022,false,false,false,0,0,0,0,true,false,2.66,2.41
R3,1,1928-01,73,0.000008363504060403562,103.99999130195653,54.99247091117002,91.59634462086379,6.061726451319205,6.061726451319205,48.243247007481955,0.03183857065677623,54.99999880521371,zloty,0,0,0,-0.42164045319604143,0,0,0,1.5783595468039586,1,18,42.580015184303356,54.68656762423413,56.478581833850875,1.3725456640230167,84.39382088337533,0.7428008931618867,10,30,70.95000000000023,false,false,false,0,0,0,0,true,false,2.69,2.44
R4,0,1922-01,1,5.199999999999999,98.85931558935361,54.879999999999995,100,3,3,44.85,0,54.6,marka,8,0,0,0,0,0,0,2,1,10,35.01320677946768,35.02281368821293,35.04312927756654,0,35.7,0,10,10,60.15,false,false,false,0,0,0,0,false,false,0.53,0.28
R4,0,1922-02,2,6.039999999999999,98.0761976612599,54.75999999999999,99.98907452471482,3.00382391634981,3.00382391634981,44.7036,-0.010925475285171161,54.48,marka,8,0,0,0,0,0,0,2,1,10,35.030478960658264,35.06128973498773,35.1014763390607,0,36.39913793089023,0,10,10,60.3,false,false,false,0,0,0,0,false,false,0.56,0.31
R4,0,1922-03,3,6.627999999999998,97.53535656675545,54.65079999999999,99.9700861807984,3.0104705628982824,3.0104705628982824,44.5608,-0.018990418709920957,54.396,marka,8,0,0,-0.0005462737642588422,0,0,0,1.9994537262357412,1,10,35.05030197601655,35.110582603652624,35.17035855436512,0,37.09618417203164,0,10,10,60.449999999999996,false,false,false,0,0,0,0,false,false,0.59,0.33999999999999997
R4,0,1922-04,4,7.039599999999998,97.16030328962366,54.556719999999984,99.94513849837014,3.019204864511367,3.019204864511367,44.421276,-0.024955147465956527,54.3372,marka,8,0,0,-0.0014956909600797985,0,0,0,1.9985043090399202,1,10,35.071644770839626,35.16737653786015,35.246572197399885,0,37.79043999640927,0,10,10,60.599999999999994,false,false,false,0,0,0,0,false,false,0.62,0.37
R4,0,1922-05,5,7.327719999999998,96.89947760000865,54.478515999999985,99.91578783574015,3.029483235300421,3.029483235300421,44.2845744,-0.02936677368301099,54.29604,marka,8,0,0,-0.0027430750814929185,0,0,0,1.997256924918507,1,10,35.093800717691245,35.229386985859975,35.32791043192052,0,38.48154051859866,0,10,10,60.74999999999999,false,false,false,0,0,0,0,false,false,0.65,0.4
R4,0,1922-06,6,7.529403999999998,96.71773127283399,54.415129599999986,99.88318887197079,3.0409024890203966,3.0409024890203966,44.15021892,-0.03262643919993101,54.267228,marka,8,0,0,-0.004210608212992639,0,0,0,1.9957893917870073,1,10,35.11628325933444,35.2950323604033,35.41284591205857,0,39.16932797102084,0,10,10,60.89999999999999,false,false,false,0,0,0,0,false,false,0.6799999999999999,0.43
R4,0,1922-07,7,9.770582799999998,94.7430516876148,54.364708599999986,99.84819858650013,3.0531634110564614,3.0531634110564614,44.017765032,-0.03503120581732831,54.2470596,marka,15,0,0,-0.005840556401460617,0,0,0,1.9941594435985395,1,10,35.15052008826852,35.400171326651,35.53614695773544,0,39.85376953865708,0,10,10,61.04999999999999,false,false,false,0,0,0,0,false,false,0.71,0.45999999999999996
R4,0,1922-08,8,11.339407959999999,93.408077073091,54.262178535999986,99.79669193569569,3.07121814618114,3.07121814618114,43.886823774,-0.05158495749908185,54.02294172,marka,15,0,0,-0.007590070674993399,0,0,0,1.9924099293250066,1,10,35.192456494076396,35.53200978518918,35.68543489663461,0,40.5275882215893,0,10,10,61.19999999999999,false,false,false,0,0,0,0,false,false,0.74,0.49
R4,0,1922-09,9,12.437585572,92.49576062214805,54.14334273639999,99.73301894636569,3.093549093062485,3.093549093062485,43.75895841792,-0.06380270537527226,53.866059204,marka,15,0,0,-0.010165403215215463,0,0,0,1.9898345967847846,1,10,35.23942688106597,35.68209457274622,35.8525315812588,0,41.19152737582641,0,10,10,61.34999999999999,false,false,false,0,0,0,0,false,false,0.77,0.52
R4,0,1922-10,10,13.206309900399999,91.86767070801992,54.02721234831999,99.66032975825657,3.1190584139543707,3.1190584139543707,43.634658135828,-0.07288377397681575,53.7562414428,marka,15,0,0,-0.013349052681715535,0,0,0,1.9866509473182845,1,10,35.28964858961847,35.844741158585826,36.03193853397544,0,41.846468300088276,0,10,10,61.499999999999986,false,false,false,0,0,0,0,false,false,0.8,0.55
R4,0,1922-11,11,13.744416930279998,91.43305913972652,53.92285934681199,99.58094985801857,3.146936071143235,3.146936071143235,43.513841765378395,-0.0796504491110408,53.67936900996,marka,15,0,0,-0.016983512087171703,0,0,0,1.9830164879128283,1,10,35.3419152282333,36.01607997579129,36.2199139806364,0,42.49330100084564,0,10,10,61.649999999999984,false,false,false,0,0,0,0,false,false,0.83,0.58
R4,0,1922-12,12,14.121091851195999,91.13126970043977,53.833669034859994,99.49661212595282,3.176578493981238,3.176578493981238,43.39615598497404,-0.08469263668000795,53.625558306972,marka,15,0,0,-0.020952507099071482,0,0,0,1.9790474929009285,1,10,35.39540363652554,36.1934545817825,36.413890192497774,0,43.13285844455319,0,10,10,61.79999999999998,false,false,false,0,0,0,0,false,false,0.86,0.61
R4,0,1923-01,13,18.8847642958372,87.47967043211912,53.75993556886611,99.40861253951228,3.2075341763869916,3.2075341763869916,43.281145913928235,-0.0884448068735819,53.5878908148804,marka,30,0,0,-0.025169393702358888,0,0,0,1.974830606297641,1,10,35.47142340513502,36.443861173140114,36.67871764609237,0,43.765886755321446,0,10,10,61.94999999999998,false,false,false,0,0,0,0,false,false,0.89,0.64
R4,0,1923-02,14,22.219335007086038,85.0929192127991,53.56541196933116,99.29055128955805,3.249101437440511,3.249101437440511,43.168347846862254,-0.11876360301005535,53.11152357041628,marka,30,0,0,-0.02956937302438618,0,0,0,1.9704306269756138,1,10,35.561950906190766,36.74200278888413,36.98991604837573,0,44.372212687375196,0,10,10,62.09999999999998,false,false,false,0,0,0,0,false,false,0.9199999999999999,0.6699999999999999
R4,0,1923-03,15,24.553534504960226,83.49823263815794,53.329208328319226,99.15077455253395,3.2983728508056847,3.2983728508056847,43.06138548778232,-0.1407754667576398,52.7780664992914,marka,30,0,0,-0.035472435522097355,1,0,0,0.9645275644779026,1,10,35.66198951405561,37.07203813612097,37.332154209276894,0,44.9582318722955,0,10,10,62.24999999999998,false,false,false,0,0,0,0,false,false,0.95,0.7
R4,0,1923-04,16,26.187474153472156,82.41705501887833,53.09383979467465,98.9950324680465,3.3533494556951666,3.3533494556951666,42.96150923793274,-0.15707601396994808,52.54464654950398,marka,30,0,0,-0.0424612723733027,1,0,0,0.9575387276266973,1,10,35.768321344177416,37.42369703574341,37.695494203292796,0,45.52894139337472,0,10,10,62.39999999999998,true,true,false,0,0,0,0,false,false,0.98,0.73
R4,0,1923-05,17,27.331231907430507,81.67674060956841,52.88006363166809,98.82747747259099,3.412589042720265,3.412589042720265,42.8686940440925,-0.1692559629288536,52.381252584652785,marka,30,0,0,-0.05024837659767485,1,0,0,0.9497516234023251,1,10,35.87882612158424,37.79016222355204,38.073341563555935,0,46.088241378672436,0,10,10,62.549999999999976,true,true,false,0,0,0,0,false,false,1.01,0.76
R4,0,1923-06,18,28.131862335201355,81.16638446097755,52.69610758494474,98.65118395766771,3.475023834947216,3.475023834947216,42.782292135142455,-0.1783851206484314,52.26687680925695,marka,30,0,0,-0.05862612637045075,1,0,0,0.9413738736295492,1,10,35.99208463445379,38.16683453433249,38.461249588601746,0,46.6391520853207,0,10,10,62.699999999999974,true,true,false,0,0,0,0,false,false,1.04,0.79
R4,0,1923-07,19,37.69230363464095,75.53072848280493,52.54331943940527,98.46845502280902,3.5398533936355188,3.5398533936355188,42.701408907594114,-0.18522731053800845,52.186813766479865,marka,60,0,0,-0.0674408021166144,1,0,0,0.9325591978833856,1,10,36.14059501649786,38.65621996467639,38.95809046593711,0,47.183988425468215,0,10,10,62.84999999999997,true,true,false,0,0,0,0,false,false,1.0699999999999998,0.82
R4,0,1923-08,20,44.38461254424867,72.0298362598215,52.14955449854446,98.23941308296952,3.6212649268267874,3.6212649268267874,42.62510932441196,-0.23260438054648144,51.2307696365359,marka,60,0,0,-0.07657724885954878,1,0,0,0.9234227511404511,1,10,36.310833123428075,39.21562323947996,39.52258512063848,0,47.692271244007664,0,10,10,62.99999999999997,true,true,false,0,0,0,0,false,false,1.1,0.85
R4,0,1923-09,21,49.069228780974065,69.76624273867156,51.67314977265366,97.97758737143275,3.714546224181929,3.714546224181929,42.56062268945563,-0.26651799244326113,50.561538745575135,marka,60,0,0,-0.088029345851524,2,0,0,-0.088029345851524,1,10,36.495016280584665,39.820298384706525,40.130801151658744,0,48.17940197940204,0,10,10,63.14999999999997,true,true,false,0,0,0,0,false,false,1.13,0.88
R4,0,1923-10,22,70.34846014668184,61.051329674743634,51.19912797742833,97.69171541011845,3.816666708207217,3.816666708207217,42.51042819627602,-0.29177281150082257,50.093077121902596,marka,120,0,0,-0.10112063142836263,2,0,0,-0.10112063142836258,1,10,39.26037144703369,48.599271791211656,48.60142706979288,0,48.655741971764435,0,10,10,63.29999999999997,true,true,false,0,0,0,0,true,true,1.16,0.9099999999999999
R4,0,1923-11,23,85.24392210267729,56.14219285551228,50.22893577979937,97.33162136056615,3.945677563236436,3.945677563236436,42.47445435695317,-0.36860244294062594,47.96515398533182,marka,120,0,0,-0.1154142294940776,3,0,0,-1.1154142294940776,1,10,39.53001352364966,49.47642793410141,49.471593202500735,0,49.35389558007124,0,10,10,63.44999999999997,true,true,false,0,0,0,0,true,false,1.19,0.94
R4,0,1923-12,24,95.6707454718741,53.15051043997227,49.10293738277924,96.92046492984566,4.093527510397055,4.093527510397055,42.467586283559186,-0.4224284204589112,46.47560778973227,marka,120,0,0,-0.1334189319716927,3,0,0,-1.1334189319716927,1,10,39.81836711263556,50.41341772530196,50.39888175140166,0,50.058321201255616,0,10,10,63.599999999999966,true,true,false,1,0,0,0,true,false,1.22,0.97
R4,0,1924-01,25,102.96952183031186,51.239220086918706,45.00193380378924,96.47147907746773,4.255665659905542,4.255665659905542,42.49449816207581,-0.4632518557385332,35.43292545281259,stabilizing,120,10,0,-0.15397675350771678,3,5,4,-0.15397675350771678,1,18,40.00700023375197,51.38863332356359,51.02193184116493,0,42.771850152518915,0,10,10,63.749999999999964,true,true,false,1,0,0,0,true,false,1.25,1
R4,0,1924-02,26,108.07866528121829,49.98109722563053,41.91226800774311,95.95047787765343,4.4446856911922765,4.4446856911922765,42.64444014796213,-0.5400572322478117,34.70304781696881,stabilizing,120,10,0,-0.1764260461266133,3,5,4,-0.1764260461266134,1,18,40.28690603275755,52.38901137905098,51.92006532237674,0,41.83829780208152,0,10,10,63.89999999999996,true,true,false,0,0,0,0,true,false,1.28,1.03
R4,0,1924-03,27,111.6550656968528,49.136551330624,39.59622764698362,95.37830984529405,4.653396284151625,4.653396284151625,42.887072107729836,-0.5963159798838533,34.19213347187817,stabilizing,120,10,0,-0.20247610611732866,3,5,4,-0.20247610611732858,1,18,40.57206638006598,53.4062803524385,52.82950258746285,0,41.011510387541556,0,10,10,64.04999999999997,true,true,false,0,0,0,0,true,false,1.31,1.06
R4,0,1924-04,28,78.15854598779696,58.37497125011535,40.86770738198295,94.77641874007203,4.87426608900496,4.87426608900496,43.19918527832033,-0.6310565852952457,43.83449343031472,zloty,0,0,0,-0.23108450773529726,3,5,2,1.7689154922647026,1,18,40.79982268853057,54.238780927436196,53.55805941008558,0,40.27316015662662,0,10,10,64.19999999999997,true,true,false,0,0,0,0,true,false,1.3399999999999999,1.0899999999999999
R4,0,1924-05,29,54.710982191457866,67.222118641389,42.762638787754156,94.25990183524435,5.065010705749227,5.065010705749227,43.47315405686084,-0.5449846192693328,47.184145401220306,zloty,0,0,0,-0.2611790629963984,3,5,2,1.7388209370036014,1,18,40.97283221421183,54.89433855460842,54.11456783408444,0,39.499095270347134,0,10,10,64.34999999999998,true,true,false,0,0,0,0,true,false,1.37,1.12
R4,0,1924-06,30,38.297687534020504,75.20010048932782,44.792517685684174,93.83970677491764,5.221034919917629,5.221034919917629,43.69027489322822,-0.4457834690525756,49.52890178085421,zloty,0,0,0,-0.2870049082377825,2,5,2,2.7129950917622176,1,18,41.09656732365398,55.390336544821864,54.51679614206783,0,38.659163201744185,0,10,10,64.49999999999999,true,true,false,0,0,0,0,true,false,1.4,1.15
R4,0,1924-07,31,26.80838127381435,82.01350648537597,46.70583175395831,93.5098494789745,5.344063920697669,5.344063920697669,43.846499362657696,-0.3515114308001148,51.17023124659795,zloty,0,0,0,-0.3080146612541178,1,-1,2,-2.3080146612541177,0.5,18,41.19576652028558,55.75006641511435,54.84126962638795,0,38.74434189137477,0,10,10,64.64999999999999,true,true,false,0,0,0,0,true,false,1.43,1.18
R4,0,1924-08,32,18.765866891670044,87.56724698928993,48.389830789556385,93.25895837124185,5.437970485830335,5.437970485830335,43.94532441003895,-0.26830447180761763,52.319161872618565,zloty,0,0,0,-0.3245075260512749,1,-1,2,-2.324507526051275,0.5,18,41.26090447339049,55.99872147532855,55.06008898635869,0,38.738008284338456,0,10,10,64.8,true,true,false,0,0,0,0,true,false,1.46,1.21
R4,0,1924-09,33,13.13610682416903,91.92467632073645,49.80990554593936,93.07373249932104,5.5074855826151525,5.5074855826151525,44.993629486352255,-0.1986145622423348,53.123413310832994,zloty,0,0,0,-0.3370520814379077,0,-1,2,-1.3370520814379077,1,18,41.28746362426856,56.16022794891382,55.141103201622265,0,37.6558717957445,0,10,10,64.95,false,false,true,0,0,0,0,true,false,1.49,1.24
R4,0,1924-10,34,9.19527477691832,95.24221649010724,50.972850677432476,92.94114523861398,5.557344484800909,5.557344484800909,45.99933231997407,-0.142454006245018,53.6863893175831,zloty,0,0,0,-0.34631337503394805,0,-1,2,-1.346313375033948,1,18,41.29748670415629,56.255383619111676,55.158725265127984,0,36.52188757647836,0,10,10,65.10000000000001,false,false,false,0,0,0,0,true,false,1.52,1.27
R4,0,1924-11,35,6.436692343842823,97.7106651003668,51.90513723089518,92.8496265502445,5.591808812572088,5.591808812572088,46.9701467996511,-0.09846950791765495,54.08047252230817,zloty,0,0,0,-0.35294273806930077,0,-1,2,-1.3529427380693009,1,18,41.2961650884647,56.30117031710434,55.129258143943865,0,35.343512206089365,0,10,10,65.25000000000001,false,false,false,0,0,0,0,true,false,1.55,1.3
R4,0,1924-12,36,4.505684640689976,99.5161175753945,52.64049529131134,92.7895179111558,5.614466979828862,5.614466979828862,47.912992682724244,-0.06473762073363795,54.356330765615716,zloty,0,0,0,-0.3575186724877753,0,-1,2,-1.3575186724877752,1,18,41.28755085608435,56.310847965596444,55.0654043733192,0,34.128090515035815,0,10,10,65.40000000000002,false,false,false,0,0,0,0,true,false,1.58,1.33
R4,0,1925-01,37,3.153979248482983,100.82015328703812,53.21317616469723,92.75308537813916,5.628209250338372,5.628209250338372,48.8337778239849,-0.03926363002717389,54.549431535931,zloty,0,0,0,-0.3605241044422101,0,-1,2,-1.36052410444221,1,18,41.27215916647073,56.2862433669853,54.9690178527487,0,32.88225364934256,0,10,10,65.55000000000003,false,false,false,0,0,0,0,true,false,1.6099999999999999,1.3599999999999999
R4,0,1925-02,38,2.207785473938088,101.7535009860075,53.65460393783357,92.7343111044049,5.635293646270005,5.635293646270005,49.737382539043985,-0.020241131233236544,54.6846020751517,zloty,0,0,0,-0.3623457310930419,0,-1,2,-1.362345731093042,1,18,41.25189369906767,56.233638337405075,54.84611845365651,0,31.611675919049723,0,10,10,65.70000000000003,false,false,false,0,0,0,0,true,false,1.64,1.39
R4,0,1925-03,39,1.5454498317566616,102.41719365299984,53.99198919226535,92.72860522433342,5.637447172835558,5.637447172835558,49.627744420908975,-0.006152933044436478,54.779221452606194,zloty,0,0,0,-0.36328444477975524,0,-1,2,-1.3632844447797552,1,18,41.22498571419781,56.16112252781508,54.70440387127724,0,30.321081603668727,0,10,10,65.85000000000004,false,false,false,0,0,0,0,true,false,1.67,1.42
R4,0,1925-04,40,1.0818148822296632,102.88695362382475,54.248028939633045,92.73251594857557,5.635971087347766,5.635971087347766,49.507984745141016,0.004217387107978993,54.84545501682433,zloty,0,0,0,-0.36356973878332893,0,-1,2,-1.363569738783329,1,18,41.1932095455994,56.07410971731019,54.5494088745733,0,29.021081603668723,0,10,10,66.00000000000004,false,false,false,0,0,0,0,true,false,1.7,1.45
R4,0,1925-05,41,0.7572704175607642,103.21835791005518,54.441165811276235,92.74347328116045,5.631835465267983,5.631835465267983,49.380543876952025,0.01181606308509369,54.89181851177703,zloty,0,0,0,-0.3633742025712216,0,-1,2,-1.3633742025712217,1,18,41.157829013507836,55.97637339903487,54.38508185488848,0,27.721081603668726,0,10,10,66.15000000000005,false,false,false,0,0,0,0,true,false,1.73,1.48
R4,0,1925-06,42,0.5300892922925349,103.4516140711053,50.986097955366546,92.38860368975547,5.7657579426106285,5.7657579426106285,49.24730890261374,-0.38263564955041507,42.924272958243925,zloty,0,12,-0.4,-0.3628263359419776,0,-1,2,-1.3628263359419777,1,18,41.11918929320381,55.87282497690171,54.21254893087498,0,27.07737323313686,0,10,10,66.30000000000005,false,false,false,0,0,0,0,true,false,1.76,1.51
R4,0,1925-07,43,0.3710625046047744,103.61552165020548,48.5743658899878,91.9889346385692,5.917166408945859,5.917166408945859,49.217725963952745,-0.43259561810065944,42.94699107077075,zloty,0,12,-0.4,-0.38056981551222646,0,0,2,-0.3805698155122266,1,18,41.07831039827532,55.764359327395546,54.03357821103034,0,26.514191312033905,0,10,10,66.45000000000006,false,false,false,0,0,0,0,true,false,1.79,1.54
R4,0,1925-08,44,0.2597437532233421,103.73056633376487,46.89092424785332,91.55892285337254,6.080777527402848,6.080777527402848,49.26049498725311,-0.4674603384485391,42.962893749539525,zloty,0,12,-0.4,-0.40055326807153974,0,0,2,-0.4005532680715398,1,18,41.03590848049769,55.6524423373826,53.84941653633921,0,26.001204598160843,0,10,10,66.60000000000007,false,false,false,0,0,0,0,true,false,1.8199999999999998,1.5699999999999998
R4,0,1925-09,45,0.18182062725633946,103.81124973457,45.715854660900625,91.10864375659081,6.252904589367076,6.252904589367076,49.35376725981751,-0.49179160561208124,42.974025624677665,zloty,0,12,-0.4,-0.4220538573313732,0,0,2,-0.42205385733137324,1,18,40.99248555372907,55.5381048453455,53.6609406989273,0,25.517430139860924,0,10,10,66.75000000000007,false,false,false,0,0,0,0,true,false,1.8499999999999999,1.5999999999999999
R4,0,1925-10,46,0.1272744390794376,103.86780283655568,44.89564364381275,90.64510832156853,6.430974853140552,6.430974853140552,49.48229161999049,-0.5087721822099307,42.981817937274364,zloty,0,12,-0.4,-0.4445678121704596,0,0,2,-0.4445678121704595,1,18,40.94839313158997,55.42207076024883,53.468766063573426,0,25.048686611164452,0,10,10,66.90000000000008,false,false,false,0,0,0,0,true,false,1.88,1.63
R4,0,1925-11,47,0.08909210735560633,103.90742668386838,44.32313231749654,90.17318910938519,6.6131928760681795,6.6131928760681795,49.635422310676105,-0.5206229226503634,42.98727255609206,zloty,0,12,-0.4,-0.4677445839215736,0,0,2,-0.4677445839215735,1,18,40.90387715353993,55.304847959732776,53.27332392556134,0,24.585586141086836,0,10,10,67.05000000000008,false,false,false,0,0,0,0,true,false,1.91,1.66
R4,0,1925-12,48,0.062364475148924424,103.93518136964376,43.923519859026904,89.69626888167676,6.798305636686491,6.798305636686491,49.80572834115121,-0.5288936017666049,42.99109078926444,zloty,0,12,-0.4,-0.49134054453074044,0,0,2,-0.4913405445307404,1,18,40.8591095983763,55.186792518643465,53.07491628090111,0,24.122048586776152,0,10,10,67.20000000000009,false,false,false,0,0,0,0,true,false,1.94,1.69
R4,0,1926-01,49,0.043655132604247096,103.9546184734572,45.44459296706436,89.39608618966369,6.915438649591597,6.915438649591597,49.9880227453804,-0.3346657511574464,48.993763552485106,zloty,0,6,-0.2,-0.5151865559161621,0,0,2,-0.5151865559161621,1,18,40.81448219581191,55.06815396443975,52.87458140068342,0,23.348220133693147,0,10,10,67.3500000000001,false,false,false,0,0,0,0,true,false,1.97,1.72
R4,0,1926-02,50,0.030558592822972967,103.96822877230424,46.50990542296692,89.11744381179236,7.024531604788829,7.024531604788829,50.12468495636847,-0.311694157706377,48.995634486739576,zloty,0,6,-0.2,-0.5301956905168155,0,0,2,-0.5301956905168155,1,18,40.769886446639916,54.94910710127063,52.67257811117987,0,22.540839644138188,0,10,10,67.5000000000001,false,false,false,0,0,0,0,true,false,2,1.75
R4,0,1926-03,51,0.021391014976081077,103.97775810219258,47.25601703829216,88.8540076675768,7.127993560755801,7.127993560755801,50.229387793679464,-0.2956055884770622,48.9969441407177,zloty,0,6,-0.2,-0.5441278094103822,0,0,2,-0.5441278094103823,1,18,40.72524629432602,54.82977435820485,52.46908748206585,0,21.711241688140618,0,10,10,67.6500000000001,false,false,false,0,0,0,0,true,false,2.0300000000000002,1.78
R4,0,1926-04,52,0.014973710483256754,103.9844296725532,47.77857019635523,88.60136224393602,7.227511748618628,7.227511748618628,50.3117072825307,-0.284337679608077,48.997860898502395,zloty,0,6,-0.2,-0.5572996166211602,0,0,2,-0.5572996166211603,1,18,40.68050842657421,54.71024146802826,52.26423619283821,0,20.867262580341947,0,10,10,67.80000000000011,false,false,false,0,0,0,0,true,false,2.06,1.81
R4,0,1926-05,53,0.010481597338279728,103.98910028123285,48.14454992613416,88.35642731349564,7.324267852004614,7.324267852004614,50.37835017664004,-0.2764460096742459,48.99850262895168,zloty,0,6,-0.2,-0.5699318878031988,0,0,2,-0.5699318878031989,1,18,40.63563547497444,54.590568459591275,52.05811287400963,0,20.01433999890611,0,10,30,67.95000000000012,false,false,false,0,0,0,0,true,false,2.09,1.8399999999999999
R4,0,1926-06,54,0.007337118136795809,103.99236995696305,48.400870500373756,88.11705300936933,7.419089484104958,7.419089484104958,50.43401367885602,-0.2709189488581248,48.99895184026617,zloty,0,6,-0.2,-0.5821786343252178,0,0,2,-0.5821786343252178,1,18,40.59060124732022,54.470797360882386,51.8507795369967,0,19.156250616312835,0,10,30,68.10000000000012,false,false,false,0,0,0,0,true,false,2.12,1.8699999999999999
R4,0,1926-07,55,0.005135982695757066,103.99465885231686,50.38038923671752,88.32232346181776,7.3375562780985,7.3375562780985,50.481987563844804,0.2329520171613107,54.99926628818632,zloty,0,0,0.3,-0.5941473495315336,0,0,2,-0.5941473495315335,1,18,40.54606548571143,54.31988450788826,51.64434485005412,0,17.85625061631283,0,10,30,68.25000000000013,false,false,false,0,0,0,0,true,false,2.15,1.9
R4,0,1926-08,56,0.003595187887029946,103.99626113901658,51.76611838622138,88.55431362288977,7.245624189819246,7.245624189819246,50.470575886743276,0.26266310936929765,54.99948640173042,zloty,0,0,0.3,-0.583883826909112,0,0,2,-0.583883826909112,1,18,40.50182292352991,54.163856297798866,51.43895052332928,0,16.55625061631283,0,10,30,68.40000000000013,false,false,false,0,0,0,0,true,false,2.1799999999999997,1.93
R4,0,1926-09,57,0.0025166315209209623,103.99738276908434,52.73617501471835,88.80533133173942,7.1464125371023375,7.1464125371023375,50.417592335156634,0.28346186490545333,54.999640481211294,zloty,0,0,0.3,-0.5722843188555118,0,0,2,-0.5722843188555118,1,18,40.45772986812378,54.00375206232728,51.234695761175395,0,15.256250616312833,0,10,30,68.55000000000014,false,false,false,0,0,0,0,true,false,2.21,1.96
R4,0,1926-10,58,0.0017616420646446734,103.99816792452741,53.415247011357216,89.06999047865186,7.04210494652163,7.04210494652163,50.33550708471508,0.2980216873734499,54.99974833684791,zloty,0,0,0.3,-0.5597334334130288,0,0,2,-0.5597334334130288,1,18,40.41368573136096,53.84032864640172,51.03165001457029,0,13.95625061631283,0,10,30,68.70000000000014,false,false,false,0,0,0,0,true,false,2.24,1.99
R4,0,1926-11,59,0.0012331494452512714,103.99871754039161,53.89062005868811,89.34451670236398,6.934230029523328,6.934230029523328,50.233049674374364,0.3082140485665775,54.999823835793535,zloty,0,0,0.3,-0.546500476067407,0,0,2,-0.546500476067407,1,18,40.36962009971538,53.6741364640807,50.82986190614918,0,12.656250616312827,0,10,30,68.85000000000015,false,false,false,0,0,0,0,true,false,2.27,2.02
R4,0,1926-12,60,0.00086320461167589,103.99910227495309,54.223397046598315,89.62626377915274,6.823857865102119,6.823857865102119,50.11633107261372,0.31534904120345447,54.999876685055476,zloty,0,0,0.3,-0.5327741648818012,0,0,2,-0.5327741648818012,1,18,40.32548368266039,53.5055754983589,50.62936547730796,0,11.356250616312828,0,10,30,69.00000000000016,false,false,false,0,0,0,0,true,false,2.3,2.05
R4,0,1927-01,61,0.0006042432281731229,103.99937159083986,54.45635203648047,89.91337593494718,6.711737544237609,6.711737544237609,49.98962916121577,0.3203437738985994,54.999913679538835,zloty,0,0,0.3,-0.5186868110423631,0,0,2,-0.5186868110423632,1,18,40.28124197619679,53.334936361026074,50.430184561245554,0,10.056250616312829,0,10,30,69.15000000000016,false,false,false,0,0,0,0,true,false,2.33,2.08
R4,0,1927-02,62,0.000422970259721186,103.9995601127905,54.61942829823948,90.20455163930205,6.598393455591735,6.598393455591735,49.855938600121355,0.32384025327392585,54.99993957567718,zloty,0,0,0.3,-0.5043312032526408,0,0,2,-0.5043312032526408,1,18,40.2368708271378,53.16243029833826,50.232335844321184,0,8.756250616312828,0,10,30,69.30000000000017,false,false,false,0,0,0,0,true,false,2.36,2.11
R4,0,1927-03,63,0.0002960791818048302,103.99969207856266,54.73358711965984,90.49887818139968,6.484192688710164,6.484192688710164,49.71735575117417,0.3262879053759162,54.99995770297403,zloty,0,0,0.3,-0.48977241803489735,0,0,2,-0.48977241803489724,1,18,40.19235332800806,52.98821105932303,50.035831009250956,0,7.4562506163128255,0,10,30,69.45000000000017,false,false,false,0,0,0,0,true,false,2.3899999999999997,2.1399999999999997
R4,0,1927-04,64,0.0002072554272633811,103.99978445480241,54.81350210138643,90.79571571761777,6.369392218511974,6.369392218511974,49.57534813758437,0.3280013434233988,54.99997039208182,zloty,0,0,0.3,-0.4750560909300162,0,0,2,-0.47505609093001633,1,18,40.14767764341651,52.81239079773439,49.84067823556089,0,6.156250616312825,0,10,30,69.60000000000018,false,false,false,0,0,0,0,true,false,2.42,2.17
R4,0,1927-05,65,0.00014507879908436677,103.99984911826787,54.86944525330769,91.09461594662615,6.254171936006249,6.254171936006249,49.430943074542775,0.32920080715921574,54.999979274457274,zloty,0,0,0.3,-0.4602142141191116,0,0,2,-0.4602142141191117,1,18,40.102835488485,52.63505161339572,49.64688325007588,0,4.856250616312826,0,10,30,69.75000000000018,false,false,false,0,0,0,0,true,false,2.45,2.2
R4,0,1927-06,66,0.00010155515935905674,103.99989438274156,54.908607324951404,91.39526504683138,6.138657770895233,6.138657770895233,49.284859716943544,0.33004047174575835,54.99998549212009,zloty,0,0,0.3,-0.4452692026686925,0,0,2,-0.44526920266869263,1,18,40.05782106372883,52.456253914846044,49.45445006239261,0,3.556250616312826,0,10,30,69.90000000000019,false,false,false,0,0,0,0,true,false,2.48,2.23
R4,0,1927-07,67,0.00007108861155133971,103.99992606789657,54.9360220808112,91.42325783074908,6.127937878167562,6.127937878167562,49.137601497195,0.030628264936203534,54.99998984448406,zloty,0,0,0,-0.43023674765843084,0,0,2,-0.4302367476584308,1,18,40.01222350369662,52.330671907024666,49.26214247747793,0,2.256250616312826,0,10,30,70.0500000000002,false,false,false,0,0,0,0,true,false,2.51,2.26
R4,0,1927-08,68,0.0000497620280859378,103.99994824751658,54.95521332390949,91.45163537205559,6.117073969253193,6.117073969253193,48.989520834770666,0.03103973975534052,54.999992891138845,zloty,0,0,0,-0.428837108462546,0,0,2,-0.42883710846254597,1,18,39.96603996703394,52.204878966661624,49.069962462243126,0,0.9562506163128264,0,10,30,70.2000000000002,false,false,false,0,0,0,0,true,false,2.54,2.29
R4,0,1927-09,69,0.000034833419660156455,103.9999637732562,54.96864783387579,91.480285144531,6.106109244209621,6.106109244209621,48.84086443505338,0.03132778583877503,54.99999502379719,zloty,0,0,0,-0.42741823139722046,0,0,2,-0.42741823139722035,1,18,39.92616008710181,52.078895349728704,48.89890110649666,0,0,0,10,30,70.35000000000021,false,false,false,0,0,0,0,true,false,2.57,2.32
R4,0,1927-10,70,0.000024383393762109517,103.9999746412767,54.97805243871046,91.50912835489007,6.095073944516656,6.095073944516656,48.69180500003711,0.03152942769418647,54.99999651665804,zloty,0,0,0,-0.42598574277345025,0,0,2,-0.42598574277345014,1,18,39.90481503399506,51.952776024548115,48.78621590962278,0,0,0,10,30,70.50000000000021,false,false,false,0,0,0,0,true,false,2.6,2.35
R4,0,1927-11,71,0.000017068375633476662,103.99998224889241,54.98463597559551,91.5381098299888,6.083989240217852,6.083989240217852,48.54246342687579,0.031670583710870504,54.99999756166062,zloty,0,0,0,-0.4245435822554967,0,0,2,-0.4245435822554966,1,18,39.88283233489631,51.826644682919785,48.67351719684501,0,0,0,10,30,70.65000000000022,false,false,false,0,0,0,0,true,false,2.63,2.38
R4,0,1927-12,72,0.000011947862943433663,103.99998757422405,54.98924467086559,91.56719093607917,6.072869951049077,6.072869951049077,48.392924347607924,0.03176939762507191,54.999998293162434,zloty,0,0,0,-0.4230945085005601,0,0,2,-0.4230945085005602,1,18,39.86021115985196,51.70050970961599,48.56080499092152,0,0,0,10,30,70.80000000000022,false,false,false,0,0,0,0,true,false,2.66,2.41
R4,0,1928-01,73,0.000008363504060403562,103.99999130195653,54.99247091117002,91.59634462086379,6.061726451319205,6.061726451319205,48.243247007481955,0.03183857065677623,54.99999880521371,zloty,0,0,0,-0.42164045319604143,0,0,2,-0.4216404531960414,1,18,39.83695092786779,51.57437695794999,48.448079307786855,0,0,0,10,30,70.95000000000023,false,false,false,0,0,0,0,true,false,2.69,2.44
R4,1,1922-01,1,5.199999999999999,98.85931558935361,54.879999999999995,100,3,3,44.85,0,54.6,marka,8,0,0,0,0,0,0,2,1,10,35.01320677946768,35.02281368821293,35.04312927756654,0,35.7,0,10,10,60.15,false,false,false,0,0,0,0,false,false,0.53,0.28
R4,1,1922-02,2,6.039999999999999,98.0761976612599,54.75999999999999,99.98907452471482,3.00382391634981,3.00382391634981,44.7036,-0.010925475285171161,54.48,marka,8,0,0,0,0,0,0,2,1,10,35.031106720259025,35.06320169316264,35.10338829723561,0,36.40104988906513,0,10,10,60.3,false,false,false,0,0,0,0,false,false,0.56,0.31
R4,1,1922-03,3,6.627999999999998,97.53535656675545,54.65079999999999,99.9700861807984,3.0104705628982824,3.0104705628982824,44.5608,-0.018990418709920957,54.396,marka,8,0,0,-0.0005462737642588422,0,0,0,1.9994537262357412,1,10,35.052020893425684,35.11581788510177,35.17559383581427,0,37.10141945348079,0,10,10,60.449999999999996,false,false,false,0,0,0,0,false,false,0.59,0.33999999999999997
R4,1,1922-04,4,7.039599999999998,97.16030328962366,54.556719999999984,99.94513849837014,3.019204864511367,3.019204864511367,44.421276,-0.024955147465956527,54.3372,marka,8,0,0,-0.0014956909600797985,0,0,0,1.9985043090399202,1,10,35.07479756943025,35.17697897011584,35.256174629655575,0,37.800042428664966,0,10,10,60.599999999999994,false,false,false,0,0,0,0,false,false,0.62,0.37
R4,1,1922-05,5,7.327719999999998,96.89947760000865,54.478515999999985,99.91578783574015,3.029483235300421,3.029483235300421,44.2845744,-0.02936677368301099,54.29604,marka,8,0,0,-0.0027430750814929185,0,0,0,1.997256924918507,1,10,35.09864088215306,35.24412860351019,35.34265204957074,0,38.49628213624888,0,10,10,60.74999999999999,false,false,false,0,0,0,0,false,false,0.65,0.4
R4,1,1922-06,6,7.529403999999998,96.71773127283399,54.415129599999986,99.88318887197079,3.0409024890203966,3.0409024890203966,44.15021892,-0.03262643919993101,54.267228,marka,8,0,0,-0.004210608212992639,0,0,0,1.9957893917870073,1,10,35.12299808461528,35.3154836049135,35.43329715656878,0,39.18977921553105,0,10,10,60.89999999999999,false,false,false,0,0,0,0,false,false,0.6799999999999999,0.43
R4,1,1922-07,7,9.770582799999998,94.7430516876148,54.364708599999986,99.84819858650013,3.0531634110564614,3.0531634110564614,44.017765032,-0.03503120581732831,54.2470596,marka,15,0,0,-0.005840556401460617,0,0,0,1.9941594435985395,1,10,35.159247748250294,35.426753032179235,35.56272866326368,0,39.88035124418532,0,10,10,61.04999999999999,false,false,false,0,0,0,0,false,false,0.71,0.45999999999999996
R4,1,1922-08,8,11.339407959999999,93.408077073091,54.262178535999986,99.79669193569569,3.07121814618114,3.07121814618114,43.886823774,-0.05158495749908185,54.02294172,marka,15,0,0,-0.007590070674993399,0,0,0,1.9924099293250066,1,10,35.20414813974113,35.56761885827976,35.721043969725194,0,40.56319729467987,0,10,10,61.19999999999999,false,false,false,0,0,0,0,false,false,0.74,0.49
R4,1,1922-09,9,12.437585572,92.49576062214805,54.14334273639999,99.73301894636569,3.093549093062485,3.093549093062485,43.75895841792,-0.06380270537527226,53.866059204,marka,15,0,0,-0.010165403215215463,0,0,0,1.9898345967847846,1,10,35.25478452384373,35.72886911927747,35.89930612779004,0,41.23830192235765,0,10,10,61.34999999999999,false,false,false,0,0,0,0,false,false,0.77,0.52
R4,1,1922-10,10,13.206309900399999,91.86767070801992,54.02721234831999,99.66032975825657,3.1190584139543707,3.1190584139543707,43.634658135828,-0.07288377397681575,53.7562414428,marka,15,0,0,-0.013349052681715535,0,0,0,1.9866509473182845,1,10,35.30919401257598,35.904270365563015,36.09146774095262,0,41.90599750706546,0,10,10,61.499999999999986,false,false,false,0,0,0,0,false,false,0.8,0.55
R4,1,1922-11,11,13.744416930279998,91.43305913972652,53.92285934681199,99.58094985801857,3.146936071143235,3.146936071143235,43.513841765378395,-0.0796504491110408,53.67936900996,marka,15,0,0,-0.016983512087171703,0,0,0,1.9830164879128283,1,10,35.366037233245976,36.089548011362915,36.29338201620803,0,42.56676903641726,0,10,10,61.649999999999984,false,false,false,0,0,0,0,false,false,0.83,0.58
R4,1,1922-12,12,14.121091851195999,91.13126970043977,53.833669034859994,99.49661212595282,3.176578493981238,3.176578493981238,43.39615598497404,-0.08469263668000795,53.625558306972,marka,15,0,0,-0.020952507099071482,0,0,0,1.9790474929009285,1,10,35.42439193928747,36.28174382877312,36.5021794394884,0,43.22114769154382,0,10,10,61.79999999999998,false,false,false,0,0,0,0,false,false,0.86,0.61
R4,1,1923-01,13,18.8847642958372,87.47967043211912,53.75993556886611,99.40861253951228,3.2075341763869916,3.2075341763869916,43.281145913928235,-0.0884448068735819,53.5878908148804,marka,30,0,0,-0.025169393702358888,0,0,0,1.974830606297641,1,10,35.505493599091885,36.547628261333614,36.78248473428587,0,43.86965384351495,0,10,10,61.94999999999998,false,false,false,0,0,0,0,false,false,0.89,0.64
R4,1,1923-02,14,22.219335007086038,85.0929192127991,53.56541196933116,99.29055128955805,3.249101437440511,3.249101437440511,43.168347846862254,-0.11876360301005535,53.11152357041628,marka,30,0,0,-0.02956937302438618,0,0,0,1.9704306269756138,1,10,35.602845058837254,36.86655350760439,37.11446676709598,0,44.49676340609546,0,10,10,62.09999999999998,false,false,false,0,0,0,0,false,false,0.9199999999999999,0.6699999999999999
R4,1,1923-03,15,24.553534504960226,83.49823263815794,53.329208328319226,99.15077455253395,3.2983728508056847,3.2983728508056847,43.06138548778232,-0.1407754667576398,52.7780664992914,marka,30,0,0,-0.035472435522097355,1,0,0,0.9645275644779026,1,10,35.710972390396215,37.22122456152382,37.48134063467974,0,45.10741829769835,0,10,10,62.24999999999998,false,false,false,0,0,0,0,false,false,0.95,0.7
R4,1,1923-04,16,26.187474153472156,82.41705501887833,53.09383979467465,98.9950324680465,3.3533494556951666,3.3533494556951666,42.96150923793274,-0.15707601396994808,52.54464654950398,marka,30,0,0,-0.0424612723733027,1,0,0,0.9575387276266973,1,10,35.82632954648738,37.60037176359099,37.87216893114038,0,45.70561612122231,0,10,10,62.39999999999998,true,true,false,0,0,0,0,false,false,0.98,0.73
R4,1,1923-05,17,27.331231907430507,81.67674060956841,52.88006363166809,98.82747747259099,3.412589042720265,3.412589042720265,42.8686940440925,-0.1692559629288536,52.381252584652785,marka,30,0,0,-0.05024837659767485,1,0,0,0.9497516234023251,1,10,35.94655948943082,37.99645674491217,38.27963608491606,0,46.294535900032585,0,10,10,62.549999999999976,true,true,false,0,0,0,0,false,false,1.01,0.76
R4,1,1923-06,18,28.131862335201355,81.16638446097755,52.69610758494474,98.65118395766771,3.475023834947216,3.475023834947216,42.782292135142455,-0.1783851206484314,52.26687680925695,marka,30,0,0,-0.05862612637045075,1,0,0,0.9413738736295492,1,10,36.07006771402429,38.4043464518061,38.69876150607536,0,46.87666400279433,0,10,10,62.699999999999974,true,true,false,0,0,0,0,false,false,1.04,0.79
R4,1,1923-07,19,37.69230363464095,75.53072848280493,52.54331943940527,98.46845502280902,3.5398533936355188,3.5398533936355188,42.701408907594114,-0.18522731053800845,52.186813766479865,marka,60,0,0,-0.0674408021166144,1,0,0,0.9325591978833856,1,10,36.22922094861969,38.92614666149415,39.22801716275487,0,47.453915122286,0,10,10,62.84999999999997,true,true,false,0,0,0,0,false,false,1.0699999999999998,0.82
R4,1,1923-08,20,44.38461254424867,72.0298362598215,52.14955449854446,98.23941308296952,3.6212649268267874,3.6212649268267874,42.62510932441196,-0.23260438054648144,51.2307696365359,marka,60,0,0,-0.07657724885954878,1,0,0,0.9234227511404511,1,10,36.41282411558215,39.52625570289336,39.83321758405189,0,48.00290370742108,0,10,10,62.99999999999997,true,true,false,0,0,0,0,false,false,1.1,0.85
R4,1,1923-09,21,49.069228780974065,69.76624273867156,51.67314977265366,97.97758737143275,3.714546224181929,3.714546224181929,42.56062268945563,-0.26651799244326113,50.561538745575135,marka,60,0,0,-0.088029345851524,2,0,0,-0.088029345851524,1,10,36.61232095238787,40.1775714967975,40.488074263749716,0,48.536675091493024,0,10,10,63.14999999999997,true,true,false,0,0,0,0,false,false,1.13,0.88
R4,1,1923-10,22,70.34846014668184,61.051329674743634,51.19912797742833,97.69171541011845,3.816666708207217,3.816666708207217,42.51042819627602,-0.29177281150082257,50.093077121902596,marka,120,0,0,-0.10112063142836263,2,0,0,-0.10112063142836258,1,10,39.39444089829771,49.007605145315274,49.009760423896495,0,49.06407532586807,0,10,10,63.29999999999997,true,true,false,0,0,0,0,true,true,1.16,0.9099999999999999
R4,1,1923-11,23,85.24392210267729,56.14219285551228,50.22893577979937,97.33162136056615,3.945677563236436,3.945677563236436,42.47445435695317,-0.36860244294062594,47.96515398533182,marka,120,0,0,-0.1154142294940776,3,0,0,-1.1154142294940776,1,10,39.685262256947645,49.94926671571964,49.944431984118964,0,49.82673436168949,0,10,10,63.44999999999997,true,true,false,0,0,0,0,true,false,1.19,0.94
R4,1,1923-12,24,95.6707454718741,53.15051043997227,49.10293738277924,96.92046492984566,4.093527510397055,4.093527510397055,42.467586283559186,-0.4224284204589112,46.47560778973227,marka,120,0,0,-0.1334189319716927,3,0,0,-1.1334189319716927,1,10,39.99788787892575,50.9601814805005,50.945645506600194,0,50.605084956454185,0,10,10,63.599999999999966,true,true,false,1,0,0,0,true,false,1.22,0.97
R4,1,1924-01,25,102.96952183031186,51.239220086918706,45.00193380378924,96.47147907746773,4.255665659905542,4.255665659905542,42.49449816207581,-0.4632518557385332,35.43292545281259,stabilizing,120,10,0,-0.15397675350771678,3,5,4,-0.15397675350771678,1,18,40.21313867958647,52.016466153516376,51.64976467111771,0,43.39968298247173,0,10,10,63.749999999999964,true,true,false,1,0,0,0,true,false,1.25,1
R4,1,1924-02,26,108.07866528121829,49.98109722563053,41.91226800774311,95.95047787765343,4.4446856911922765,4.4446856911922765,42.64444014796213,-0.5400572322478117,34.70304781696881,stabilizing,120,10,0,-0.1764260461266133,3,5,4,-0.1764260461266134,1,18,40.52407526706162,53.11135422464713,52.64240816797289,0,42.560640647677694,0,10,10,63.89999999999996,true,true,false,0,0,0,0,true,false,1.28,1.03
R4,1,1924-03,27,111.6550656968528,49.136551330624,39.59622764698362,95.37830984529405,4.653396284151625,4.653396284151625,42.887072107729836,-0.5963159798838533,34.19213347187817,stabilizing,120,10,0,-0.20247610611732866,3,5,4,-0.20247610611732858,1,18,40.84349893671422,54.23297849451433,53.656200729538675,0,41.838208529617404,0,10,10,64.04999999999997,true,true,false,0,0,0,0,true,false,1.31,1.06
R4,1,1924-04,28,78.15854598779696,58.37497125011535,40.86770738198295,94.77641874007203,4.87426608900496,4.87426608900496,43.19918527832033,-0.6310565852952457,43.83449343031472,zloty,0,0,0,-0.23108450773529726,3,5,2,1.7689154922647026,1,18,41.107514704808885,55.17591397193869,54.49519245458808,0,41.21029320112914,0,10,10,64.19999999999997,true,true,false,0,0,0,0,true,false,1.3399999999999999,1.0899999999999999
R4,1,1924-05,29,54.710982191457866,67.222118641389,42.762638787754156,94.25990183524435,5.065010705749227,5.065010705749227,43.47315405686084,-0.5449846192693328,47.184145401220306,zloty,0,0,0,-0.2611790629963984,3,5,2,1.7388209370036014,1,18,41.31183813840567,55.92684390748305,55.14707318695907,0,40.531600623221784,0,10,10,64.34999999999998,true,true,false,0,0,0,0,true,false,1.37,1.12
R4,1,1924-06,30,38.297687534020504,75.20010048932782,44.792517685684174,93.83970677491764,5.221034919917629,5.221034919917629,43.69027489322822,-0.4457834690525756,49.52890178085421,zloty,0,0,0,-0.2870049082377825,2,5,2,2.7129950917622176,1,18,41.46118722300713,56.50085400478069,55.62731360202666,0,39.769680661703035,0,10,10,64.49999999999999,true,true,false,0,0,0,0,true,false,1.4,1.15
R4,1,1924-07,31,26.80838127381435,82.01350648537597,46.70583175395831,93.5098494789745,5.344063920697669,5.344063920697669,43.846499362657696,-0.3515114308001148,51.17023124659795,zloty,0,0,0,-0.3080146612541178,1,-1,2,-2.3080146612541177,0.5,18,41.580583680600114,56.92209837546319,56.01330158673679,0,39.91637385172364,0,10,10,64.64999999999999,true,true,false,0,0,0,0,true,false,1.43,1.18
R4,1,1924-08,32,18.765866891670044,87.56724698928993,48.389830789556385,93.25895837124185,5.437970485830335,5.437970485830335,43.94532441003895,-0.26830447180761763,52.319161872618565,zloty,0,0,0,-0.3245075260512749,1,-1,2,-2.324507526051275,0.5,18,41.66113796148097,57.21770671824373,56.279074229273874,0,39.95699352725366,0,10,10,64.8,true,true,false,0,0,0,0,true,false,1.46,1.21
R4,1,1924-09,33,13.13610682416903,91.92467632073645,49.80990554593936,93.07373249932104,5.5074855826151525,5.5074855826151525,44.993629486352255,-0.1986145622423348,53.123413310832994,zloty,0,0,0,-0.3370520814379077,0,-1,2,-1.3370520814379077,1,18,41.699109174081215,57.41397074022141,56.39484599292985,0,38.9096145870521,0,10,10,64.95,false,false,true,0,0,0,0,true,false,1.49,1.24
R4,1,1924-10,34,9.19527477691832,95.24221649010724,50.972850677432476,92.94114523861398,5.557344484800909,5.557344484800909,45.99933231997407,-0.142454006245018,53.6863893175831,zloty,0,0,0,-0.34631337503394805,0,-1,2,-1.346313375033948,1,18,41.717317423744454,57.534055861512144,56.43739750752846,0,37.800559818878845,0,10,10,65.10000000000001,false,false,false,0,0,0,0,true,false,1.52,1.27
R4,1,1924-11,35,6.436692343842823,97.7106651003668,51.90513723089518,92.8496265502445,5.591808812572088,5.591808812572088,46.9701467996511,-0.09846950791765495,54.08047252230817,zloty,0,0,0,-0.35294273806930077,0,-1,2,-1.3529427380693009,1,18,41.721653701861946,57.59707472339039,56.42516255022992,0,36.639416612375435,0,10,10,65.25000000000001,false,false,false,0,0,0,0,true,false,1.55,1.3
R4,1,1924-12,36,4.505684640689976,99.5161175753945,52.64049529131134,92.7895179111558,5.614466979828862,5.614466979828862,47.912992682724244,-0.06473762073363795,54.356330765615716,zloty,0,0,0,-0.3575186724877753,0,-1,2,-1.3575186724877752,1,18,41.71675918527292,57.61808145551089,56.372637863233635,0,35.43532400495028,0,10,10,65.40000000000002,false,false,false,0,0,0,0,true,false,1.58,1.33
R4,1,1925-01,37,3.153979248482983,100.82015328703812,53.21317616469723,92.75308537813916,5.628209250338372,5.628209250338372,48.8337778239849,-0.03926363002717389,54.549431535931,zloty,0,0,0,-0.3605241044422101,0,-1,2,-1.36052410444221,1,18,41.70362351840129,57.600347992154504,56.2831224779179,0,34.19635827451178,0,10,10,65.55000000000003,false,false,false,0,0,0,0,true,false,1.6099999999999999,1.3599999999999999
R4,1,1925-02,38,2.207785473938088,101.7535009860075,53.65460393783357,92.7343111044049,5.635293646270005,5.635293646270005,49.737382539043985,-0.020241131233236544,54.6846020751517,zloty,0,0,0,-0.3623457310930419,0,-1,2,-1.362345731093042,1,18,41.68452107266367,57.55128516054009,56.16376527679153,0,32.92932274218476,0,10,10,65.70000000000003,false,false,false,0,0,0,0,true,false,1.64,1.39
R4,1,1925-03,39,1.5454498317566616,102.41719365299984,53.99198919226535,92.72860522433342,5.637447172835558,5.637447172835558,49.627744420908975,-0.006152933044436478,54.779221452606194,zloty,0,0,0,-0.36328444477975524,0,-1,2,-1.3632844447797552,1,18,41.65796662507164,57.47984611423287,56.02312745769503,0,31.639805190086534,0,10,10,65.85000000000004,false,false,false,0,0,0,0,true,false,1.67,1.42
R4,1,1925-04,40,1.0818148822296632,102.88695362382475,54.248028939633045,92.73251594857557,5.635971087347766,5.635971087347766,49.507984745141016,0.004217387107978993,54.84545501682433,zloty,0,0,0,-0.36356973878332893,0,-1,2,-1.363569738783329,1,18,41.626190456473246,57.39283330372798,55.868132460991085,0,30.33980519008654,0,10,10,66.00000000000004,false,false,false,0,0,0,0,true,false,1.7,1.45
R4,1,1925-05,41,0.7572704175607642,103.21835791005518,54.441165811276235,92.74347328116045,5.631835465267983,5.631835465267983,49.380543876952025,0.01181606308509369,54.89181851177703,zloty,0,0,0,-0.3633742025712216,0,-1,2,-1.3633742025712217,1,18,41.590809924381674,57.29509698545266,55.703805441306265,0,29.039805190086533,0,10,10,66.15000000000005,false,false,false,0,0,0,0,true,false,1.73,1.48
R4,1,1925-06,42,0.5300892922925349,103.4516140711053,50.986097955366546,92.38860368975547,5.7657579426106285,5.7657579426106285,49.24730890261374,-0.38263564955041507,42.924272958243925,zloty,0,12,-0.4,-0.3628263359419776,0,-1,2,-1.3628263359419777,1,18,41.574155810774734,57.258509801990826,55.598233755964095,0,28.463058058225993,0,10,10,66.30000000000005,false,false,false,0,0,0,0,true,false,1.76,1.51
R4,1,1925-07,43,0.3710625046047744,103.61552165020548,48.5743658899878,91.9889346385692,5.917166408945859,5.917166408945859,49.217725963952745,-0.43259561810065944,42.94699107077075,zloty,0,12,-0.4,-0.38056981551222646,0,0,2,-0.3805698155122266,1,18,41.55813313906961,57.225748385652274,55.494967269287066,0,27.97558037029065,0,10,10,66.45000000000006,false,false,false,0,0,0,0,true,false,1.79,1.54
R4,1,1925-08,44,0.2597437532233421,103.73056633376487,46.89092424785332,91.55892285337254,6.080777527402848,6.080777527402848,49.26049498725311,-0.4674603384485391,42.962893749539525,zloty,0,12,-0.4,-0.40055326807153974,0,0,2,-0.4005532680715398,1,18,41.54259071323866,57.19563695486782,55.39261115382443,0,27.544399215646084,0,10,10,66.60000000000007,false,false,false,0,0,0,0,true,false,1.8199999999999998,1.5699999999999998
R4,1,1925-09,45,0.18182062725633946,103.81124973457,45.715854660900625,91.10864375659081,6.252904589367076,6.252904589367076,49.35376725981751,-0.49179160561208124,42.974025624677665,zloty,0,12,-0.4,-0.4220538573313732,0,0,2,-0.42205385733137324,1,18,41.52742531247584,57.16736299381284,55.29019884739463,0,27.146688288328278,0,10,10,66.75000000000007,false,false,false,0,0,0,0,true,false,1.8499999999999999,1.5999999999999999
R4,1,1925-10,46,0.1272744390794376,103.86780283655568,44.89564364381275,90.64510832156853,6.430974853140552,6.430974853140552,49.48229161999049,-0.5087721822099307,42.981817937274364,zloty,0,12,-0.4,-0.4445678121704596,0,0,2,-0.4445678121704595,1,18,41.51256609197289,57.140364040602904,55.1870593439275,0,26.766979891518545,0,10,10,66.90000000000008,false,false,false,0,0,0,0,true,false,1.88,1.63
R4,1,1925-11,47,0.08909210735560633,103.90742668386838,44.32313231749654,90.17318910938519,6.6131928760681795,6.6131928760681795,49.635422310676105,-0.5206229226503634,42.98727255609206,zloty,0,12,-0.4,-0.4677445839215736,0,0,2,-0.4677445839215735,1,18,41.49796423935347,57.114250251550665,55.08272621737923,0,26.394988432904736,0,10,10,67.05000000000008,false,false,false,0,0,0,0,true,false,1.91,1.66
R4,1,1925-12,48,0.062364475148924424,103.93518136964376,43.923519859026904,89.69626888167676,6.798305636686491,6.798305636686491,49.80572834115121,-0.5288936017666049,42.99109078926444,zloty,0,12,-0.4,-0.49134054453074044,0,0,2,-0.4913405445307404,1,18,41.48358602905801,57.08875119077051,54.976874953028144,0,26.02400725890321,0,10,10,67.20000000000009,false,false,false,0,0,0,0,true,false,1.94,1.69
R4,1,1926-01,49,0.043655132604247096,103.9546184734572,45.44459296706436,89.39608618966369,6.915438649591597,6.915438649591597,49.9880227453804,-0.3346657511574464,48.993763552485106,zloty,0,6,-0.2,-0.5151865559161621,0,0,2,-0.5151865559161621,1,18,41.45818796277888,57.028679143019346,54.83510657926301,0,25.30874531227276,0,10,10,67.3500000000001,false,false,false,0,0,0,0,true,false,1.97,1.72
R4,1,1926-02,50,0.030558592822972967,103.96822877230424,46.50990542296692,89.11744381179236,7.024531604788829,7.024531604788829,50.12468495636847,-0.311694157706377,48.995634486739576,zloty,0,6,-0.2,-0.5301956905168155,0,0,2,-0.5301956905168155,1,18,41.431501640418425,56.964178757448835,54.68764976735807,0,24.55591130031642,0,10,10,67.5000000000001,false,false,false,0,0,0,0,true,false,2,1.75
R4,1,1926-03,51,0.021391014976081077,103.97775810219258,47.25601703829216,88.8540076675768,7.127993560755801,7.127993560755801,50.229387793679464,-0.2956055884770622,48.9969441407177,zloty,0,6,-0.2,-0.5441278094103822,0,0,2,-0.5441278094103823,1,18,41.40384649254244,56.89657699236655,54.53589011622756,0,23.778044322302332,0,10,10,67.6500000000001,false,false,false,0,0,0,0,true,false,2.0300000000000002,1.78
R4,1,1926-04,52,0.014973710483256754,103.9844296725532,47.77857019635523,88.60136224393602,7.227511748618628,7.227511748618628,50.3117072825307,-0.284337679608077,48.997860898502395,zloty,0,6,-0.2,-0.5572996166211602,0,0,2,-0.5572996166211603,1,18,41.37544619396478,56.82680319612137,54.38079792093132,0,22.98382430843508,0,10,10,67.80000000000011,false,false,false,0,0,0,0,true,false,2.06,1.81
R4,1,1926-05,53,0.010481597338279728,103.98910028123285,48.14454992613416,88.35642731349564,7.324267852004614,7.324267852004614,50.37835017664004,-0.2764460096742459,48.99850262895168,zloty,0,6,-0.2,-0.5699318878031988,0,0,2,-0.5699318878031989,1,18,41.34645736933755,56.75550823937738,54.22305265379575,0,22.179279778692234,0,10,30,67.95000000000012,false,false,false,0,0,0,0,true,false,2.09,1.8399999999999999
R4,1,1926-06,54,0.007337118136795809,103.99236995696305,48.400870500373756,88.11705300936933,7.419089484104958,7.419089484104958,50.43401367885602,-0.2709189488581248,48.99895184026617,zloty,0,6,-0.2,-0.5821786343252178,0,0,2,-0.5821786343252178,1,18,41.31698969295313,56.68314795671866,54.063130132832974,0,21.368601212149123,0,10,30,68.10000000000012,false,false,false,0,0,0,0,true,false,2.12,1.8699999999999999
R4,1,1926-07,55,0.005135982695757066,103.99465885231686,50.38038923671752,88.32232346181776,7.3375562780985,7.3375562780985,50.481987563844804,0.2329520171613107,54.99926628818632,zloty,0,0,0.3,-0.5941473495315336,0,0,2,-0.5941473495315335,1,18,41.272453931344344,56.53223510372454,53.856695445890395,0,20.06860121214912,0,10,30,68.25000000000013,false,false,false,0,0,0,0,true,false,2.15,1.9
R4,1,1926-08,56,0.003595187887029946,103.99626113901658,51.76611838622138,88.55431362288977,7.245624189819246,7.245624189819246,50.470575886743276,0.26266310936929765,54.99948640173042,zloty,0,0,0.3,-0.583883826909112,0,0,2,-0.583883826909112,1,18,41.228211369162814,56.376206893635135,53.65130111916555,0,18.76860121214912,0,10,30,68.40000000000013,false,false,false,0,0,0,0,true,false,2.1799999999999997,1.93
R4,1,1926-09,57,0.0025166315209209623,103.99738276908434,52.73617501471835,88.80533133173942,7.1464125371023375,7.1464125371023375,50.417592335156634,0.28346186490545333,54.999640481211294,zloty,0,0,0.3,-0.5722843188555118,0,0,2,-0.5722843188555118,1,18,41.184118313756684,56.21610265816355,53.447046357011665,0,17.46860121214912,0,10,30,68.55000000000014,false,false,false,0,0,0,0,true,false,2.21,1.96
R4,1,1926-10,58,0.0017616420646446734,103.99816792452741,53.415247011357216,89.06999047865186,7.04210494652163,7.04210494652163,50.33550708471508,0.2980216873734499,54.99974833684791,zloty,0,0,0.3,-0.5597334334130288,0,0,2,-0.5597334334130288,1,18,41.14007417699387,56.052679242238,53.244000610406566,0,16.168601212149117,0,10,30,68.70000000000014,false,false,false,0,0,0,0,true,false,2.24,1.99
R4,1,1926-11,59,0.0012331494452512714,103.99871754039161,53.89062005868811,89.34451670236398,6.934230029523328,6.934230029523328,50.233049674374364,0.3082140485665775,54.999823835793535,zloty,0,0,0.3,-0.546500476067407,0,0,2,-0.546500476067407,1,18,41.09600854534829,55.88648705991697,53.042212501985446,0,14.86860121214912,0,10,30,68.85000000000015,false,false,false,0,0,0,0,true,false,2.27,2.02
R4,1,1926-12,60,0.00086320461167589,103.99910227495309,54.223397046598315,89.62626377915274,6.823857865102119,6.823857865102119,50.11633107261372,0.31534904120345447,54.999876685055476,zloty,0,0,0.3,-0.5327741648818012,0,0,2,-0.5327741648818012,1,18,41.0518721282933,55.71792609419516,52.84171607314421,0,13.568601212149119,0,10,30,69.00000000000016,false,false,false,0,0,0,0,true,false,2.3,2.05
R4,1,1927-01,61,0.0006042432281731229,103.99937159083986,54.45635203648047,89.91337593494718,6.711737544237609,6.711737544237609,49.98962916121577,0.3203437738985994,54.999913679538835,zloty,0,0,0.3,-0.5186868110423631,0,0,2,-0.5186868110423632,1,18,41.00763042182969,55.54728695686233,52.6425351570818,0,12.268601212149116,0,10,30,69.15000000000016,false,false,false,0,0,0,0,true,false,2.33,2.08
R4,1,1927-02,62,0.000422970259721186,103.9995601127905,54.61942829823948,90.20455163930205,6.598393455591735,6.598393455591735,49.855938600121355,0.32384025327392585,54.99993957567718,zloty,0,0,0.3,-0.5043312032526408,0,0,2,-0.5043312032526408,1,18,40.963259272770706,55.374780894174506,52.44468644015743,0,10.96860121214912,0,10,30,69.30000000000017,false,false,false,0,0,0,0,true,false,2.36,2.11
R4,1,1927-03,63,0.0002960791818048302,103.99969207856266,54.73358711965984,90.49887818139968,6.484192688710164,6.484192688710164,49.71735575117417,0.3262879053759162,54.99995770297403,zloty,0,0,0.3,-0.48977241803489735,0,0,2,-0.48977241803489724,1,18,40.91874177364096,55.20056165515927,52.2481816050872,0,9.668601212149113,0,10,30,69.45000000000017,false,false,false,0,0,0,0,true,false,2.3899999999999997,2.1399999999999997
R4,1,1927-04,64,0.0002072554272633811,103.99978445480241,54.81350210138643,90.79571571761777,6.369392218511974,6.369392218511974,49.57534813758437,0.3280013434233988,54.99997039208182,zloty,0,0,0.3,-0.4750560909300162,0,0,2,-0.47505609093001633,1,18,40.87406608904941,55.024741393570615,52.053028831397114,0,8.368601212149114,0,10,30,69.60000000000018,false,false,false,0,0,0,0,true,false,2.42,2.17
R4,1,1927-05,65,0.00014507879908436677,103.99984911826787,54.86944525330769,91.09461594662615,6.254171936006249,6.254171936006249,49.430943074542775,0.32920080715921574,54.999979274457274,zloty,0,0,0.3,-0.4602142141191116,0,0,2,-0.4602142141191117,1,18,40.82922393411789,54.84740220923194,51.85923384591211,0,7.0686012121491135,0,10,30,69.75000000000018,false,false,false,0,0,0,0,true,false,2.45,2.2
R4,1,1927-06,66,0.00010155515935905674,103.99989438274156,54.908607324951404,91.39526504683138,6.138657770895233,6.138657770895233,49.284859716943544,0.33004047174575835,54.99998549212009,zloty,0,0,0.3,-0.4452692026686925,0,0,2,-0.44526920266869263,1,18,40.78420950936173,54.66860451068227,51.66680065822884,0,5.768601212149114,0,10,30,69.90000000000019,false,false,false,0,0,0,0,true,false,2.48,2.23
R4,1,1927-07,67,0.00007108861155133971,103.99992606789657,54.9360220808112,91.42325783074908,6.127937878167562,6.127937878167562,49.137601497195,0.030628264936203534,54.99998984448406,zloty,0,0,0,-0.43023674765843084,0,0,2,-0.4302367476584308,1,18,40.73861194932952,54.5430225028609,51.47449307331417,0,4.468601212149115,0,10,30,70.0500000000002,false,false,false,0,0,0,0,true,false,2.51,2.26
R4,1,1927-08,68,0.0000497620280859378,103.99994824751658,54.95521332390949,91.45163537205559,6.117073969253193,6.117073969253193,48.989520834770666,0.03103973975534052,54.999992891138845,zloty,0,0,0,-0.428837108462546,0,0,2,-0.42883710846254597,1,18,40.692428412666835,54.41722956249785,51.28231305807935,0,3.168601212149115,0,10,30,70.2000000000002,false,false,false,0,0,0,0,true,false,2.54,2.29
R4,1,1927-09,69,0.000034833419660156455,103.9999637732562,54.96864783387579,91.480285144531,6.106109244209621,6.106109244209621,48.84086443505338,0.03132778583877503,54.99999502379719,zloty,0,0,0,-0.42741823139722046,0,0,2,-0.42741823139722035,1,18,40.64565691033444,54.29124594556493,51.09026198943865,0,1.8686012121491145,0,10,30,70.35000000000021,false,false,false,0,0,0,0,true,false,2.57,2.32
R4,1,1927-10,70,0.000024383393762109517,103.9999746412767,54.97805243871046,91.50912835489007,6.095073944516656,6.095073944516656,48.69180500003711,0.03152942769418647,54.99999651665804,zloty,0,0,0,-0.42598574277345025,0,0,2,-0.42598574277345014,1,18,40.59829604994116,54.165086224447435,50.89834083128607,0,0.568601212149115,0,10,30,70.50000000000021,false,false,false,0,0,0,0,true,false,2.6,2.35
R4,1,1927-11,71,0.000017068375633476662,103.99998224889241,54.98463597559551,91.5381098299888,6.083989240217852,6.083989240217852,48.54246342687579,0.031670583710870504,54.99999756166062,zloty,0,0,0,-0.4245435822554967,0,0,2,-0.4245435822554966,1,18,40.564955106836294,54.038760879390566,50.751048481941396,0,0,0,10,30,70.65000000000022,false,false,false,0,0,0,0,true,false,2.63,2.38
R4,1,1927-12,72,0.000011947862943433663,103.99998757422405,54.98924467086559,91.56719093607917,6.072869951049077,6.072869951049077,48.392924347607924,0.03176939762507191,54.999998293162434,zloty,0,0,0,-0.4230945085005601,0,0,2,-0.4230945085005602,1,18,40.54233393179193,53.91236403116682,50.638336276017895,0,0,0,10,30,70.80000000000022,false,false,false,0,0,0,0,true,false,2.66,2.41
R4,1,1928-01,73,0.000008363504060403562,103.99999130195653,54.99247091117002,91.59634462086379,6.061726451319205,6.061726451319205,48.243247007481955,0.03183857065677623,54.99999880521371,zloty,0,0,0,-0.42164045319604143,0,0,2,-0.4216404531960414,1,18,40.51907369980777,53.785968896585906,50.52561059288323,0,0,0,10,30,70.95000000000023,false,false,false,0,0,0,0,true,false,2.69,2.44
R5,0,1922-01,1,5.199999999999999,98.85931558935361,54.879999999999995,100,3,3,44.85,0,54.6,marka,8,0,0,0,0,0,0,2,1,10,35.01320677946768,35.02281368821293,35.04312927756654,0,35.7,0,10,10,60.15,false,false,false,0,0,0,0,false,false,0.53,0.28
R5,0,1922-02,2,6.039999999999999,98.0761976612599,54.75999999999999,99.98907452471482,3.00382391634981,3.00382391634981,44.7036,-0.010925475285171161,54.48,marka,8,0,0,0,0,0,0,2,1,10,35.030478960658264,35.06128973498773,35.1014763390607,0,36.39913793089023,0,10,10,60.3,false,false,false,0,0,0,0,false,false,0.56,0.31
R5,0,1922-03,3,6.627999999999998,97.53535656675545,54.65079999999999,99.9700861807984,3.0104705628982824,3.0104705628982824,44.5608,-0.018990418709920957,54.396,marka,8,0,0,-0.0005462737642588422,0,0,0,1.9994537262357412,1,10,35.05030197601655,35.110582603652624,35.17035855436512,0,37.09618417203164,0,10,10,60.449999999999996,false,false,false,0,0,0,0,false,false,0.59,0.33999999999999997
R5,0,1922-04,4,7.039599999999998,97.16030328962366,54.556719999999984,99.94513849837014,3.019204864511367,3.019204864511367,44.421276,-0.024955147465956527,54.3372,marka,8,0,0,-0.0014956909600797985,0,0,0,1.9985043090399202,1,10,35.071644770839626,35.16737653786015,35.246572197399885,0,37.79043999640927,0,10,10,60.599999999999994,false,false,false,0,0,0,0,false,false,0.62,0.37
R5,0,1922-05,5,7.327719999999998,96.89947760000865,54.478515999999985,99.91578783574015,3.029483235300421,3.029483235300421,44.2845744,-0.02936677368301099,54.29604,marka,8,0,0,-0.0027430750814929185,0,0,0,1.997256924918507,1,10,35.093800717691245,35.229386985859975,35.32791043192052,0,38.48154051859866,0,10,10,60.74999999999999,false,false,false,0,0,0,0,false,false,0.65,0.4
R5,0,1922-06,6,7.529403999999998,96.71773127283399,54.415129599999986,99.88318887197079,3.0409024890203966,3.0409024890203966,44.15021892,-0.03262643919993101,54.267228,marka,8,0,0,-0.004210608212992639,0,0,0,1.9957893917870073,1,10,35.11628325933444,35.2950323604033,35.41284591205857,0,39.16932797102084,0,10,10,60.89999999999999,false,false,false,0,0,0,0,false,false,0.6799999999999999,0.43
R5,0,1922-07,7,9.770582799999998,94.7430516876148,54.364708599999986,99.84819858650013,3.0531634110564614,3.0531634110564614,44.017765032,-0.03503120581732831,54.2470596,marka,15,0,0,-0.005840556401460617,0,0,0,1.9941594435985395,1,10,35.15052008826852,35.400171326651,35.53614695773544,0,39.85376953865708,0,10,10,61.04999999999999,false,false,false,0,0,0,0,false,false,0.71,0.45999999999999996
R5,0,1922-08,8,11.339407959999999,93.408077073091,54.262178535999986,99.79669193569569,3.07121814618114,3.07121814618114,43.886823774,-0.05158495749908185,54.02294172,marka,15,0,0,-0.007590070674993399,0,0,0,1.9924099293250066,1,10,35.192456494076396,35.53200978518918,35.68543489663461,0,40.5275882215893,0,10,10,61.19999999999999,false,false,false,0,0,0,0,false,false,0.74,0.49
R5,0,1922-09,9,12.437585572,92.49576062214805,54.14334273639999,99.73301894636569,3.093549093062485,3.093549093062485,43.75895841792,-0.06380270537527226,53.866059204,marka,15,0,0,-0.010165403215215463,0,0,0,1.9898345967847846,1,10,35.23942688106597,35.68209457274622,35.8525315812588,0,41.19152737582641,0,10,10,61.34999999999999,false,false,false,0,0,0,0,false,false,0.77,0.52
R5,0,1922-10,10,13.206309900399999,91.86767070801992,54.02721234831999,99.66032975825657,3.1190584139543707,3.1190584139543707,43.634658135828,-0.07288377397681575,53.7562414428,marka,15,0,0,-0.013349052681715535,0,0,0,1.9866509473182845,1,10,35.28964858961847,35.844741158585826,36.03193853397544,0,41.846468300088276,0,10,10,61.499999999999986,false,false,false,0,0,0,0,false,false,0.8,0.55
R5,0,1922-11,11,13.744416930279998,91.43305913972652,53.92285934681199,99.58094985801857,3.146936071143235,3.146936071143235,43.513841765378395,-0.0796504491110408,53.67936900996,marka,15,0,0,-0.016983512087171703,0,0,0,1.9830164879128283,1,10,35.3419152282333,36.01607997579129,36.2199139806364,0,42.49330100084564,0,10,10,61.649999999999984,false,false,false,0,0,0,0,false,false,0.83,0.58
R5,0,1922-12,12,14.121091851195999,91.13126970043977,53.833669034859994,99.49661212595282,3.176578493981238,3.176578493981238,43.39615598497404,-0.08469263668000795,53.625558306972,marka,15,0,0,-0.020952507099071482,0,0,0,1.9790474929009285,1,10,35.39540363652554,36.1934545817825,36.413890192497774,0,43.13285844455319,0,10,10,61.79999999999998,false,false,false,0,0,0,0,false,false,0.86,0.61
R5,0,1923-01,13,18.8847642958372,87.47967043211912,53.75993556886611,99.40861253951228,3.2075341763869916,3.2075341763869916,43.281145913928235,-0.0884448068735819,53.5878908148804,marka,30,0,0,-0.025169393702358888,0,0,0,1.974830606297641,1,10,35.47142340513502,36.443861173140114,36.67871764609237,0,43.765886755321446,0,10,10,61.94999999999998,false,false,false,0,0,0,0,false,false,0.89,0.64
R5,0,1923-02,14,22.219335007086038,85.0929192127991,53.56541196933116,99.29055128955805,3.249101437440511,3.249101437440511,43.168347846862254,-0.11876360301005535,53.11152357041628,marka,30,0,0,-0.02956937302438618,0,0,0,1.9704306269756138,1,10,35.561950906190766,36.74200278888413,36.98991604837573,0,44.372212687375196,0,10,10,62.09999999999998,false,false,false,0,0,0,0,false,false,0.9199999999999999,0.6699999999999999
R5,0,1923-03,15,24.553534504960226,83.49823263815794,53.329208328319226,99.15077455253395,3.2983728508056847,3.2983728508056847,43.06138548778232,-0.1407754667576398,52.7780664992914,marka,30,0,0,-0.035472435522097355,1,0,0,0.9645275644779026,1,10,35.66198951405561,37.07203813612097,37.332154209276894,0,44.9582318722955,0,10,10,62.24999999999998,false,false,false,0,0,0,0,false,false,0.95,0.7
R5,0,1923-04,16,26.187474153472156,82.41705501887833,53.09383979467465,98.9950324680465,3.3533494556951666,3.3533494556951666,42.96150923793274,-0.15707601396994808,52.54464654950398,marka,30,0,0,-0.0424612723733027,1,0,0,0.9575387276266973,1,10,35.768321344177416,37.42369703574341,37.695494203292796,0,45.52894139337472,0,10,10,62.39999999999998,true,true,false,0,0,0,0,false,false,0.98,0.73
R5,0,1923-05,17,27.331231907430507,81.67674060956841,52.88006363166809,98.82747747259099,3.412589042720265,3.412589042720265,42.8686940440925,-0.1692559629288536,52.381252584652785,marka,30,0,0,-0.05024837659767485,1,0,0,0.9497516234023251,1,10,35.87882612158424,37.79016222355204,38.073341563555935,0,46.088241378672436,0,10,10,62.549999999999976,true,true,false,0,0,0,0,false,false,1.01,0.76
R5,0,1923-06,18,28.131862335201355,81.16638446097755,52.69610758494474,98.65118395766771,3.475023834947216,3.475023834947216,42.782292135142455,-0.1783851206484314,52.26687680925695,marka,30,0,0,-0.05862612637045075,1,0,0,0.9413738736295492,1,10,35.99208463445379,38.16683453433249,38.461249588601746,0,46.6391520853207,0,10,10,62.699999999999974,true,true,false,0,0,0,0,false,false,1.04,0.79
R5,0,1923-07,19,37.69230363464095,75.53072848280493,52.54331943940527,98.46845502280902,3.5398533936355188,3.5398533936355188,42.701408907594114,-0.18522731053800845,52.186813766479865,marka,60,0,0,-0.0674408021166144,1,0,0,0.9325591978833856,1,10,36.14059501649786,38.65621996467639,38.95809046593711,0,47.183988425468215,0,10,10,62.84999999999997,true,true,false,0,0,0,0,false,false,1.0699999999999998,0.82
R5,0,1923-08,20,44.38461254424867,72.0298362598215,52.14955449854446,98.23941308296952,3.6212649268267874,3.6212649268267874,42.62510932441196,-0.23260438054648144,51.2307696365359,marka,60,0,0,-0.07657724885954878,1,0,0,0.9234227511404511,1,10,36.310833123428075,39.21562323947996,39.52258512063848,0,47.692271244007664,0,10,10,62.99999999999997,true,true,false,0,0,0,0,false,false,1.1,0.85
R5,0,1923-09,21,49.069228780974065,69.76624273867156,51.67314977265366,97.97758737143275,3.714546224181929,3.714546224181929,42.56062268945563,-0.26651799244326113,50.561538745575135,marka,60,0,0,-0.088029345851524,2,0,0,-0.088029345851524,1,10,36.495016280584665,39.820298384706525,40.130801151658744,0,48.17940197940204,0,10,10,63.14999999999997,true,true,false,0,0,0,0,false,false,1.13,0.88
R5,0,1923-10,22,70.34846014668184,61.051329674743634,51.19912797742833,97.69171541011845,3.816666708207217,3.816666708207217,42.51042819627602,-0.29177281150082257,50.093077121902596,marka,120,0,0,-0.10112063142836263,2,0,0,-0.10112063142836258,1,10,39.26037144703369,48.599271791211656,48.60142706979288,0,48.655741971764435,0,10,10,63.29999999999997,true,true,false,0,0,0,0,true,true,1.16,0.9099999999999999
R5,0,1923-11,23,85.24392210267729,56.14219285551228,50.22893577979937,97.33162136056615,3.945677563236436,3.945677563236436,42.47445435695317,-0.36860244294062594,47.96515398533182,marka,120,0,0,-0.1154142294940776,3,0,0,-1.1154142294940776,1,10,39.53001352364966,49.47642793410141,49.471593202500735,0,49.35389558007124,0,10,10,63.44999999999997,true,true,false,0,0,0,0,true,false,1.19,0.94
R5,0,1923-12,24,95.6707454718741,53.15051043997227,49.10293738277924,96.92046492984566,4.093527510397055,4.093527510397055,42.467586283559186,-0.4224284204589112,46.47560778973227,marka,120,0,0,-0.1334189319716927,3,0,0,-1.1334189319716927,1,10,39.81836711263556,50.41341772530196,50.39888175140166,0,50.058321201255616,0,10,10,63.599999999999966,true,true,false,1,0,0,0,true,false,1.22,0.97
R5,0,1924-01,25,102.96952183031186,51.239220086918706,45.00193380378924,96.47147907746773,4.255665659905542,4.255665659905542,42.49449816207581,-0.4632518557385332,35.43292545281259,stabilizing,120,10,0,-0.15397675350771678,3,3,2,-0.15397675350771678,1,18,40.225164978796705,51.38863332356359,51.362385093957364,0,50.771850152518915,0,10,10,63.749999999999964,true,true,false,1,0,0,0,true,false,1.25,1
R5,0,1924-02,26,108.07866528121829,49.98109722563053,41.91226800774311,95.95047787765343,4.4446856911922765,4.4446856911922765,42.64444014796213,-0.5400572322478117,34.70304781696881,stabilizing,120,10,0,-0.1764260461266133,3,3,2,-0.1764260461266134,1,18,40.53425754717445,52.38901137905098,52.34941228899302,0,51.5124718199376,0,10,10,63.89999999999996,true,true,false,0,0,0,0,true,false,1.28,1.03
R5,0,1924-03,27,111.6550656968528,49.136551330624,39.59622764698362,95.37830984529405,4.653396284151625,4.653396284151625,42.887072107729836,-0.5963159798838533,34.19213347187817,stabilizing,120,10,0,-0.20247610611732866,3,3,2,-0.20247610611732858,1,18,40.84997519674881,53.4062803524385,53.35191747976217,0,52.2669637905196,0,10,10,64.04999999999997,true,true,false,0,0,0,0,true,false,1.31,1.06
R5,0,1924-04,28,78.15854598779696,58.37497125011535,40.86770738198295,94.77641874007203,4.87426608900496,4.87426608900496,43.19918527832033,-0.6310565852952457,43.83449343031472,zloty,0,0,0,-0.23108450773529726,3,3,0,1.7689154922647028,1,18,41.109739185864534,54.238780927436196,54.17795962416501,0,53.033924653046164,0,10,10,64.19999999999997,true,true,false,0,0,0,0,true,false,1.3399999999999999,1.0899999999999999
R5,0,1924-05,29,54.710982191457866,67.222118641389,42.762638787754156,94.25990183524435,5.065010705749227,5.065010705749227,43.47315405686084,-0.5449846192693328,47.184145401220306,zloty,0,0,0,-0.2611790629963984,3,3,0,1.7388209370036016,1,18,41.316008948513534,54.89433855460842,54.83576826227884,0,53.79204291796051,0,10,10,64.34999999999998,true,true,false,0,0,0,0,true,false,1.37,1.12
R5,0,1924-06,30,38.297687534020504,75.20010048932782,44.792517685684174,93.83970677491764,5.221034919917629,5.221034919917629,43.69027489322822,-0.4457834690525756,49.52890178085421,zloty,0,0,0,-0.2870049082377825,2,3,0,2.7129950917622176,1,18,41.47402885392981,55.390336544821864,55.34241726866058,0,54.53509662022716,0,10,10,64.49999999999999,true,true,false,0,0,0,0,true,false,1.4,1.15
R5,0,1924-07,31,26.80838127381435,82.01350648537597,46.70583175395831,93.5098494789745,5.344063920697669,5.344063920697669,43.846499362657696,-0.3515114308001148,51.17023124659795,zloty,0,0,0,-0.3080146612541178,1,0,0,0.6919853387458823,1,18,41.59077439376771,55.75006641511435,55.720331392187674,0,55.26257636132872,0,10,10,64.64999999999999,true,true,false,0,0,0,0,true,false,1.43,1.18
R5,0,1924-08,32,18.765866891670044,87.56724698928993,48.389830789556385,93.25895837124185,5.437970485830335,5.437970485830335,43.94532441003895,-0.26830447180761763,52.319161872618565,zloty,0,0,0,-0.3245075260512749,1,0,0,0.6754924739487251,1,18,41.67376701663442,55.99872147532855,55.993530457016725,0,55.97683855494282,0,10,10,64.8,true,true,false,0,0,0,0,true,false,1.46,1.21
R5,0,1924-09,33,13.13610682416903,91.92467632073645,49.80990554593936,93.07373249932104,5.5074855826151525,5.5074855826151525,44.993629486352255,-0.1986145622423348,53.123413310832994,zloty,0,0,0,-0.3370520814379077,0,0,0,1.6629479185620923,1,18,41.736491989505005,56.16022794891382,56.1846943839326,0,56.68138614029601,0,10,10,64.95,false,false,false,0,0,0,0,true,false,1.49,1.24
R5,0,1924-10,34,9.19527477691832,95.24221649010724,50.972850677432476,92.94114523861398,5.557344484800909,5.557344484800909,45.99933231997407,-0.142454006245018,53.6863893175831,zloty,0,0,0,-0.34631337503394805,0,0,0,1.653686624966052,1,18,41.78300829817626,56.255383619111676,56.313463337134344,0,57.37974657118591,0,10,10,65.10000000000001,false,false,false,0,0,0,0,true,false,1.52,1.27
R5,0,1924-11,35,6.436692343842823,97.7106651003668,51.90513723089518,92.8496265502445,5.591808812572088,5.591808812572088,46.9701467996511,-0.09846950791765495,54.08047252230817,zloty,0,0,0,-0.35294273806930077,0,0,0,1.6470572619306991,1,18,41.81840622702055,56.30117031710434,56.39583239220167,0,58.07490245738684,0,10,10,65.25000000000001,false,false,false,0,0,0,0,true,false,1.55,1.3
R5,0,1924-12,36,4.505684640689976,99.5161175753945,52.64049529131134,92.7895179111558,5.614466979828862,5.614466979828862,47.912992682724244,-0.06473762073363795,54.356330765615716,zloty,0,0,0,-0.3575186724877753,0,0,0,1.6424813275122248,1,18,41.846660327807754,56.310847965596444,56.444267961173566,0,58.769109960766286,0,10,10,65.40000000000002,false,false,false,0,0,0,0,true,false,1.58,1.33
R5,0,1925-01,37,3.153979248482983,100.82015328703812,53.21317616469723,92.75308537813916,5.628209250338372,5.628209250338372,48.8337778239849,-0.03926363002717389,54.549431535931,zloty,0,0,0,-0.3605241044422101,0,0,0,1.63947589555779,1,18,41.868227212271364,56.2862433669853,56.46044562560984,0,59.46393396508628,0,10,10,65.55000000000003,false,false,false,0,0,0,0,true,false,1.6099999999999999,1.3599999999999999
R5,0,1925-02,38,2.207785473938088,101.7535009860075,53.65460393783357,92.7343111044049,5.635293646270005,5.635293646270005,49.737382539043985,-0.020241131233236544,54.6846020751517,zloty,0,0,0,-0.3623457310930419,0,0,0,1.637654268906958,1,18,41.88496683981214,56.233638337405075,56.450252099443055,0,60.160364569612575,0,10,10,65.70000000000003,false,false,false,0,0,0,0,true,false,1.64,1.39
R5,0,1925-03,39,1.5454498317566616,102.41719365299984,53.99198919226535,92.72860522433342,5.637447172835558,5.637447172835558,49.627744420908975,-0.006152933044436478,54.779221452606194,zloty,0,0,0,-0.36328444477975524,0,0,0,1.6367155552202448,1,18,41.89507809137722,56.16112252781508,56.4212864605205,0.00021435564856290526,60.85899381877015,0.00011588834173072957,10,10,65.85000000000004,false,false,false,0,0,0,0,true,false,1.67,1.42
R5,0,1925-04,40,1.0818148822296632,102.88695362382475,54.248028939633045,92.73251594857557,5.635971087347766,5.635971087347766,49.507984745141016,0.004217387107978993,54.84545501682433,zloty,0,0,0,-0.36356973878332893,0,0,0,1.636430261216671,1,18,41.90031146625241,56.07458610786985,56.37901088556351,0.0024012450517149134,61.55899381877016,0.0012972263664328318,10,10,66.00000000000004,false,false,false,0,0,0,0,true,false,1.7,1.45
R5,0,1925-05,41,0.7572704175607642,103.21835791005518,54.441165811276235,92.74347328116045,5.631835465267983,5.631835465267983,49.380543876952025,0.01181606308509369,54.89181851177703,zloty,0,0,0,-0.3633742025712216,0,0,0,1.6366257974287783,1,18,41.90191332038276,55.97827208600391,56.32732057518405,0.006557672149027545,62.25899381877016,0.003539407975294311,10,10,66.15000000000005,false,false,false,0,0,0,0,true,false,1.73,1.48
R5,0,1925-06,42,0.5300892922925349,103.4516140711053,50.986097955366546,92.38860368975547,5.7657579426106285,5.7657579426106285,49.24730890261374,-0.38263564955041507,42.924272958243925,zloty,0,12,-0.4,-0.3628263359419776,0,0,0,1.6371736640580223,1,18,41.90113541056855,55.87472366387075,56.27010281002276,0.012415941776463763,62.820970124222306,0.0066945163713764,10,10,66.30000000000005,false,false,false,0,0,0,0,true,false,1.76,1.51
R5,0,1925-07,43,0.3710625046047744,103.61552165020548,48.5743658899878,91.9889346385692,5.917166408945859,5.917166408945859,49.217725963952745,-0.43259561810065944,42.94699107077075,zloty,0,12,-0.4,-0.38056981551222646,0,0,0,1.6194301844877734,1,18,41.89911257505881,55.76625801436459,56.20947541835704,0.019979925802182545,63.35188838904162,0.01076131230506366,10,10,66.45000000000006,false,false,false,0,0,0,0,true,false,1.79,1.54
R5,0,1925-08,44,0.2597437532233421,103.73056633376487,46.89092424785332,91.55892285337254,6.080777527402848,6.080777527402848,49.26049498725311,-0.4674603384485391,42.962893749539525,zloty,0,12,-0.4,-0.40055326807153974,0,0,0,1.5994467319284602,1,18,41.89664109637778,55.654341024351645,56.14692929421397,0.02926857444026832,63.85689220686604,0.015746694851684694,10,10,66.60000000000007,false,false,false,0,0,0,0,true,false,1.8199999999999998,1.5699999999999998
R5,0,1925-09,45,0.18182062725633946,103.81124973457,45.715854660900625,91.10864375659081,6.252904589367076,6.252904589367076,49.35376725981751,-0.49179160561208124,42.974025624677665,zloty,0,12,-0.4,-0.4220538573313732,0,0,0,1.5779461426686268,1,18,41.894278909746006,55.54000353231454,56.08351154858939,0.0403114924570567,64.34041133747088,0.021663364526766638,10,10,66.75000000000007,false,false,false,0,0,0,0,true,false,1.8499999999999999,1.5999999999999999
R5,0,1925-10,46,0.1272744390794376,103.86780283655568,44.89564364381275,90.64510832156853,6.430974853140552,6.430974853140552,49.48229161999049,-0.5087721822099307,42.981817937274364,zloty,0,12,-0.4,-0.4445678121704596,0,0,0,1.5554321878295405,1,18,41.8924165558092,55.42396944721787,56.019956410298335,0.0531458307064088,64.80610269622112,0.028528162413034137,10,10,66.90000000000008,false,false,false,0,0,0,0,true,false,1.88,1.63
R5,0,1925-11,47,0.08909210735560633,103.90742668386838,44.32313231749654,90.17318910938519,6.6131928760681795,6.6131928760681795,49.635422310676105,-0.5206229226503634,42.98727255609206,zloty,0,12,-0.4,-0.4677445839215736,0,0,0,1.5322554160784265,1,18,41.89132721097868,55.30674664670182,55.95677812980762,0.06781409253426787,65.25691410230858,0.03636088853406299,10,10,67.05000000000008,false,false,false,0,1,0,0,true,false,1.91,1.66
R5,0,1925-12,48,0.062364475148924424,103.93518136964376,43.923519859026904,89.69626888167676,6.798305636686491,6.798305636686491,49.80572834115121,-0.5288936017666049,42.99109078926444,zloty,0,12,-0.4,-0.49134054453074044,0,0,2,-0.4913405445307404,1,18,41.891201862829284,55.18869120561251,55.89433659788111,0.08436258132649574,65.6951927321168,0.045183461357030906,10,10,67.20000000000009,false,false,false,0,1,0,0,true,false,1.94,1.69
R5,0,1926-01,49,0.043655132604247096,103.9546184734572,45.44459296706436,89.39608618966369,6.915438649591597,6.915438649591597,49.9880227453804,-0.3346657511574464,48.993763552485106,zloty,0,6,-0.2,-0.5151865559161621,0,0,2,-0.5151865559161621,1,18,41.89198584073055,55.070052651408794,55.83231049065525,0.10300869554401221,66.2229663416887,0.05510884639853919,10,10,67.3500000000001,false,false,false,0,0,0,0,true,false,1.97,1.72
R5,0,1926-02,50,0.030558592822972967,103.96822877230424,46.50990542296692,89.11744381179236,7.024531604788829,7.024531604788829,50.12468495636847,-0.311694157706377,48.995634486739576,zloty,0,6,-0.2,-0.5301956905168155,0,0,2,-0.5301956905168155,1,18,41.89351784909666,54.95100578823967,55.77079783324747,0.1238063020262734,66.7550138079917,0.0661624290362729,10,10,67.5000000000001,false,false,false,0,0,0,0,true,false,2,1.75
R5,0,1926-03,51,0.021391014976081077,103.97775810219258,47.25601703829216,89.12135999901217,7.127993560755801,6.627993560755801,50.229387793679464,-0.2956055884770622,48.9969441407177,zloty,0,6,-0.2,-0.5441278094103822,0,0,1,0.4558721905896177,1,18,41.8943397832452,54.88123569273472,55.70577041163327,0.14574967179114576,67.4550138079917,0.07779820956957795,10,10,67.6500000000001,false,false,false,0,0,2,0,true,false,2.0300000000000002,1.78
R5,0,1926-04,52,0.014973710483256754,103.9844296725532,47.77857019635523,89.13531847195286,7.227511748618628,6.727511748618628,50.3117072825307,-0.284337679608077,48.997860898502395,zloty,0,6,-0.2,-0.5439320000493915,0,0,1,0.45606799995060854,1,18,41.89571717614794,54.761702802558126,55.641371692927095,0.16975813422830466,67.97400635237832,0.09050868460608077,10,10,67.80000000000011,false,false,false,0,0,2,0,true,false,2.06,1.81
R5,0,1926-05,53,0.010481597338279728,103.98910028123285,48.14454992613416,89.15631339624258,7.324267852004614,6.824267852004614,50.37835017664004,-0.2764460096742459,48.99850262895168,zloty,0,6,-0.2,-0.5432340764023571,0,0,1,0.4567659235976429,1,18,41.89759462025417,54.64202979412114,55.57763536609644,0.195867807164879,68.49146465294808,0.10430976292053638,10,30,67.95000000000012,false,false,false,0,0,2,0,true,false,2.09,1.8399999999999999
R5,0,1926-06,54,0.007337118136795809,103.99236995696305,48.400870500373756,89.18224098933756,7.419089484104958,6.919089484104958,50.43401367885602,-0.2709189488581248,48.99895184026617,zloty,0,6,-0.2,-0.5421843301878709,0,0,1,0.45781566981212896,1,18,41.899933289325176,54.522258695412255,55.51458496327205,0.2241119481098218,69.00629268859473,0.11921583364552013,10,30,68.10000000000012,false,false,false,0,0,2,0,true,false,2.12,1.8699999999999999
R5,0,1926-07,55,0.005135982695757066,103.99465885231686,50.38038923671752,89.65753954163989,7.3375562780985,6.8375562780985,50.481987563844804,0.2329520171613107,54.99926628818632,zloty,0,0,0.3,-0.5408879505331221,0,0,1,0.4591120494668779,1,18,41.90223491032742,54.41497053266751,55.45080220306359,0.2544164102834289,69.70629268859473,0.1351807295773293,10,30,68.25000000000013,false,false,false,0,0,2,0,true,false,2.15,1.9
R5,0,1926-08,56,0.003595187887029946,103.99626113901658,51.76611838622138,90.1620094414089,7.245624189819246,6.745624189819246,50.470575886743276,0.26266310936929765,54.99948640173042,zloty,0,0,0.3,-0.5171230229180054,0,0,1,0.4828769770819945,1,18,41.90422596446461,54.310017043413225,55.38622092096426,0.2866743923587386,70.40629268859473,0.15214317190892443,10,30,68.40000000000013,false,false,false,0,0,2,0,true,false,2.1799999999999997,1.93
R5,0,1926-09,57,0.0025166315209209623,103.99738276908434,52.73617501471835,90.68807038313197,7.1464125371023375,6.6464125371023375,50.417592335156634,0.28346186490545333,54.999640481211294,zloty,0,0,0.3,-0.4918995279295551,0,0,1,0.508100472070445,1,18,41.905714980284074,54.20705080584738,55.320794802137065,0.3207841827098307,71.10629268859472,0.17004473470307233,10,30,68.55000000000014,false,false,false,0,0,2,0,true,false,2.21,1.96
R5,0,1926-10,58,0.0017616420646446734,103.99816792452741,53.415247011357216,91.2304047118836,7.04210494652163,6.54210494652163,50.33550708471508,0.2980216873734499,54.99974833684791,zloty,0,0,0.3,-0.4655964808434014,0,0,1,0.5344035191565986,1,18,41.9065679228998,54.10580819649366,55.25449142927371,0.35664839694081757,71.80629268859475,0.18882943524246137,10,30,68.70000000000014,false,false,false,0,0,2,0,true,false,2.24,1.99
R5,0,1926-11,59,0.0012331494452512714,103.99871754039161,53.89062005868811,91.7852808499054,6.934230029523328,6.434230029523328,50.233049674374364,0.3082140485665775,54.999823835793535,zloty,0,0,0.3,-0.4384797644058203,0,0,1,0.5615202355941797,1,18,41.90669096494255,54.00609020066465,55.187288113812016,0.3941732148752838,72.50629268859474,0.208443326305148,10,30,68.85000000000015,false,false,false,0,0,2,0,true,false,2.27,2.02
R5,0,1926-12,60,0.00086320461167589,103.99910227495309,54.223397046598315,92.3500806955812,6.823857865102119,6.323857865102119,50.11633107261372,0.31534904120345447,54.999876685055476,zloty,0,0,0.3,-0.41073595750472974,0,0,1,0.5892640424952702,1,18,41.90601842541469,53.90774713892417,55.11916897693158,0.43326768593701565,73.20629268859473,0.22883412679977017,10,30,69.00000000000016,false,false,false,0,0,2,0,true,false,2.3,2.05
R5,0,1927-01,61,0.0006042432281731229,103.99937159083986,54.45635203648047,92.92296867136656,6.711737544237609,6.211737544237609,49.98962916121577,0.3203437738985994,54.999913679538835,zloty,0,0,0.3,-0.3824959652209401,0,0,1,0.6175040347790599,1,18,41.90450432644074,53.810666711367915,55.05012290601528,0.47384313054750327,73.90629268859473,0.2499509051521618,10,30,69.15000000000016,false,false,false,0,0,2,0,true,false,2.33,2.08
R5,0,1927-02,62,0.000422970259721186,103.9995601127905,54.61942829823948,93.50265955447567,6.598393455591735,6.098393455591735,49.855938600121355,0.32384025327392585,54.99993957567718,zloty,0,0,0.3,-0.3538515664316719,0,0,1,0.6461484335683281,1,18,41.902116482737924,53.71476475748046,54.980142124185846,0.5158126424383975,74.60629268859473,0.2717438177393795,10,30,69.30000000000017,false,false,false,0,0,2,0,true,false,2.36,2.11
R5,0,1927-03,63,0.0002960791818048302,103.99969207856266,54.73358711965984,94.08825540247017,6.484192688710164,5.984192688710164,49.71735575117417,0.3262879053759162,54.99995770297403,zloty,0,0,0.3,-0.3248670222762165,0,0,1,0.6751329777237836,1,18,41.898832364095824,53.619978186122175,54.90922118907803,0.5590906851989322,75.30629268859475,0.29416389853456926,10,30,69.45000000000017,false,false,false,0,0,2,0,true,false,2.3899999999999997,2.1399999999999997
R5,0,1927-04,64,0.0002072554272633811,103.99978445480241,54.81350210138643,94.67913091040133,6.369392218511974,5.869392218511974,49.57534813758437,0.3280013434233988,54.99997039208182,zloty,0,0,0.3,-0.2955872298764916,0,0,1,0.7044127701235083,1,18,41.89463619902144,53.526259609714074,54.837356292089964,0.6035927713055425,76.00629268859475,0.3171628934675398,10,30,69.60000000000018,false,false,false,0,0,2,0,true,false,2.42,2.17
R5,0,1927-05,65,0.00014507879908436677,103.99984911826787,54.86944525330769,95.27485276630091,6.254171936006249,5.754171936006249,49.430943074542775,0.32920080715921574,54.999979274457274,zloty,0,0,0.3,-0.26604345447993366,0,0,1,0.7339565455200663,1,18,41.889516947233965,53.433573299040646,54.76454476795735,0.6492352104525245,76.70629268859474,0.3406931322888941,10,30,69.75000000000018,false,false,false,0,0,2,0,true,false,2.45,2.2
R5,0,1927-06,66,0.00010155515935905674,103.99989438274156,54.908607324951404,95.87512289812479,6.138657770895233,5.638657770895233,49.284859716943544,0.33004047174575835,54.99998549212009,zloty,0,0,0.3,-0.2362573616849545,0,0,1,0.7637426383150454,1,18,41.88346688037499,53.3418921507813,54.690784751534565,0.6959349144886469,77.40629268859475,0.3647074310243689,10,30,69.90000000000019,false,false,false,0,0,2,0,true,false,2.48,2.23
R5,0,1927-07,67,0.00007108861155133971,103.99992606789657,54.9360220808112,96.1921131534683,6.127937878167562,5.627937878167562,49.137601497195,0.030628264936203534,54.99998984448406,zloty,0,0,0,-0.2062438550937607,0,0,1,0.7937561449062394,1,18,41.87676328271723,53.22461173783023,54.616935935273055,0.7445156139834509,78.10629268859475,0.3896394972672959,10,30,70.0500000000002,false,false,false,0,0,2,0,true,false,2.51,2.26
R5,0,1927-08,68,0.0000497620280859378,103.99994824751658,54.95521332390949,96.51054727451671,6.117073969253193,5.617073969253193,48.989520834770666,0.03103973975534052,54.999992891138845,zloty,0,0,0,-0.1903943423265851,0,0,1,0.809605657673415,1,18,41.86940236766814,53.10746092168276,54.54299740718617,0.794968511449945,78.80629268859477,0.41548060902199024,10,30,70.2000000000002,false,false,false,0,0,2,0,true,false,2.54,2.29
R5,0,1927-09,69,0.000034833419660156455,103.9999637732562,54.96864783387579,96.83031353390226,6.106109244209621,5.606109244209621,48.84086443505338,0.03132778583877503,54.99999502379719,zloty,0,0,0,-0.17447263627416448,0,0,1,0.8255273637258356,1,18,41.8613814844902,52.99043065132399,54.46896852886368,0.8472850613296854,79.50629268859475,0.44222219153200026,10,30,70.35000000000021,false,false,false,0,0,2,0,true,false,2.57,2.32
R5,0,1927-10,70,0.000024383393762109517,103.9999746412767,54.97805243871046,97.1513345181957,6.095073944516656,5.595073944516656,48.69180500003711,0.03152942769418647,54.99999651665804,zloty,0,0,0,-0.1584843233048872,0,0,1,0.8415156766951128,1,18,41.852698777581516,52.87351431873249,54.39484885340523,0.9014569050071262,80.20629268859477,0.4698557824277116,10,30,70.50000000000021,false,false,false,0,0,2,0,true,false,2.6,2.35
R5,0,1927-11,71,0.000017068375633476662,103.99998224889241,54.98463597559551,97.47355691647509,6.083989240217852,5.583989240217852,48.54246342687579,0.031670583710870504,54.99999756166062,zloty,0,0,0,-0.14243327409021517,0,0,1,0.8575667259097848,1,18,41.84335294796077,52.75670710467008,54.32063806797164,0.9574758221424937,80.90629268859477,0.4983730056775029,10,30,70.65000000000022,false,false,false,0,0,2,0,true,false,2.63,2.38
R5,0,1927-12,72,0.000011947862943433663,103.99998757422405,54.98924467086559,97.79694434910061,6.072869951049077,5.572869951049077,48.392924347607924,0.03176939762507191,54.999998293162434,zloty,0,0,0,-0.1263221541762455,0,0,1,0.8736778458237544,1,18,41.83334308629921,52.640005497099445,54.24633595356935,1.0153336943805717,81.60629268859476,0.5277655522054933,10,30,70.80000000000022,false,false,false,0,0,2,0,true,false,2.66,2.41
R5,0,1928-01,73,0.000008363504060403562,103.99999130195653,54.99247091117002,98.12147233137466,6.061726451319205,5.561726451319205,48.243247007481955,0.03183857065677623,54.99999880521371,zloty,0,0,0,-0.11015278254496934,0,0,1,0.8898472174550307,1,18,41.822668556037385,52.52340693754395,54.17194235689864,1.0750224783897384,82.30629268859478,0.5580251655281084,10,30,70.95000000000023,false,false,false,0,0,2,0,true,false,2.69,2.44
R5,1,1922-01,1,5.199999999999999,98.85931558935361,54.879999999999995,100,3,3,44.85,0,54.6,marka,8,0,0,0,0,0,0,2,1,10,35.01320677946768,35.02281368821293,35.04312927756654,0,35.7,0,10,10,60.15,false,false,false,0,0,0,0,false,false,0.53,0.28
R5,1,1922-02,2,6.039999999999999,98.0761976612599,54.75999999999999,99.98907452471482,3.00382391634981,3.00382391634981,44.7036,-0.010925475285171161,54.48,marka,8,0,0,0,0,0,0,2,1,10,35.031106720259025,35.06320169316264,35.10338829723561,0,36.40104988906513,0,10,10,60.3,false,false,false,0,0,0,0,false,false,0.56,0.31
R5,1,1922-03,3,6.627999999999998,97.53535656675545,54.65079999999999,99.9700861807984,3.0104705628982824,3.0104705628982824,44.5608,-0.018990418709920957,54.396,marka,8,0,0,-0.0005462737642588422,0,0,0,1.9994537262357412,1,10,35.052020893425684,35.11581788510177,35.17559383581427,0,37.10141945348079,0,10,10,60.449999999999996,false,false,false,0,0,0,0,false,false,0.59,0.33999999999999997
R5,1,1922-04,4,7.039599999999998,97.16030328962366,54.556719999999984,99.94513849837014,3.019204864511367,3.019204864511367,44.421276,-0.024955147465956527,54.3372,marka,8,0,0,-0.0014956909600797985,0,0,0,1.9985043090399202,1,10,35.07479756943025,35.17697897011584,35.256174629655575,0,37.800042428664966,0,10,10,60.599999999999994,false,false,false,0,0,0,0,false,false,0.62,0.37
R5,1,1922-05,5,7.327719999999998,96.89947760000865,54.478515999999985,99.91578783574015,3.029483235300421,3.029483235300421,44.2845744,-0.02936677368301099,54.29604,marka,8,0,0,-0.0027430750814929185,0,0,0,1.997256924918507,1,10,35.09864088215306,35.24412860351019,35.34265204957074,0,38.49628213624888,0,10,10,60.74999999999999,false,false,false,0,0,0,0,false,false,0.65,0.4
R5,1,1922-06,6,7.529403999999998,96.71773127283399,54.415129599999986,99.88318887197079,3.0409024890203966,3.0409024890203966,44.15021892,-0.03262643919993101,54.267228,marka,8,0,0,-0.004210608212992639,0,0,0,1.9957893917870073,1,10,35.12299808461528,35.3154836049135,35.43329715656878,0,39.18977921553105,0,10,10,60.89999999999999,false,false,false,0,0,0,0,false,false,0.6799999999999999,0.43
R5,1,1922-07,7,9.770582799999998,94.7430516876148,54.364708599999986,99.84819858650013,3.0531634110564614,3.0531634110564614,44.017765032,-0.03503120581732831,54.2470596,marka,15,0,0,-0.005840556401460617,0,0,0,1.9941594435985395,1,10,35.159247748250294,35.426753032179235,35.56272866326368,0,39.88035124418532,0,10,10,61.04999999999999,false,false,false,0,0,0,0,false,false,0.71,0.45999999999999996
R5,1,1922-08,8,11.339407959999999,93.408077073091,54.262178535999986,99.79669193569569,3.07121814618114,3.07121814618114,43.886823774,-0.05158495749908185,54.02294172,marka,15,0,0,-0.007590070674993399,0,0,0,1.9924099293250066,1,10,35.20414813974113,35.56761885827976,35.721043969725194,0,40.56319729467987,0,10,10,61.19999999999999,false,false,false,0,0,0,0,false,false,0.74,0.49
R5,1,1922-09,9,12.437585572,92.49576062214805,54.14334273639999,99.73301894636569,3.093549093062485,3.093549093062485,43.75895841792,-0.06380270537527226,53.866059204,marka,15,0,0,-0.010165403215215463,0,0,0,1.9898345967847846,1,10,35.25478452384373,35.72886911927747,35.89930612779004,0,41.23830192235765,0,10,10,61.34999999999999,false,false,false,0,0,0,0,false,false,0.77,0.52
R5,1,1922-10,10,13.206309900399999,91.86767070801992,54.02721234831999,99.66032975825657,3.1190584139543707,3.1190584139543707,43.634658135828,-0.07288377397681575,53.7562414428,marka,15,0,0,-0.013349052681715535,0,0,0,1.9866509473182845,1,10,35.30919401257598,35.904270365563015,36.09146774095262,0,41.90599750706546,0,10,10,61.499999999999986,false,false,false,0,0,0,0,false,false,0.8,0.55
R5,1,1922-11,11,13.744416930279998,91.43305913972652,53.92285934681199,99.58094985801857,3.146936071143235,3.146936071143235,43.513841765378395,-0.0796504491110408,53.67936900996,marka,15,0,0,-0.016983512087171703,0,0,0,1.9830164879128283,1,10,35.366037233245976,36.089548011362915,36.29338201620803,0,42.56676903641726,0,10,10,61.649999999999984,false,false,false,0,0,0,0,false,false,0.83,0.58
R5,1,1922-12,12,14.121091851195999,91.13126970043977,53.833669034859994,99.49661212595282,3.176578493981238,3.176578493981238,43.39615598497404,-0.08469263668000795,53.625558306972,marka,15,0,0,-0.020952507099071482,0,0,0,1.9790474929009285,1,10,35.42439193928747,36.28174382877312,36.5021794394884,0,43.22114769154382,0,10,10,61.79999999999998,false,false,false,0,0,0,0,false,false,0.86,0.61
R5,1,1923-01,13,18.8847642958372,87.47967043211912,53.75993556886611,99.40861253951228,3.2075341763869916,3.2075341763869916,43.281145913928235,-0.0884448068735819,53.5878908148804,marka,30,0,0,-0.025169393702358888,0,0,0,1.974830606297641,1,10,35.505493599091885,36.547628261333614,36.78248473428587,0,43.86965384351495,0,10,10,61.94999999999998,false,false,false,0,0,0,0,false,false,0.89,0.64
R5,1,1923-02,14,22.219335007086038,85.0929192127991,53.56541196933116,99.29055128955805,3.249101437440511,3.249101437440511,43.168347846862254,-0.11876360301005535,53.11152357041628,marka,30,0,0,-0.02956937302438618,0,0,0,1.9704306269756138,1,10,35.602845058837254,36.86655350760439,37.11446676709598,0,44.49676340609546,0,10,10,62.09999999999998,false,false,false,0,0,0,0,false,false,0.9199999999999999,0.6699999999999999
R5,1,1923-03,15,24.553534504960226,83.49823263815794,53.329208328319226,99.15077455253395,3.2983728508056847,3.2983728508056847,43.06138548778232,-0.1407754667576398,52.7780664992914,marka,30,0,0,-0.035472435522097355,1,0,0,0.9645275644779026,1,10,35.710972390396215,37.22122456152382,37.48134063467974,0,45.10741829769835,0,10,10,62.24999999999998,false,false,false,0,0,0,0,false,false,0.95,0.7
R5,1,1923-04,16,26.187474153472156,82.41705501887833,53.09383979467465,98.9950324680465,3.3533494556951666,3.3533494556951666,42.96150923793274,-0.15707601396994808,52.54464654950398,marka,30,0,0,-0.0424612723733027,1,0,0,0.9575387276266973,1,10,35.82632954648738,37.60037176359099,37.87216893114038,0,45.70561612122231,0,10,10,62.39999999999998,true,true,false,0,0,0,0,false,false,0.98,0.73
R5,1,1923-05,17,27.331231907430507,81.67674060956841,52.88006363166809,98.82747747259099,3.412589042720265,3.412589042720265,42.8686940440925,-0.1692559629288536,52.381252584652785,marka,30,0,0,-0.05024837659767485,1,0,0,0.9497516234023251,1,10,35.94655948943082,37.99645674491217,38.27963608491606,0,46.294535900032585,0,10,10,62.549999999999976,true,true,false,0,0,0,0,false,false,1.01,0.76
R5,1,1923-06,18,28.131862335201355,81.16638446097755,52.69610758494474,98.65118395766771,3.475023834947216,3.475023834947216,42.782292135142455,-0.1783851206484314,52.26687680925695,marka,30,0,0,-0.05862612637045075,1,0,0,0.9413738736295492,1,10,36.07006771402429,38.4043464518061,38.69876150607536,0,46.87666400279433,0,10,10,62.699999999999974,true,true,false,0,0,0,0,false,false,1.04,0.79
R5,1,1923-07,19,37.69230363464095,75.53072848280493,52.54331943940527,98.46845502280902,3.5398533936355188,3.5398533936355188,42.701408907594114,-0.18522731053800845,52.186813766479865,marka,60,0,0,-0.0674408021166144,1,0,0,0.9325591978833856,1,10,36.22922094861969,38.92614666149415,39.22801716275487,0,47.453915122286,0,10,10,62.84999999999997,true,true,false,0,0,0,0,false,false,1.0699999999999998,0.82
R5,1,1923-08,20,44.38461254424867,72.0298362598215,52.14955449854446,98.23941308296952,3.6212649268267874,3.6212649268267874,42.62510932441196,-0.23260438054648144,51.2307696365359,marka,60,0,0,-0.07657724885954878,1,0,0,0.9234227511404511,1,10,36.41282411558215,39.52625570289336,39.83321758405189,0,48.00290370742108,0,10,10,62.99999999999997,true,true,false,0,0,0,0,false,false,1.1,0.85
R5,1,1923-09,21,49.069228780974065,69.76624273867156,51.67314977265366,97.97758737143275,3.714546224181929,3.714546224181929,42.56062268945563,-0.26651799244326113,50.561538745575135,marka,60,0,0,-0.088029345851524,2,0,0,-0.088029345851524,1,10,36.61232095238787,40.1775714967975,40.488074263749716,0,48.536675091493024,0,10,10,63.14999999999997,true,true,false,0,0,0,0,false,false,1.13,0.88
R5,1,1923-10,22,70.34846014668184,61.051329674743634,51.19912797742833,97.69171541011845,3.816666708207217,3.816666708207217,42.51042819627602,-0.29177281150082257,50.093077121902596,marka,120,0,0,-0.10112063142836263,2,0,0,-0.10112063142836258,1,10,39.39444089829771,49.007605145315274,49.009760423896495,0,49.06407532586807,0,10,10,63.29999999999997,true,true,false,0,0,0,0,true,true,1.16,0.9099999999999999
R5,1,1923-11,23,85.24392210267729,56.14219285551228,50.22893577979937,97.33162136056615,3.945677563236436,3.945677563236436,42.47445435695317,-0.36860244294062594,47.96515398533182,marka,120,0,0,-0.1154142294940776,3,0,0,-1.1154142294940776,1,10,39.685262256947645,49.94926671571964,49.944431984118964,0,49.82673436168949,0,10,10,63.44999999999997,true,true,false,0,0,0,0,true,false,1.19,0.94
R5,1,1923-12,24,95.6707454718741,53.15051043997227,49.10293738277924,96.92046492984566,4.093527510397055,4.093527510397055,42.467586283559186,-0.4224284204589112,46.47560778973227,marka,120,0,0,-0.1334189319716927,3,0,0,-1.1334189319716927,1,10,39.99788787892575,50.9601814805005,50.945645506600194,0,50.605084956454185,0,10,10,63.599999999999966,true,true,false,1,0,0,0,true,false,1.22,0.97
R5,1,1924-01,25,102.96952183031186,51.239220086918706,45.00193380378924,96.47147907746773,4.255665659905542,4.255665659905542,42.49449816207581,-0.4632518557385332,35.43292545281259,stabilizing,120,10,0,-0.15397675350771678,3,3,2,-0.15397675350771678,1,18,40.4313034246312,52.016466153516376,51.99021792391015,0,51.399682982471724,0,10,10,63.749999999999964,true,true,false,1,0,0,0,true,false,1.25,1
R5,1,1924-02,26,108.07866528121829,49.98109722563053,41.91226800774311,95.95047787765343,4.4446856911922765,4.4446856911922765,42.64444014796213,-0.5400572322478117,34.70304781696881,stabilizing,120,10,0,-0.1764260461266133,3,3,2,-0.1764260461266134,1,18,40.77142678147852,53.11135422464713,53.07175513458918,0,52.23481466553378,0,10,10,63.89999999999996,true,true,false,0,0,0,0,true,false,1.28,1.03
R5,1,1924-03,27,111.6550656968528,49.136551330624,39.59622764698362,95.37830984529405,4.653396284151625,4.653396284151625,42.887072107729836,-0.5963159798838533,34.19213347187817,stabilizing,120,10,0,-0.20247610611732866,3,3,2,-0.20247610611732858,1,18,41.121407753397044,54.23297849451433,54.178615621838,0,53.09366193259544,0,10,10,64.04999999999997,true,true,false,0,0,0,0,true,false,1.31,1.06
R5,1,1924-04,28,78.15854598779696,58.37497125011535,40.86770738198295,94.77641874007203,4.87426608900496,4.87426608900496,43.19918527832033,-0.6310565852952457,43.83449343031472,zloty,0,0,0,-0.23108450773529726,3,3,0,1.7689154922647028,1,18,41.41743120214284,55.17591397193869,55.11509266866751,0,53.97105769754868,0,10,10,64.19999999999997,true,true,false,0,0,0,0,true,false,1.3399999999999999,1.0899999999999999
R5,1,1924-05,29,54.710982191457866,67.222118641389,42.762638787754156,94.25990183524435,5.065010705749227,5.065010705749227,43.47315405686084,-0.5449846192693328,47.184145401220306,zloty,0,0,0,-0.2611790629963984,3,3,0,1.7388209370036016,1,18,41.655014872707376,55.92684390748305,55.86827361515348,0,54.82454827083515,0,10,10,64.34999999999998,true,true,false,0,0,0,0,true,false,1.37,1.12
R5,1,1924-06,30,38.297687534020504,75.20010048932782,44.792517685684174,93.83970677491764,5.221034919917629,5.221034919917629,43.69027489322822,-0.4457834690525756,49.52890178085421,zloty,0,0,0,-0.2870049082377825,2,3,0,2.7129950917622176,1,18,41.83864875328297,56.50085400478069,56.452934728619425,0,55.645614080186,0,10,10,64.49999999999999,true,true,false,0,0,0,0,true,false,1.4,1.15
R5,1,1924-07,31,26.80838127381435,82.01350648537597,46.70583175395831,93.5098494789745,5.344063920697669,5.344063920697669,43.846499362657696,-0.3515114308001148,51.17023124659795,zloty,0,0,0,-0.3080146612541178,1,0,0,0.6919853387458823,1,18,41.97559155408224,56.92209837546319,56.89236335253652,0,56.43460832167759,0,10,10,64.64999999999999,true,true,false,0,0,0,0,true,false,1.43,1.18
R5,1,1924-08,32,18.765866891670044,87.56724698928993,48.389830789556385,93.25895837124185,5.437970485830335,5.437970485830335,43.94532441003895,-0.26830447180761763,52.319161872618565,zloty,0,0,0,-0.3245075260512749,1,0,0,0.6754924739487251,1,18,42.074000504724914,57.21770671824373,57.21251569993191,0,57.195823797858026,0,10,10,64.8,true,true,false,0,0,0,0,true,false,1.46,1.21
R5,1,1924-09,33,13.13610682416903,91.92467632073645,49.80990554593936,93.07373249932104,5.5074855826151525,5.5074855826151525,44.993629486352255,-0.1986145622423348,53.123413310832994,zloty,0,0,0,-0.3370520814379077,0,0,0,1.6629479185620923,1,18,42.148137539317666,57.41397074022141,57.438437175240196,0,57.935128931603636,0,10,10,64.95,false,false,false,0,0,0,0,true,false,1.49,1.24
R5,1,1924-10,34,9.19527477691832,95.24221649010724,50.972850677432476,92.94114523861398,5.557344484800909,5.557344484800909,45.99933231997407,-0.142454006245018,53.6863893175831,zloty,0,0,0,-0.34631337503394805,0,0,0,1.653686624966052,1,18,42.202839017764425,57.534055861512144,57.59213557953482,0,58.658418813586415,0,10,10,65.10000000000001,false,false,false,0,0,0,0,true,false,1.52,1.27
R5,1,1924-11,35,6.436692343842823,97.7106651003668,51.90513723089518,92.8496265502445,5.591808812572088,5.591808812572088,46.9701467996511,-0.09846950791765495,54.08047252230817,zloty,0,0,0,-0.35294273806930077,0,0,0,1.6470572619306991,1,18,42.24389484041781,57.59707472339039,57.691736798487725,0,59.37080686367294,0,10,10,65.25000000000001,false,false,false,0,0,0,0,true,false,1.55,1.3
R5,1,1924-12,36,4.505684640689976,99.5161175753945,52.64049529131134,92.7895179111558,5.614466979828862,5.614466979828862,47.912992682724244,-0.06473762073363795,54.356330765615716,zloty,0,0,0,-0.3575186724877753,0,0,0,1.6424813275122248,1,18,42.27586865699633,57.61808145551089,57.75150145108802,0,60.076343450680774,0,10,10,65.40000000000002,false,false,false,0,0,0,0,true,false,1.58,1.33
R5,1,1925-01,37,3.153979248482983,100.82015328703812,53.21317616469723,92.75308537813916,5.628209250338372,5.628209250338372,48.8337778239849,-0.03926363002717389,54.549431535931,zloty,0,0,0,-0.3605241044422101,0,0,0,1.63947589555779,1,18,42.299691564201915,57.600347992154504,57.77455025077905,0,60.778038590255505,0,10,10,65.55000000000003,false,false,false,0,0,0,0,true,false,1.6099999999999999,1.3599999999999999
R5,1,1925-02,38,2.207785473938088,101.7535009860075,53.65460393783357,92.7343111044049,5.635293646270005,5.635293646270005,49.737382539043985,-0.020241131233236544,54.6846020751517,zloty,0,0,0,-0.3623457310930419,0,0,0,1.637654268906958,1,18,42.31759421340814,57.55128516054009,57.76789892257808,0.0019487410746914491,61.478011392747625,0.0010787046309598531,10,10,65.70000000000003,false,false,false,0,0,0,0,true,false,1.64,1.39
R5,1,1925-03,39,1.5454498317566616,102.41719365299984,53.99198919226535,92.72860522433342,5.637447172835558,5.637447172835558,49.627744420908975,-0.006152933044436478,54.779221452606194,zloty,0,0,0,-0.36328444477975524,0,0,0,1.6367155552202448,1,18,42.32805900225107,57.47984611423287,57.74001004693829,0.005877178902193578,62.17771740518798,0.003251678488965607,10,10,65.85000000000004,false,false,false,0,0,0,0,true,false,1.67,1.42
R5,1,1925-04,40,1.0818148822296632,102.88695362382475,54.248028939633045,92.73251594857557,5.635971087347766,5.635971087347766,49.507984745141016,0.004217387107978993,54.84545501682433,zloty,0,0,0,-0.36356973878332893,0,0,0,1.636430261216671,1,18,42.333292377126256,57.39330969428764,57.697734471981306,0.011780212307972795,62.877717405187994,0.006512889506315591,10,10,66.00000000000004,false,false,false,0,0,0,0,true,false,1.7,1.45
R5,1,1925-05,41,0.7572704175607642,103.21835791005518,54.441165811276235,92.74347328116045,5.631835465267983,5.631835465267983,49.380543876952025,0.01181606308509369,54.89181851177703,zloty,0,0,0,-0.3633742025712216,0,0,0,1.6366257974287783,1,18,42.334894231256605,57.2969956724217,57.64604416160184,0.019650056536722076,63.577717405187975,0.010854133187200268,10,10,66.15000000000005,false,false,false,0,0,0,0,true,false,1.73,1.48
R5,1,1925-06,42,0.5300892922925349,103.4516140711053,50.986097955366546,92.38860368975547,5.7657579426106285,5.7657579426106285,49.24730890261374,-0.38263564955041507,42.924272958243925,zloty,0,12,-0.4,-0.3628263359419776,0,0,0,1.6371736640580223,1,18,42.35610192813947,57.26040848895987,57.65578763511187,0.02931004666040657,64.20665494931146,0.016192773875808496,10,10,66.30000000000005,false,false,false,0,0,0,0,true,false,1.76,1.51
R5,1,1925-07,43,0.3710625046047744,103.61552165020548,48.5743658899878,91.9889346385692,5.917166408945859,5.917166408945859,49.217725963952745,-0.43259561810065944,42.94699107077075,zloty,0,12,-0.4,-0.38056981551222646,0,0,0,1.6194301844877734,1,18,42.3789353158531,57.227647072621316,57.67086447661377,0.04097369453632709,64.81327744729838,0.02264245007584592,10,10,66.45000000000006,false,false,false,0,0,0,0,true,false,1.79,1.54
R5,1,1925-08,44,0.2597437532233421,103.73056633376487,46.89092424785332,91.55892285337254,6.080777527402848,6.080777527402848,49.26049498725311,-0.4674603384485391,42.962893749539525,zloty,0,12,-0.4,-0.40055326807153974,0,0,0,1.5994467319284602,1,18,42.403323329118756,57.197535641836865,57.69012391169919,0.054705534046532896,65.4000868243513,0.030240889816330874,10,10,66.60000000000007,false,false,false,0,0,0,0,true,false,1.8199999999999998,1.5699999999999998
R5,1,1925-09,45,0.18182062725633946,103.81124973457,45.715854660900625,91.10864375659081,6.252904589367076,6.252904589367076,49.35376725981751,-0.49179160561208124,42.974025624677665,zloty,0,12,-0.4,-0.4220538573313732,0,0,0,1.5779461426686268,1,18,42.42921866849278,57.16926168078188,57.71276969705673,0.07057317641630131,65.96966948593824,0.03902774098120923,10,10,66.75000000000007,false,false,false,0,0,0,0,true,false,1.8499999999999999,1.5999999999999999
R5,1,1925-10,46,0.1272744390794376,103.86780283655568,44.89564364381275,90.64510832156853,6.430974853140552,6.430974853140552,49.48229161999049,-0.5087721822099307,42.981817937274364,zloty,0,12,-0.4,-0.4445678121704596,0,0,0,1.5554321878295405,1,18,42.45658951619212,57.142262727571946,57.73824969065242,0.08864637375668741,66.5243959765752,0.04904406066598069,10,10,66.90000000000008,false,false,false,0,0,0,0,true,false,1.88,1.63
R5,1,1925-11,47,0.08909210735560633,103.90742668386838,44.32313231749654,90.17318910938519,6.6131928760681795,6.6131928760681795,49.635422310676105,-0.5206229226503634,42.98727255609206,zloty,0,12,-0.4,-0.4677445839215736,0,0,0,1.5322554160784265,1,18,42.48541429679222,57.11614893851971,57.76618042162551,0.1089963380248633,67.06631639412652,0.06033195402481948,10,10,67.05000000000008,false,false,false,0,1,0,0,true,false,1.91,1.66
R5,1,1925-12,48,0.062364475148924424,103.93518136964376,43.923519859026904,89.69626888167676,6.798305636686491,6.798305636686491,49.80572834115121,-0.5288936017666049,42.99109078926444,zloty,0,12,-0.4,-0.49134054453074044,0,0,2,-0.4913405445307404,1,18,42.515678293510994,57.09064987773955,57.79629527000815,0.13169526171684084,67.59715140424389,0.07293432749484205,10,10,67.20000000000009,false,false,false,0,1,0,0,true,false,1.94,1.69
R5,1,1926-01,49,0.043655132604247096,103.9546184734572,45.44459296706436,89.39608618966369,6.915438649591597,6.915438649591597,49.9880227453804,-0.3346657511574464,48.993763552485106,zloty,0,6,-0.2,-0.5151865559161621,0,0,2,-0.5151865559161621,1,18,42.53569160769751,57.03057782998839,57.79283566923485,0.1569178151899341,68.18349152026835,0.08689766139729849,10,10,67.3500000000001,false,false,false,0,0,0,0,true,false,1.97,1.72
R5,1,1926-02,50,0.030558592822972967,103.96822877230424,46.50990542296692,89.11744381179236,7.024531604788829,7.024531604788829,50.12468495636847,-0.311694157706377,48.995634486739576,zloty,0,6,-0.2,-0.5301956905168155,0,0,2,-0.5301956905168155,1,18,42.55513304287517,56.96607744441788,57.785869489425686,0.18460130721165383,68.77008546416997,0.10221585281420682,10,10,67.5000000000001,false,false,false,0,0,0,0,true,false,2,1.75
R5,1,1926-03,51,0.021391014976081077,103.97775810219258,47.25601703829216,89.12135999901217,7.127993560755801,6.627993560755801,50.229387793679464,-0.2956055884770622,48.9969441407177,zloty,0,6,-0.2,-0.5441278094103822,0,0,1,0.4558721905896177,1,18,42.55595497702372,56.89630734891293,57.720842067811475,0.2132226179573317,69.47008546416997,0.11793094036206113,10,10,67.6500000000001,false,false,false,0,0,2,0,true,false,2.0300000000000002,1.78
R5,1,1926-04,52,0.014973710483256754,103.9844296725532,47.77857019635523,89.13531847195286,7.227511748618628,6.727511748618628,50.3117072825307,-0.284337679608077,48.997860898502395,zloty,0,6,-0.2,-0.5439320000493915,0,0,1,0.45606799995060854,1,18,42.5736699391006,56.82653355266775,57.706202443036716,0.24400928951511447,70.038837102488,0.13492445961983623,10,10,67.80000000000011,false,false,false,0,0,2,0,true,false,2.06,1.81
R5,1,1926-05,53,0.010481597338279728,103.98910028123285,48.14454992613416,89.15631339624258,7.324267852004614,6.824267852004614,50.37835017664004,-0.2764460096742459,48.99850262895168,zloty,0,6,-0.2,-0.5432340764023571,0,0,1,0.4567659235976429,1,18,42.59143151017935,56.75523859592376,57.69084416789906,0.27716444150559083,70.60467345475074,0.15321674721676282,10,30,67.95000000000012,false,false,false,0,0,2,0,true,false,2.09,1.8399999999999999
R5,1,1926-06,54,0.007337118136795809,103.99236995696305,48.400870500373756,89.18224098933756,7.419089484104958,6.919089484104958,50.43401367885602,-0.2709189488581248,48.99895184026617,zloty,0,6,-0.2,-0.5421843301878709,0,0,1,0.45781566981212896,1,18,42.60933673052017,56.68287831326504,57.67520458112484,0.31271932284966913,71.16691230644757,0.1728246526517971,10,30,68.10000000000012,false,false,false,0,0,2,0,true,false,2.12,1.8699999999999999
R5,1,1926-07,55,0.005135982695757066,103.99465885231686,50.38038923671752,89.65753954163989,7.3375562780985,6.8375562780985,50.481987563844804,0.2329520171613107,54.99926628818632,zloty,0,0,0.3,-0.5408879505331221,0,0,1,0.4591120494668779,1,18,42.61163835152243,56.5755901505203,57.61142182091638,0.3504104641395925,71.86691230644756,0.19344053842064018,10,30,68.25000000000013,false,false,false,0,0,2,0,true,false,2.15,1.9
R5,1,1926-08,56,0.003595187887029946,103.99626113901658,51.76611838622138,90.1620094414089,7.245624189819246,6.745624189819246,50.470575886743276,0.26266310936929765,54.99948640173042,zloty,0,0,0.3,-0.5171230229180054,0,0,1,0.4828769770819945,1,18,42.6136294056596,56.47063666126602,57.54684053881706,0.3899558101944952,72.56691230644756,0.2150298303776264,10,30,68.40000000000013,false,false,false,0,0,2,0,true,false,2.1799999999999997,1.93
R5,1,1926-09,57,0.0025166315209209623,103.99738276908434,52.73617501471835,90.68807038313197,7.1464125371023375,6.6464125371023375,50.417592335156634,0.28346186490545333,54.999640481211294,zloty,0,0,0.3,-0.4918995279295551,0,0,1,0.508100472070445,1,18,42.61511842147908,56.36767042370017,57.48141441998986,0.4312457852035905,73.26691230644757,0.2375276333418317,10,30,68.55000000000014,false,false,false,0,0,2,0,true,false,2.21,1.96
R5,1,1926-10,58,0.0017616420646446734,103.99816792452741,53.415247011357216,91.2304047118836,7.04210494652163,6.54210494652163,50.33550708471508,0.2980216873734499,54.99974833684791,zloty,0,0,0.3,-0.4655964808434014,0,0,1,0.5344035191565986,1,18,42.615971364094804,56.26642781434645,57.41511104712651,0.47417749957933075,73.96691230644758,0.26087291037712734,10,30,68.70000000000014,false,false,false,0,0,2,0,true,false,2.24,1.99
R5,1,1926-11,59,0.0012331494452512714,103.99871754039161,53.89062005868811,91.7852808499054,6.934230029523328,6.434230029523328,50.233049674374364,0.3082140485665775,54.999823835793535,zloty,0,0,0.3,-0.4384797644058203,0,0,1,0.5615202355941797,1,18,42.616094406137556,56.16670981851745,57.34790773166481,0.51865327932758,74.66691230644759,0.28500766362570706,10,30,68.85000000000015,false,false,false,0,0,2,0,true,false,2.27,2.02
R5,1,1926-12,60,0.00086320461167589,103.99910227495309,54.223397046598315,92.3500806955812,6.823857865102119,6.323857865102119,50.11633107261372,0.31534904120345447,54.999876685055476,zloty,0,0,0.3,-0.41073595750472974,0,0,1,0.5892640424952702,1,18,42.615421866609694,56.06836675677697,57.279788594784385,0.5645794760712383,75.36691230644757,0.30987627362893233,10,30,69.00000000000016,false,false,false,0,0,2,0,true,false,2.3,2.05
R5,1,1927-01,61,0.0006042432281731229,103.99937159083986,54.45635203648047,92.92296867136656,6.711737544237609,6.211737544237609,49.98962916121577,0.3203437738985994,54.999913679538835,zloty,0,0,0.3,-0.3824959652209401,0,0,1,0.6175040347790599,1,18,42.61390776763574,55.97128632922072,57.21074252386809,0.6118655216812422,76.06691230644758,0.3354249764786627,10,30,69.15000000000016,false,false,false,0,0,2,0,true,false,2.33,2.08
R5,1,1927-02,62,0.000422970259721186,103.9995601127905,54.61942829823948,93.50265955447567,6.598393455591735,6.098393455591735,49.855938600121355,0.32384025327392585,54.99993957567718,zloty,0,0,0.3,-0.3538515664316719,0,0,1,0.6461484335683281,1,18,42.611519923932924,55.87538437533326,57.140761742038656,0.6604231878409049,76.76691230644758,0.3616014562662611,10,30,69.30000000000017,false,false,false,0,0,2,0,true,false,2.36,2.11
R5,1,1927-03,63,0.0002960791818048302,103.99969207856266,54.73358711965984,94.08825540247017,6.484192688710164,5.984192688710164,49.71735575117417,0.3262879053759162,54.99995770297403,zloty,0,0,0.3,-0.3248670222762165,0,0,1,0.6751329777237836,1,18,42.608235805290825,55.78059780397498,57.069840806930834,0.7101660126615588,77.4669123064476,0.3883545314047022,10,30,69.45000000000017,false,false,false,0,0,2,0,true,false,2.3899999999999997,2.1399999999999997
R5,1,1927-04,64,0.0002072554272633811,103.99978445480241,54.81350210138643,94.67913091040133,6.369392218511974,5.869392218511974,49.57534813758437,0.3280013434233988,54.99997039208182,zloty,0,0,0.3,-0.2955872298764916,0,0,1,0.7044127701235083,1,18,42.60403964021645,55.68687922756687,56.99797590994277,0.7610088607542641,78.16691230644759,0.4156339158709992,10,30,69.60000000000018,false,false,false,0,0,2,0,true,false,2.42,2.17
R5,1,1927-05,65,0.00014507879908436677,103.99984911826787,54.86944525330769,95.27485276630091,6.254171936006249,5.754171936006249,49.430943074542775,0.32920080715921574,54.999979274457274,zloty,0,0,0.3,-0.26604345447993366,0,0,1,0.7339565455200663,1,18,42.598920388428965,55.59419291689344,56.92516438581015,0.8128675882859626,78.86691230644759,0.443390039333993,10,30,69.75000000000018,false,false,false,0,0,2,0,true,false,2.45,2.2
R5,1,1927-06,66,0.00010155515935905674,103.99989438274156,54.908607324951404,95.87512289812479,6.138657770895233,5.638657770895233,49.284859716943544,0.33004047174575835,54.99998549212009,zloty,0,0,0.3,-0.2362573616849545,0,0,1,0.7637426383150454,1,18,42.59287032156998,55.50251176863409,56.85140436938737,0.8656587896211623,79.56691230644759,0.47157391300643725,10,30,69.90000000000019,false,false,false,0,0,2,0,true,false,2.48,2.23
R5,1,1927-07,67,0.00007108861155133971,103.99992606789657,54.9360220808112,96.1921131534683,6.127937878167562,5.627937878167562,49.137601497195,0.030628264936203534,54.99998984448406,zloty,0,0,0,-0.2062438550937607,0,0,1,0.7937561449062394,1,18,42.586166723912235,55.38523135568303,56.777555553125865,0.9203194056097793,80.2669123064476,0.5006994362493956,10,30,70.0500000000002,false,false,false,0,0,2,0,true,false,2.51,2.26
R5,1,1927-08,68,0.0000497620280859378,103.99994824751658,54.95521332390949,96.51054727451671,6.117073969253193,5.617073969253193,48.989520834770666,0.03103973975534052,54.999992891138845,zloty,0,0,0,-0.1903943423265851,0,0,1,0.809605657673415,1,18,42.57880580886314,55.268080539535575,56.70361702503899,0.9768404831827228,80.9669123064476,0.5307576278711212,10,30,70.2000000000002,false,false,false,0,0,2,0,true,false,2.54,2.29
R5,1,1927-09,69,0.000034833419660156455,103.9999637732562,54.96864783387579,96.83031353390226,6.106109244209621,5.606109244209621,48.84086443505338,0.03132778583877503,54.99999502379719,zloty,0,0,0,-0.17447263627416448,0,0,1,0.8255273637258356,1,18,42.57078492568521,55.151050269176814,56.6295881467165,1.0352133678688957,81.66691230644761,0.5617396852406907,10,30,70.35000000000021,false,false,false,0,0,2,0,true,false,2.57,2.32
R5,1,1927-10,70,0.000024383393762109517,103.9999746412767,54.97805243871046,97.1513345181957,6.095073944516656,5.595073944516656,48.69180500003711,0.03152942769418647,54.99999651665804,zloty,0,0,0,-0.1584843233048872,0,0,1,0.8415156766951128,1,18,42.562102218776516,55.034133936585306,56.555468471258045,1.0954296248102664,82.3669123064476,0.5936369402670141,10,30,70.50000000000021,false,false,false,0,0,2,0,true,false,2.6,2.35
R5,1,1927-11,71,0.000017068375633476662,103.99998224889241,54.98463597559551,97.47355691647509,6.083989240217852,5.583989240217852,48.54246342687579,0.031670583710870504,54.99999756166062,zloty,0,0,0,-0.14243327409021517,0,0,1,0.8575667259097848,1,18,42.552756389155775,54.917326722522894,56.48125768582446,1.157480980294781,83.0669123064476,0.626440826869343,10,30,70.65000000000022,false,false,false,0,0,2,0,true,false,2.63,2.38
R5,1,1927-12,72,0.000011947862943433663,103.99998757422405,54.98924467086559,97.79694434910061,6.072869951049077,5.572869951049077,48.392924347607924,0.03176939762507191,54.999998293162434,zloty,0,0,0,-0.1263221541762455,0,0,1,0.8736778458237544,1,18,42.54274652749421,54.80062511495226,56.406955571422166,1.2213592786048482,83.7669123064476,0.6601428570147263,10,30,70.80000000000022,false,false,false,0,0,2,0,true,false,2.66,2.41
R5,1,1928-01,73,0.000008363504060403562,103.99999130195653,54.99247091117002,98.12147233137466,6.061726451319205,5.561726451319205,48.243247007481955,0.03183857065677623,54.99999880521371,zloty,0,0,0,-0.11015278254496934,0,0,1,0.8898472174550307,1,18,42.53207199723239,54.68402655539677,56.332561974751464,1.2870564502539412,84.46691230644761,0.6947346031176894,10,30,70.95000000000023,false,false,false,0,0,2,0,true,false,2.69,2.44
R6,0,1922-01,1,5.199999999999999,98.85931558935361,54.879999999999995,100,3,3,44.85,0,54.6,marka,8,0,0,0,0,0,0,2,1,10,35.01320677946768,35.02281368821293,35.04312927756654,0,35.7,0,10,10,60.15,false,false,false,0,0,0,0,false,false,0.53,0.28
R6,0,1922-02,2,6.039999999999999,98.0761976612599,54.75999999999999,99.98907452471482,3.00382391634981,3.00382391634981,44.7036,-0.010925475285171161,54.48,marka,8,0,0,0,0,0,0,2,1,10,35.030478960658264,35.06128973498773,35.1014763390607,0,36.39913793089023,0,10,10,60.3,false,false,false,0,0,0,0,false,false,0.56,0.31
R6,0,1922-03,3,6.627999999999998,97.53535656675545,54.65079999999999,99.9700861807984,3.0104705628982824,3.0104705628982824,44.5608,-0.018990418709920957,54.396,marka,8,0,0,-0.0005462737642588422,0,0,0,1.9994537262357412,1,10,35.05030197601655,35.110582603652624,35.17035855436512,0,37.09618417203164,0,10,10,60.449999999999996,false,false,false,0,0,0,0,false,false,0.59,0.33999999999999997
R6,0,1922-04,4,7.039599999999998,97.16030328962366,54.556719999999984,99.94513849837014,3.019204864511367,3.019204864511367,44.421276,-0.024955147465956527,54.3372,marka,8,0,0,-0.0014956909600797985,0,0,0,1.9985043090399202,1,10,35.071644770839626,35.16737653786015,35.246572197399885,0,37.79043999640927,0,10,10,60.599999999999994,false,false,false,0,0,0,0,false,false,0.62,0.37
R6,0,1922-05,5,7.327719999999998,96.89947760000865,54.478515999999985,99.91578783574015,3.029483235300421,3.029483235300421,44.2845744,-0.02936677368301099,54.29604,marka,8,0,0,-0.0027430750814929185,0,0,0,1.997256924918507,1,10,35.093800717691245,35.229386985859975,35.32791043192052,0,38.48154051859866,0,10,10,60.74999999999999,false,false,false,0,0,0,0,false,false,0.65,0.4
R6,0,1922-06,6,7.529403999999998,96.71773127283399,54.415129599999986,99.88318887197079,3.0409024890203966,3.0409024890203966,44.15021892,-0.03262643919993101,54.267228,marka,8,0,0,-0.004210608212992639,0,0,0,1.9957893917870073,1,10,35.11628325933444,35.2950323604033,35.41284591205857,0,39.16932797102084,0,10,10,60.89999999999999,false,false,false,0,0,0,0,false,false,0.6799999999999999,0.43
R6,0,1922-07,7,9.770582799999998,94.7430516876148,54.364708599999986,99.84819858650013,3.0531634110564614,3.0531634110564614,44.017765032,-0.03503120581732831,54.2470596,marka,15,0,0,-0.005840556401460617,0,0,0,1.9941594435985395,1,10,35.15052008826852,35.400171326651,35.53614695773544,0,39.85376953865708,0,10,10,61.04999999999999,false,false,false,0,0,0,0,false,false,0.71,0.45999999999999996
R6,0,1922-08,8,11.339407959999999,93.408077073091,54.262178535999986,99.79669193569569,3.07121814618114,3.07121814618114,43.886823774,-0.05158495749908185,54.02294172,marka,15,0,0,-0.007590070674993399,0,0,0,1.9924099293250066,1,10,35.192456494076396,35.53200978518918,35.68543489663461,0,40.5275882215893,0,10,10,61.19999999999999,false,false,false,0,0,0,0,false,false,0.74,0.49
R6,0,1922-09,9,12.437585572,92.49576062214805,54.14334273639999,99.73301894636569,3.093549093062485,3.093549093062485,43.75895841792,-0.06380270537527226,53.866059204,marka,15,0,0,-0.010165403215215463,0,0,0,1.9898345967847846,1,10,35.23942688106597,35.68209457274622,35.8525315812588,0,41.19152737582641,0,10,10,61.34999999999999,false,false,false,0,0,0,0,false,false,0.77,0.52
R6,0,1922-10,10,13.206309900399999,91.86767070801992,54.02721234831999,99.66032975825657,3.1190584139543707,3.1190584139543707,43.634658135828,-0.07288377397681575,53.7562414428,marka,15,0,0,-0.013349052681715535,0,0,0,1.9866509473182845,1,10,35.28964858961847,35.844741158585826,36.03193853397544,0,41.846468300088276,0,10,10,61.499999999999986,false,false,false,0,0,0,0,false,false,0.8,0.55
R6,0,1922-11,11,13.744416930279998,91.43305913972652,53.92285934681199,99.58094985801857,3.146936071143235,3.146936071143235,43.513841765378395,-0.0796504491110408,53.67936900996,marka,15,0,0,-0.016983512087171703,0,0,0,1.9830164879128283,1,10,35.3419152282333,36.01607997579129,36.2199139806364,0,42.49330100084564,0,10,10,61.649999999999984,false,false,false,0,0,0,0,false,false,0.83,0.58
R6,0,1922-12,12,14.121091851195999,91.13126970043977,53.833669034859994,99.49661212595282,3.176578493981238,3.176578493981238,43.39615598497404,-0.08469263668000795,53.625558306972,marka,15,0,0,-0.020952507099071482,0,0,0,1.9790474929009285,1,10,35.39540363652554,36.1934545817825,36.413890192497774,0,43.13285844455319,0,10,10,61.79999999999998,false,false,false,0,0,0,0,false,false,0.86,0.61
R6,0,1923-01,13,18.8847642958372,87.47967043211912,53.75993556886611,99.40861253951228,3.2075341763869916,3.2075341763869916,43.281145913928235,-0.0884448068735819,53.5878908148804,marka,30,0,0,-0.025169393702358888,0,0,0,1.974830606297641,1,10,35.47142340513502,36.443861173140114,36.67871764609237,0,43.765886755321446,0,10,10,61.94999999999998,false,false,false,0,0,0,0,false,false,0.89,0.64
R6,0,1923-02,14,22.219335007086038,85.0929192127991,53.56541196933116,99.29055128955805,3.249101437440511,3.249101437440511,43.168347846862254,-0.11876360301005535,53.11152357041628,marka,30,0,0,-0.02956937302438618,0,0,0,1.9704306269756138,1,10,35.561950906190766,36.74200278888413,36.98991604837573,0,44.372212687375196,0,10,10,62.09999999999998,false,false,false,0,0,0,0,false,false,0.9199999999999999,0.6699999999999999
R6,0,1923-03,15,24.553534504960226,83.49823263815794,53.329208328319226,99.15077455253395,3.2983728508056847,3.2983728508056847,43.06138548778232,-0.1407754667576398,52.7780664992914,marka,30,0,0,-0.035472435522097355,1,0,0,0.9645275644779026,1,10,35.66198951405561,37.07203813612097,37.332154209276894,0,44.9582318722955,0,10,10,62.24999999999998,false,false,false,0,0,0,0,false,false,0.95,0.7
R6,0,1923-04,16,26.187474153472156,82.41705501887833,53.09383979467465,98.9950324680465,3.3533494556951666,3.3533494556951666,42.96150923793274,-0.15707601396994808,52.54464654950398,marka,30,0,0,-0.0424612723733027,1,0,0,0.9575387276266973,1,10,35.768321344177416,37.42369703574341,37.695494203292796,0,45.52894139337472,0,10,10,62.39999999999998,true,true,false,1,0,0,0,false,false,0.98,0.73
R6,0,1923-05,17,27.331231907430507,81.67674060956841,49.88006363166809,98.82747747259099,3.412589042720265,3.412589042720265,42.8686940440925,-0.1692559629288536,42.381252584652785,stabilizing,30,10,0,-0.05024837659767485,1,3,2,1.9497516234023253,1,18,35.98614546709233,37.79016222355204,38.073341563555935,0,46.088241378672436,0,10,10,62.549999999999976,true,true,false,1,0,0,0,false,false,1.01,0.76
R6,0,1923-06,18,28.131862335201355,81.16638446097755,47.59610758494475,98.60671159280503,3.490773834947216,3.490773834947216,42.87229213514246,-0.2233851206484314,42.26687680925695,stabilizing,30,10,0,-0.05862612637045075,1,3,2,1.9413738736295492,1,18,36.09999310004501,38.16683453433249,38.461300512712796,0,46.60996425459504,0,10,10,62.699999999999974,true,true,false,0,0,0,0,false,false,1.04,0.79
R6,0,1923-07,19,37.69230363464095,75.53072848280493,45.97331943940528,98.3486308985432,3.582378393635519,3.582378393635519,42.944408907594116,-0.26172731053800835,42.186813766479865,stabilizing,60,10,0,-0.06966442035974865,1,3,2,1.9303355796402513,1,18,36.250078368885106,38.65621996467639,38.9582309538939,0,47.1027194468897,0,10,10,62.84999999999997,true,true,false,0,0,0,0,false,false,1.0699999999999998,0.82
R6,0,1923-08,20,26.384612544248665,82.28849850181598,47.550554498544464,98.02294509911519,3.6982824268267875,3.6982824268267875,43.06520932441196,-0.33115438054648133,51.2307696365359,zloty,0,0,0,-0.08256845507283969,1,3,0,3.9174315449271604,1,18,36.358277205622606,39.01044999464007,39.32524853389668,0,47.54861220877207,0,10,10,62.99999999999997,true,true,false,0,0,0,0,false,false,1.1,0.85
R6,0,1923-09,21,18.469228780974063,87.78650884296312,48.99384977265366,97.77452192788563,3.7869842199043444,3.7869842199043444,43.138692689455624,-0.2534336945073052,52.36153874557513,zloty,0,0,0,-0.09885274504424046,1,3,0,3.9011472549557595,1,18,36.432307734203675,39.25471981778081,39.586776786920424,0,48.05655099898686,0,10,10,63.14999999999997,true,true,false,0,0,0,0,false,false,1.13,0.88
R6,0,1923-10,22,12.928460146681843,92.09370238903043,50.241617977428334,97.59090119710378,3.852714283837616,3.852714283837616,43.168877196276014,-0.18780018266649018,53.15307712190259,zloty,0,0,0,-0.11127390360571851,0,3,0,4.888726096394281,1,18,36.479434382802914,39.4128457700002,39.76577959797907,0,48.61215896551937,0,10,10,63.29999999999997,false,false,false,0,0,0,0,false,false,1.16,0.9099999999999999
R6,0,1923-11,23,9.04992210267729,95.36916486934994,51.28127877979937,97.45951836191138,3.899833422766832,3.899833422766832,43.16162865695316,-0.1346261112263316,53.707153985331814,zloty,0,0,0,-0.12045494014481122,0,0,0,1.8795450598551888,1,18,36.50592870268016,39.5054624726132,39.88208323742788,0,49.2050984559637,0,10,10,63.44999999999997,false,false,false,0,0,0,0,false,false,1.19,0.94
R6,0,1923-12,24,6.334945471874102,97.80415980700182,52.12539748277924,97.36904912813921,3.932323047538705,3.932323047538705,43.12319029355918,-0.09282749934820986,54.09500778973227,zloty,0,0,0,-0.1270240819044311,0,0,0,1.872975918095569,1,18,36.516882317238505,39.54937927647317,39.951799352020686,0,49.82775416533222,0,10,10,63.599999999999966,false,false,false,0,0,0,0,false,false,1.22,0.97
R6,0,1924-01,25,4.434461830311871,99.5839861452843,52.79772987378925,97.30995998135037,3.953563063294509,3.953563063294509,43.0594283690758,-0.06068575930229678,54.36650545281259,zloty,0,0,0,-0.1315475435930395,0,0,0,1.8684524564069604,1,18,36.51625070735528,39.55769955356748,39.9874656231561,0,50.47435296276821,0,10,10,63.749999999999964,false,false,false,0,0,0,0,false,false,1.25,1
R6,0,1924-02,26,3.104123281218309,100.86890484131091,53.325377056743115,97.2745759753486,3.9662898202503194,3.9662898202503194,42.975496472862126,-0.03636216273088684,54.556553816968815,zloty,0,0,0,-0.13450200093248127,0,0,0,1.8654979990675187,1,18,36.50427147168936,39.53163240832816,39.99019640518659,0,51.140410223920284,0,10,10,63.89999999999996,false,false,false,0,0,0,0,false,false,1.28,1.03
R6,0,1924-03,27,2.172886296852816,101.7882569137165,53.73464024128363,97.25690302784012,3.9726486571467476,3.9726486571467476,42.87573516115983,-0.018168105418366016,54.68958767187817,zloty,0,0,0,-0.13627120123257014,0,0,0,1.8637287987674298,1,18,36.482977043012625,39.477984700916664,39.96648847330319,0,51.82237026110893,0,10,10,64.04999999999997,false,false,false,0,0,0,0,false,false,1.31,1.06
R6,0,1924-04,28,1.5210204077969713,102.44183872684225,54.04906157999295,97.25235690847751,3.974284676521602,3.974284676521602,42.76369595392132,-0.004674341071013614,54.782711370314715,zloty,0,0,0,-0.1371548486079938,0,0,0,1.8628451513920061,1,18,36.45479216814848,39.4047295391114,39.92396467290396,0,52.51742798568395,0,10,10,64.19999999999997,false,false,false,0,0,0,0,false,false,1.3399999999999999,1.0899999999999999
R6,0,1924-05,29,1.06471428545788,102.90436255155421,54.28871249376115,97.2574827237945,3.972439954791481,3.972439954791481,42.64222410652153,0.005270633514632266,54.847897959220305,zloty,0,0,0,-0.13738215457612454,0,0,0,1.8626178454238755,1,18,36.42145516797145,39.31784964311579,39.86810209779378,0,53.217427985683955,0,10,10,64.34999999999998,false,false,false,0,0,0,0,false,false,1.37,1.12
R6,0,1924-06,30,0.7452999998205159,103.23062217312894,54.47015731706907,97.26970369819657,3.968041999054883,3.968041999054883,42.513562731708696,0.012565587818851016,54.89352857145421,zloty,0,0,0,-0.1371258638102752,0,0,0,1.8628741361897247,1,18,36.3842023773142,39.22156534365809,39.80280549993311,0,53.917427985683965,0,10,10,64.49999999999999,false,false,false,0,0,0,0,false,false,1.4,1.15
R6,0,1924-07,31,0.5217099998743611,103.46023759457532,54.60675112195373,97.28711238500354,3.9617779310555097,3.9617779310555097,42.37945801219662,0.017897337141067483,54.925470000017945,zloty,0,0,0,-0.13651481509017174,0,0,0,1.8634851849098282,1,18,36.343908182497835,39.118713630044915,39.73084342549476,0,54.61742798568397,0,10,10,64.64999999999999,false,false,false,0,0,0,0,false,false,1.43,1.18
R6,0,1924-08,32,0.36519699991205273,103.62157710913587,54.709074485371374,97.30830459973384,3.9541538224004418,3.9541538224004418,42.24125547853801,0.021783167585908467,54.94782900001256,zloty,0,0,0,-0.13564438074982305,0,0,0,1.864355619250177,1,18,36.30118854323897,39.01129280640148,39.65417127086825,0,55.31742798568396,0,10,10,64.8,false,false,false,0,0,0,0,false,false,1.46,1.21
R6,0,1924-09,33,0.2556378999384369,103.73481449871045,54.7853962297626,97.33225094172224,3.9455407654466614,3.9455407654466614,43.099983243976865,0.02460873415365758,54.9634803000088,zloty,0,0,0,-0.13458477001330776,0,0,0,1.8654152299866922,1,18,36.26283616420893,38.90070622904068,39.574166380121866,0,56.01742798568395,0,10,10,64.95,false,false,false,0,0,0,0,false,false,1.49,1.24
R6,0,1924-10,34,0.1789465299569058,103.81422804131849,54.84210822383566,97.3581991936803,3.9362099546440183,3.9362099546440183,43.95642135708399,0.026659459436122548,54.974436210006154,zloty,0,0,0,-0.13338745291388818,0,0,0,1.866612547086112,1,18,36.22915442021373,38.787937313391424,39.49179708928047,0,56.71742798568396,0,10,10,65.10000000000001,false,false,false,0,0,0,0,false,false,1.52,1.27
R6,0,1924-11,35,0.12526257096983406,103.8698899054409,54.884107360786246,97.38560109470441,3.9263590479531896,3.9263590479531896,44.81115811036892,0.02814544768808278,54.98210534700431,zloty,0,0,0,-0.13209004031598467,0,0,0,1.8679099596840154,1,18,36.20035571796425,38.67367411172337,39.40774327862636,0,57.41742798568397,0,10,10,65.25000000000001,false,false,false,0,0,0,0,false,false,1.55,1.3
R6,0,1924-12,36,0.08768379967888384,103.90888873815027,54.915117275421274,97.41405787792351,3.9161317925738275,3.9161317925738275,45.66463488954533,0.02922072965532088,54.98747374290301,zloty,0,0,0,-0.13071994526477937,0,0,0,1.8692800547352206,1,18,36.17517960282265,38.55839746111112,39.322481856068194,0,58.11742798568396,0,10,10,65.40000000000002,false,false,false,0,0,0,0,false,false,1.58,1.33
R6,0,1925-01,37,0.06137865977521869,103.93620535013484,54.93795157880452,97.4432800194289,3.905632538411045,3.905632538411045,46.517181371282696,0.029997869036521248,54.99123162003211,zloty,0,0,0,-0.12929710610382444,0,0,0,1.8707028938961756,1,18,36.15333155170064,38.44244309123121,39.23634713484103,0,58.81742798568397,0,10,10,65.55000000000003,false,false,false,0,0,0,0,false,false,1.6099999999999999,1.3599999999999999
R6,0,1925-02,38,0.04296506184265308,103.9553355258026,54.9547247453699,97.47305762998846,3.8949369176419437,3.8949369176419437,47.36904282391856,0.030558916483146566,54.99386213402248,zloty,0,0,0,-0.12783599902855514,0,0,0,1.8721640009714449,1,18,36.13488557125651,38.326045253394895,39.14957336219878,0,59.51742798568397,0,10,10,65.70000000000003,false,false,false,0,0,0,0,false,false,1.64,1.39
R6,0,1925-03,39,0.030075543289857152,103.96873083934848,54.96701836990365,97.50323875417509,3.8840996732565043,3.8840996732565043,47.22040108155746,0.03096355538696929,54.99570349381573,zloty,0,0,0,-0.12634711850057698,0,0,0,1.873652881499423,1,18,36.115653401020175,38.2093673028347,39.062324618578025,0,60.217427985683976,0,10,10,65.85000000000004,false,false,false,0,0,0,0,false,false,1.67,1.42
R6,0,1925-04,40,0.021052880302900007,103.97810961304194,54.976010592633855,97.53371351065842,3.873160380464334,3.873160380464334,47.071390530460356,0.03125512226334258,54.99699244567101,zloty,0,0,0,-0.12483806229124568,0,0,0,1.8751619377087543,1,18,36.09567120465806,38.0925231022445,38.974715809812736,0.0003284434670874842,60.91742798568399,0.00012266069386715391,10,10,66.00000000000004,false,false,false,0,0,0,0,false,false,1.7,1.45
R6,0,1925-05,41,0.014737016212030003,103.98467576147497,54.982575828434605,97.56440252852562,3.862147617936489,3.862147617936489,46.92211021268134,0.03146503579384333,54.99789471196971,zloty,0,0,0,-0.12331432446707921,0,0,0,1.8766856755329209,1,18,36.0749642548089,37.975591984168176,38.88682739209417,0.002007704719706391,61.61742798568398,0.0007481078024936962,10,10,66.15000000000005,false,false,false,0,0,0,0,false,false,1.73,1.48
R6,0,1925-06,42,0.010315911348421001,103.98927255883096,51.387360969417855,97.20499092237333,3.991082002705077,3.991082002705077,46.7726329378283,-0.36838395648168115,42.9985262983788,zloty,0,12,-0.4,-0.12177987357371904,0,0,0,1.878220126426281,1,18,36.05392698968415,37.85591380740325,38.7998632435222,0.0036188658898962615,61.564585357778775,0.0013454405600048334,10,10,66.30000000000005,false,false,false,1,0,0,0,false,false,1.76,1.51
R6,0,1925-07,43,0.0072211379438947,103.99249055880544,48.87084320125204,96.79451815328724,4.138878394450907,4.138878394450907,46.731012108745766,-0.42227540498808447,42.99896840886516,zloty,0,12,-0.4,-0.13975045388133367,0,0,2,-0.13975045388133367,1,18,36.0330806278396,37.736139090639085,38.71401800539337,0.004990497742145693,61.43003788532753,0.0018512878170023272,10,10,66.45000000000006,false,false,false,1,0,0,0,false,false,1.79,1.54
R6,0,1925-08,44,0.0050547965607262895,103.99474327729348,47.10937360673812,96.34926585981067,4.299877494079678,4.299877494079678,46.764886812708205,-0.4599974275107758,42.99927788620561,zloty,0,12,-0.4,-0.16027409233563789,0,0,2,-0.16027409233563783,1,18,36.01279000372924,37.616296792320284,38.62942792154693,0.006018506252119288,61.25553219861255,0.0022277621685009405,10,10,66.60000000000007,false,false,false,0,0,0,0,false,false,1.8199999999999998,1.5699999999999998
R6,0,1925-09,45,0.0035383575925084024,103.99632023830691,47.37640988081986,95.88062163391196,4.470118001467881,4.470118001467881,46.85160560450606,-0.4864014496805804,47.99949452034393,zloty,0,12,-0.4,-0.18253670700946642,0,0,1,0.8174632929905337,1,18,35.99331048462087,37.49640718517108,38.54618834731907,0.006646165389369607,61.068127855154394,0.002454790396577222,10,10,66.75000000000007,false,false,false,0,0,0,5,false,false,1.8499999999999999,1.5999999999999999
R6,0,1925-10,46,0.0024768503147558816,103.99742413947284,47.56338076584612,95.4181095369157,4.638952152926318,4.638952152926318,46.930313308081466,-0.4823832898812469,47.99964616424075,zloty,0,12,-0.4,-0.20596891830440214,0,0,1,0.7940310816955978,1,18,35.97460881378095,37.376484460986894,38.46430144600075,0.0069386783283047985,60.92254172355416,0.0025573868985842197,10,10,66.90000000000008,false,false,false,0,0,0,5,false,false,1.88,1.63
R6,0,1925-11,47,0.001733795220329117,103.99819688423318,47.69429223058284,94.96051300882017,4.806801616315101,4.806801616315101,47.00341188510608,-0.4795698953965255,47.999752314968525,zloty,0,12,-0.4,-0.22909452315421533,0,0,1,0.7709054768457846,1,18,35.956661699361284,37.2565385544599,38.38376871256161,0.006956152049168644,60.81213837651679,0.0025584592967446257,10,10,67.05000000000008,false,false,false,0,0,0,5,false,false,1.91,1.66
R6,0,1925-12,48,0.0012136566542303817,103.99873781239822,47.785952547551375,94.5069815593124,4.973961630828688,4.973961630828688,47.0725831181886,-0.477600041467392,47.99982662047797,zloty,0,12,-0.4,-0.2519743495589914,0,0,1,0.7480256504410085,1,18,35.93945282863752,37.136576420087955,38.304591180140655,0.006956152049168645,60.73186646842846,0.002553181740613214,10,10,67.20000000000009,false,false,false,0,0,0,5,false,false,1.94,1.69
R6,0,1926-01,49,0.0008495596579612671,103.99911646546187,49.650130373586336,94.24593361001604,5.070638914079328,5.070638914079328,47.139004541762056,-0.27622080928754367,53.99987863433458,zloty,0,6,-0.2,-0.27465092203438035,0,0,1,0.7253490779656198,1,18,35.92278231959113,37.0166029261241,38.22619558124686,0.007390807395112737,60.988442111749414,0.002707165421517813,10,10,67.3500000000001,false,false,false,0,0,0,5,false,false,1.97,1.72
R6,0,1926-02,50,0.000594691760572887,103.99938152424701,50.955065774720694,94.01196326134323,5.1575282035147065,5.1575282035147065,47.14950063055446,-0.24825511267251005,53.9999150440342,zloty,0,6,-0.2,-0.2877033194991981,0,0,1,0.712296680500802,1,18,35.90638776515486,36.89662148039669,38.14850490984642,0.00860168084070448,61.290282124324435,0.0031442906072415007,10,10,67.5000000000001,false,false,false,0,0,0,5,false,false,2,1.75
R6,0,1926-03,51,0.00041628423240102085,103.99956706620053,51.86852820155167,93.79697768036736,5.237565839929531,5.237565839929531,47.12084865731284,-0.2286789611852135,53.99994053082394,zloty,0,6,-0.2,-0.2994018369328387,0,0,1,0.7005981630671614,1,18,35.890085477605524,36.77663446841068,38.07146525749205,0.010693119252573352,61.622677661936045,0.0039009091328518616,10,10,67.6500000000001,false,false,false,0,0,0,5,false,false,2.0300000000000002,1.78
R6,0,1926-04,52,0.00029139896268071455,103.9996969459619,52.507957252559194,93.59533712067594,5.312807279086024,5.312807279086024,47.064792811266294,-0.21497554044712075,53.99995837157676,zloty,0,6,-0.2,-0.31015111598163186,0,0,1,0.6898488840183681,1,18,35.87374687374695,36.65664356003182,37.99503888578139,0.01374402598609054,61.975589006786215,0.005003831686339547,10,10,67.80000000000011,false,false,false,0,0,0,5,false,false,2.06,1.81
R6,0,1926-05,53,0.00020397927387650017,103.99978786198788,52.955561334822555,93.40310814799773,5.384691352061394,5.384691352061394,46.98955409368952,-0.2053830656439169,53.99997086010373,zloty,0,6,-0.2,-0.3202331439662032,0,0,1,0.6797668560337968,1,18,35.857281944164164,36.53664992417218,37.91919937631934,0.01781540749837746,62.3421015480494,0.006473166108901343,10,30,67.95000000000012,false,false,false,0,0,0,5,false,false,2.09,1.8399999999999999
R6,0,1926-06,54,0.0001427854917135501,103.99985150330063,53.26888681499757,93.21754580229928,5.45422524904001,5.45422524904001,46.90088725364485,-0.19866827708175863,53.999979602072614,zloty,0,6,-0.2,-0.3298445926001136,0,0,1,0.6701554073998863,1,18,35.840627681479056,36.416654379073165,37.84392823528212,0.02295568190041298,62.71742734190091,0.008324309907375,10,30,68.10000000000012,false,false,false,0,0,0,5,false,false,2.12,1.8699999999999999
R6,0,1926-07,55,0.00009994984419948506,103.99989605226591,55.28821648693355,93.50282142857131,5.347114009052031,5.347114009052031,46.80282064919492,0.3060321142513686,59.99998572145083,zloty,0,0,0.3,-0.3391227098850358,0,0,1,0.6608772901149642,1,18,35.823268823452224,36.32627002166242,37.76777752184226,0.029866500399394758,63.41742734190091,0.010808554042181279,10,30,68.25000000000013,false,false,false,0,0,0,5,false,false,2.15,1.9
R6,0,1926-08,56,0.00006996489093963954,103.9999272365643,56.70174854235815,93.81729237636823,5.2294011635492845,5.2294011635492845,46.64417415458691,0.3363224157221305,59.99999000501558,zloty,0,0,0.3,-0.32485892857143456,0,0,1,0.6751410714285655,1,18,35.80492009217335,36.239757003509396,37.690660680133675,0.03845547263733549,64.1174273419009,0.013888448593945463,10,30,68.40000000000013,false,false,false,0,0,0,5,false,false,2.1799999999999997,1.93
R6,0,1926-09,57,0.000048975423657747675,103.99994906558433,57.69122188070398,94.15271325702271,5.1042671874395245,5.1042671874395245,46.44312169831617,0.3575256460278867,59.99999300351091,zloty,0,0,0.3,-0.30913538118158856,0,0,1,0.6908646188184115,1,18,35.78538179296088,36.156344552814225,37.61251712110828,0.048625413472592784,64.81742734190091,0.01752498026886804,10,30,68.55000000000014,false,false,false,0,0,0,5,false,false,2.21,1.96
R6,0,1926-10,58,0.00003428279656042337,103.99996434590379,58.38385384723007,94.50330775769369,4.973938415182192,4.973938415182192,46.21238504189505,0.3723679207352343,59.99999510245763,zloty,0,0,0.3,-0.29236433714886445,0,0,1,0.7076356628511355,1,18,35.76451413945638,36.07547266471905,37.53330443253328,0.06027656062897521,65.51742734190091,0.02167839358654874,10,30,68.70000000000014,false,false,false,0,0,0,5,false,false,2.24,1.99
R6,0,1926-11,59,0.00002399795759229636,103.99997504213007,58.86869666457714,94.8650262771246,4.839973282315704,4.839973282315704,45.96086942647815,0.3827575224756814,59.999996571720345,zloty,0,0,0.3,-0.27483461211531546,0,0,1,0.7251653878846844,1,18,35.74221928116174,35.996734839142,37.452992925945736,0.07330789328690546,66.21742734190093,0.02630868248327303,10,30,68.85000000000015,false,false,false,0,0,0,5,false,false,2.27,2.02
R6,0,1926-12,60,0.00001679857031460745,103.9999825294898,59.208086945265265,95.23502857656584,4.703462694708709,4.703462694708709,45.69480852654083,0.3900302503056977,59.99999760020424,zloty,0,0,0.3,-0.25674868614377006,0,0,1,0.74325131385623,1,18,35.718428722699926,35.91983609083517,37.371561819506084,0.0876178914626892,66.91742734190093,0.03137587728213922,10,30,69.00000000000016,false,false,false,0,0,0,5,false,false,2.3,2.05
R6,0,1927-01,61,0.000011758999220225215,103.99998777064224,59.44566035772857,95.61132233040841,4.565170287163495,4.565170287163495,45.41856591818287,0.39512116441489736,59.99999832014297,zloty,0,0,0.3,-0.23824857117170808,0,0,1,0.7617514288282918,1,18,35.69309451728951,35.84456227697854,37.28899656599283,0.10310495302961341,67.61742734190095,0.03684020663951751,10,30,69.15000000000016,false,false,false,0,0,0,5,false,false,2.33,2.08
R6,0,1927-02,62,0.000008231299454157649,103.99999143944925,59.611961897640015,95.99251014681931,4.425630604527622,4.425630604527622,45.135196107451016,0.39868480753106644,59.999998824100075,zloty,0,0,0.3,-0.21943388347957934,0,0,1,0.7805661165204207,1,18,35.666183102172354,35.77075775990876,37.20528698240072,0.11966760545149624,68.31742734190095,0.042662184708459006,10,30,69.30000000000017,false,false,false,0,0,0,5,false,false,2.36,2.11
R6,0,1927-03,63,0.000005761909617910354,103.99999400761433,59.72837308140902,96.37761228465524,4.285217828534554,4.285217828534554,44.846837250521816,0.40117935998019416,59.999999176870055,zloty,0,0,0.3,-0.20037449265903434,0,0,1,0.7996255073409657,1,18,35.637346278381685,35.69830917984802,37.12042594066268,0.13720459786921702,69.01742734190094,0.04880265485424631,10,30,69.45000000000017,false,false,false,0,0,0,5,false,false,2.3899999999999997,2.1399999999999997
R6,0,1927-04,64,0.000004033336732537247,103.99999580532996,59.80986098412902,96.76594230737435,4.144193886635836,4.144193886635836,44.55498605807954,0.4029255482820499,59.99999942380904,zloty,0,0,0.3,-0.18111938576723788,0,0,1,0.818880614232762,1,18,35.606273580657074,35.627133690283905,37.034408451158136,0.15561492627234683,69.71742734190094,0.05522280917741331,10,30,69.60000000000018,false,false,false,0,0,0,5,false,false,2.42,2.17
R6,0,1927-05,65,0.000002823335712776073,103.99999706373092,59.86690256789021,97.15701981293724,4.002742128214235,4.002742128214235,44.260690228555674,0.4041478812045749,59.99999959666633,zloty,0,0,0.3,-0.16170288463128274,0,0,1,0.8382971153687173,1,18,35.57294831433179,35.55717044339145,36.947231021171625,0.17479782361698215,70.41742734190095,0.061884195449941885,10,30,69.75000000000018,false,false,false,0,0,0,5,false,false,2.45,2.2
R6,0,1927-06,66,0.000001976334998943251,103.99999794461162,59.90683171282306,97.55050915827627,3.8609908979543652,3.8609908979543652,43.96468315151897,0.4050035150282004,59.99999971766643,zloty,0,0,0.3,-0.1421490093531382,0,0,1,0.8578509906468619,1,18,35.537358793133606,35.48837443680245,36.85889120581575,0.19465273365657768,71.11742734190095,0.06874871827922117,10,30,69.90000000000019,false,false,false,0,0,0,5,false,false,2.48,2.23
R6,0,1927-07,67,0.0000013834344992602755,103.99999856122813,59.93478213968609,97.65352489495757,3.8240300372171316,3.8240300372171316,43.667478200134276,0.10560245924923892,59.9999998023665,zloty,0,0,0,-0.1224745420861865,0,0,1,0.8775254579138134,1,18,35.499779531653296,35.38201594698513,36.77024829363353,0.21565598523874074,71.81742734190095,0.07598360776436912,10,30,70.0500000000002,false,false,false,0,0,0,5,false,false,2.51,2.26
R6,0,1927-08,68,9.684041494821928e-7,103.99999899285967,59.954347456277226,97.75705884226322,3.786922435012341,3.786922435012341,43.36943473594369,0.10602172058511639,59.99999986165655,zloty,0,0,0,-0.11732375525212149,0,0,1,0.8826762447478784,1,18,35.46020480362108,35.276017318758115,36.68130108667064,0.23778084843288724,72.51742734190096,0.0835763568502726,10,30,70.2000000000002,false,false,false,0,0,0,5,false,false,2.54,2.29
R6,0,1927-09,69,6.778829046375349e-7,103.99999929500177,59.96804319034193,97.86098945858758,3.7497121136868783,3.7497121136868783,43.070804312255376,0.10631520378703577,59.99999990315958,zloty,0,0,0,-0.11214705788683901,0,0,1,0.8878529421131609,1,18,35.41863060064496,35.17036361001007,36.592048746359765,0.26100071183558865,73.21742734190096,0.09151457130007608,10,30,70.35000000000021,false,false,false,0,0,0,5,false,false,2.57,2.32
R6,0,1927-10,70,4.745180332462744e-7,103.99999950650124,59.97763021290285,97.96523161303696,3.7124298889115783,3.7124298889115783,42.771763016545115,0.10652064221514312,59.99999993221171,zloty,0,0,0,-0.10695052707062089,0,0,1,0.8930494729293792,1,18,35.37505411684826,35.065043997822066,36.502490685704174,0.28528905779798497,73.91742734190096,0.09978596129903776,10,30,70.50000000000021,false,false,false,0,0,0,5,false,false,2.6,2.35
R6,0,1927-11,71,3.3216262327239205e-7,103.99999965455085,59.98434113479645,98.06972568778914,3.675097331675635,3.675097331675635,42.47243411015803,0.10666444924555271,59.999999952548194,zloty,0,0,0,-0.10173841934815187,0,0,1,0.8982615806518481,1,18,35.3294733881158,34.960050619938514,36.41262649380652,0.31061944184932067,74.61742734190098,0.10837833464442488,10,30,70.65000000000022,false,false,false,0,0,0,5,false,false,2.63,2.38
R6,0,1927-12,72,2.3251383629067442e-7,103.99999975818561,59.98903878439263,98.17442994247257,3.637729541685211,3.637729541685211,42.172903876114134,0.10676511425835356,59.99999996678374,zloty,0,0,0,-0.09651371561054276,0,0,1,0.9034862843894573,1,18,35.281887039565845,34.855377740588594,36.32245588303887,0.33696547602845656,75.31742734190097,0.11727959139788367,10,30,70.80000000000022,false,false,false,0,0,0,5,false,false,2.66,2.41
R6,0,1928-01,73,1.6275968540347208e-7,103.9999998307299,59.99232714209943,98.27931516394776,3.6003370887442303,3.6003370887442303,41.87323271258236,0.10683557983137437,59.99999997674862,zloty,0,0,0,-0.09127850287637145,0,0,1,0.9087214971236286,1,18,35.232294108780415,34.7510211503475,36.231978652061855,0.3643008156304526,76.01742734190096,0.1264777198072468,10,30,70.95000000000023,false,false,false,0,0,0,5,false,false,2.69,2.44
R6,1,1922-01,1,5.199999999999999,98.85931558935361,54.879999999999995,100,3,3,44.85,0,54.6,marka,8,0,0,0,0,0,0,2,1,10,35.01320677946768,35.02281368821293,35.04312927756654,0,35.7,0,10,10,60.15,false,false,false,0,0,0,0,false,false,0.53,0.28
R6,1,1922-02,2,6.039999999999999,98.0761976612599,54.75999999999999,99.98907452471482,3.00382391634981,3.00382391634981,44.7036,-0.010925475285171161,54.48,marka,8,0,0,0,0,0,0,2,1,10,35.031106720259025,35.06320169316264,35.10338829723561,0,36.40104988906513,0,10,10,60.3,false,false,false,0,0,0,0,false,false,0.56,0.31
R6,1,1922-03,3,6.627999999999998,97.53535656675545,54.65079999999999,99.9700861807984,3.0104705628982824,3.0104705628982824,44.5608,-0.018990418709920957,54.396,marka,8,0,0,-0.0005462737642588422,0,0,0,1.9994537262357412,1,10,35.052020893425684,35.11581788510177,35.17559383581427,0,37.10141945348079,0,10,10,60.449999999999996,false,false,false,0,0,0,0,false,false,0.59,0.33999999999999997
R6,1,1922-04,4,7.039599999999998,97.16030328962366,54.556719999999984,99.94513849837014,3.019204864511367,3.019204864511367,44.421276,-0.024955147465956527,54.3372,marka,8,0,0,-0.0014956909600797985,0,0,0,1.9985043090399202,1,10,35.07479756943025,35.17697897011584,35.256174629655575,0,37.800042428664966,0,10,10,60.599999999999994,false,false,false,0,0,0,0,false,false,0.62,0.37
R6,1,1922-05,5,7.327719999999998,96.89947760000865,54.478515999999985,99.91578783574015,3.029483235300421,3.029483235300421,44.2845744,-0.02936677368301099,54.29604,marka,8,0,0,-0.0027430750814929185,0,0,0,1.997256924918507,1,10,35.09864088215306,35.24412860351019,35.34265204957074,0,38.49628213624888,0,10,10,60.74999999999999,false,false,false,0,0,0,0,false,false,0.65,0.4
R6,1,1922-06,6,7.529403999999998,96.71773127283399,54.415129599999986,99.88318887197079,3.0409024890203966,3.0409024890203966,44.15021892,-0.03262643919993101,54.267228,marka,8,0,0,-0.004210608212992639,0,0,0,1.9957893917870073,1,10,35.12299808461528,35.3154836049135,35.43329715656878,0,39.18977921553105,0,10,10,60.89999999999999,false,false,false,0,0,0,0,false,false,0.6799999999999999,0.43
R6,1,1922-07,7,9.770582799999998,94.7430516876148,54.364708599999986,99.84819858650013,3.0531634110564614,3.0531634110564614,44.017765032,-0.03503120581732831,54.2470596,marka,15,0,0,-0.005840556401460617,0,0,0,1.9941594435985395,1,10,35.159247748250294,35.426753032179235,35.56272866326368,0,39.88035124418532,0,10,10,61.04999999999999,false,false,false,0,0,0,0,false,false,0.71,0.45999999999999996
R6,1,1922-08,8,11.339407959999999,93.408077073091,54.262178535999986,99.79669193569569,3.07121814618114,3.07121814618114,43.886823774,-0.05158495749908185,54.02294172,marka,15,0,0,-0.007590070674993399,0,0,0,1.9924099293250066,1,10,35.20414813974113,35.56761885827976,35.721043969725194,0,40.56319729467987,0,10,10,61.19999999999999,false,false,false,0,0,0,0,false,false,0.74,0.49
R6,1,1922-09,9,12.437585572,92.49576062214805,54.14334273639999,99.73301894636569,3.093549093062485,3.093549093062485,43.75895841792,-0.06380270537527226,53.866059204,marka,15,0,0,-0.010165403215215463,0,0,0,1.9898345967847846,1,10,35.25478452384373,35.72886911927747,35.89930612779004,0,41.23830192235765,0,10,10,61.34999999999999,false,false,false,0,0,0,0,false,false,0.77,0.52
R6,1,1922-10,10,13.206309900399999,91.86767070801992,54.02721234831999,99.66032975825657,3.1190584139543707,3.1190584139543707,43.634658135828,-0.07288377397681575,53.7562414428,marka,15,0,0,-0.013349052681715535,0,0,0,1.9866509473182845,1,10,35.30919401257598,35.904270365563015,36.09146774095262,0,41.90599750706546,0,10,10,61.499999999999986,false,false,false,0,0,0,0,false,false,0.8,0.55
R6,1,1922-11,11,13.744416930279998,91.43305913972652,53.92285934681199,99.58094985801857,3.146936071143235,3.146936071143235,43.513841765378395,-0.0796504491110408,53.67936900996,marka,15,0,0,-0.016983512087171703,0,0,0,1.9830164879128283,1,10,35.366037233245976,36.089548011362915,36.29338201620803,0,42.56676903641726,0,10,10,61.649999999999984,false,false,false,0,0,0,0,false,false,0.83,0.58
R6,1,1922-12,12,14.121091851195999,91.13126970043977,53.833669034859994,99.49661212595282,3.176578493981238,3.176578493981238,43.39615598497404,-0.08469263668000795,53.625558306972,marka,15,0,0,-0.020952507099071482,0,0,0,1.9790474929009285,1,10,35.42439193928747,36.28174382877312,36.5021794394884,0,43.22114769154382,0,10,10,61.79999999999998,false,false,false,0,0,0,0,false,false,0.86,0.61
R6,1,1923-01,13,18.8847642958372,87.47967043211912,53.75993556886611,99.40861253951228,3.2075341763869916,3.2075341763869916,43.281145913928235,-0.0884448068735819,53.5878908148804,marka,30,0,0,-0.025169393702358888,0,0,0,1.974830606297641,1,10,35.505493599091885,36.547628261333614,36.78248473428587,0,43.86965384351495,0,10,10,61.94999999999998,false,false,false,0,0,0,0,false,false,0.89,0.64
R6,1,1923-02,14,22.219335007086038,85.0929192127991,53.56541196933116,99.29055128955805,3.249101437440511,3.249101437440511,43.168347846862254,-0.11876360301005535,53.11152357041628,marka,30,0,0,-0.02956937302438618,0,0,0,1.9704306269756138,1,10,35.602845058837254,36.86655350760439,37.11446676709598,0,44.49676340609546,0,10,10,62.09999999999998,false,false,false,0,0,0,0,false,false,0.9199999999999999,0.6699999999999999
R6,1,1923-03,15,24.553534504960226,83.49823263815794,53.329208328319226,99.15077455253395,3.2983728508056847,3.2983728508056847,43.06138548778232,-0.1407754667576398,52.7780664992914,marka,30,0,0,-0.035472435522097355,1,0,0,0.9645275644779026,1,10,35.710972390396215,37.22122456152382,37.48134063467974,0,45.10741829769835,0,10,10,62.24999999999998,false,false,false,0,0,0,0,false,false,0.95,0.7
R6,1,1923-04,16,26.187474153472156,82.41705501887833,53.09383979467465,98.9950324680465,3.3533494556951666,3.3533494556951666,42.96150923793274,-0.15707601396994808,52.54464654950398,marka,30,0,0,-0.0424612723733027,1,0,0,0.9575387276266973,1,10,35.82632954648738,37.60037176359099,37.87216893114038,0,45.70561612122231,0,10,10,62.39999999999998,true,true,false,1,0,0,0,false,false,0.98,0.73
R6,1,1923-05,17,27.331231907430507,81.67674060956841,49.88006363166809,98.82747747259099,3.412589042720265,3.412589042720265,42.8686940440925,-0.1692559629288536,42.381252584652785,stabilizing,30,10,0,-0.05024837659767485,1,3,2,1.9497516234023253,1,18,36.05387883493891,37.99645674491217,38.27963608491606,0,46.294535900032585,0,10,10,62.549999999999976,true,true,false,1,0,0,0,false,false,1.01,0.76
R6,1,1923-06,18,28.131862335201355,81.16638446097755,47.59610758494475,98.60671159280503,3.490773834947216,3.490773834947216,42.87229213514246,-0.2233851206484314,42.26687680925695,stabilizing,30,10,0,-0.05862612637045075,1,3,2,1.9413738736295492,1,18,36.180561804615515,38.4122214518061,38.7066874301864,0,46.85535117206868,0,10,10,62.699999999999974,true,true,false,0,0,0,0,false,false,1.04,0.79
R6,1,1923-07,19,37.69230363464095,75.53072848280493,45.97331943940528,98.3486308985432,3.582378393635519,3.582378393635519,42.944408907594116,-0.26172731053800835,42.186813766479865,stabilizing,60,10,0,-0.06966442035974865,1,3,2,1.9303355796402513,1,18,36.34568548850693,38.94740916149415,39.249420150711664,0,47.39390864370748,0,10,10,62.84999999999997,true,true,false,0,0,0,0,false,false,1.0699999999999998,0.82
R6,1,1923-08,20,26.384612544248665,82.28849850181598,47.550554498544464,98.02294509911519,3.6982824268267875,3.6982824268267875,43.06520932441196,-0.33115438054648133,51.2307696365359,zloty,0,0,0,-0.08256845507283969,1,3,0,3.9174315449271604,1,18,36.472911904026674,39.359591208053466,39.67438974731008,0,47.89775342218549,0,10,10,62.99999999999997,true,true,false,0,0,0,0,false,false,1.1,0.85
R6,1,1923-09,21,18.469228780974063,87.78650884296312,48.99384977265366,97.77452192788563,3.7869842199043444,3.7869842199043444,43.138692689455624,-0.2534336945073052,52.36153874557513,zloty,0,0,0,-0.09885274504424046,1,3,0,3.9011472549557595,1,18,36.56150431030464,39.64821192773299,39.98026889687261,0,48.45004310893905,0,10,10,63.14999999999997,true,true,false,0,0,0,0,false,false,1.13,0.88
R6,1,1923-10,22,12.928460146681843,92.09370238903043,50.241617977428334,97.59090119710378,3.852714283837616,3.852714283837616,43.168877196276014,-0.18780018266649018,53.15307712190259,zloty,0,0,0,-0.11127390360571851,0,3,0,4.888726096394281,1,18,36.61942164439959,39.83920291191902,40.19213673989788,0,49.0385161074382,0,10,10,63.29999999999997,false,false,false,0,0,0,0,false,false,1.16,0.9099999999999999
R6,1,1923-11,23,9.04992210267729,95.36916486934994,51.28127877979937,97.45951836191138,3.899833422766832,3.899833422766832,43.16162865695316,-0.1346261112263316,53.707153985331814,zloty,0,0,0,-0.12045494014481122,0,0,0,1.8795450598551888,1,18,36.65365135625105,39.95537918399663,40.331999948811294,0,49.65501516734714,0,10,10,63.44999999999997,false,false,false,0,0,0,0,false,false,1.19,0.94
R6,1,1923-12,24,6.334945471874102,97.80415980700182,52.12539748277924,97.36904912813921,3.932323047538705,3.932323047538705,43.12319029355918,-0.09282749934820986,54.09500778973227,zloty,0,0,0,-0.1270240819044311,0,0,0,1.872975918095569,1,18,36.66993868420944,40.015540800242526,40.417960875790044,0,50.29391568910159,0,10,10,63.599999999999966,false,false,false,0,0,0,0,false,false,1.22,0.97
R6,1,1924-01,25,4.434461830311871,99.5839861452843,52.79772987378925,97.30995998135037,3.953563063294509,3.953563063294509,43.0594283690758,-0.06068575930229678,54.36650545281259,zloty,0,0,0,-0.1315475435930395,0,0,0,1.8684524564069604,1,18,36.67279397691279,40.03448108521474,40.46424715480336,0,50.951134494415484,0,10,10,63.749999999999964,false,false,false,0,0,0,0,false,false,1.25,1
R6,1,1924-02,26,3.104123281218309,100.86890484131091,53.325377056743115,97.2745759753486,3.9662898202503194,3.9662898202503194,42.975496472862126,-0.03636216273088684,54.556553816968815,zloty,0,0,0,-0.13450200093248127,0,0,0,1.8654979990675187,1,18,36.662904050513795,40.014777318453326,40.47334131531176,0,51.62355513404547,0,10,10,63.89999999999996,false,false,false,0,0,0,0,false,false,1.28,1.03
R6,1,1924-03,27,2.172886296852816,101.7882569137165,53.73464024128363,97.25690302784012,3.9726486571467476,3.9726486571467476,42.87573516115983,-0.018168105418366016,54.68958767187817,zloty,0,0,0,-0.13627120123257014,0,0,0,1.8637287987674298,1,18,36.642653530894215,39.964309029490046,40.45281280187657,0,52.308694589682325,0,10,10,64.04999999999997,false,false,false,0,0,0,0,false,false,1.31,1.06
R6,1,1924-04,28,1.5210204077969713,102.44183872684225,54.04906157999295,97.25235690847751,3.974284676521602,3.974284676521602,42.76369595392132,-0.004674341071013614,54.782711370314715,zloty,0,0,0,-0.1371548486079938,0,0,0,1.8628451513920061,1,18,36.61473723587745,39.89187187737221,40.411107011164766,0,53.004570323944776,0,10,10,64.19999999999997,false,false,false,0,0,0,0,false,false,1.3399999999999999,1.0899999999999999
R6,1,1924-05,29,1.06471428545788,102.90436255155421,54.28871249376115,97.2574827237945,3.972439954791481,3.972439954791481,42.64222410652153,0.005270633514632266,54.847897959220305,zloty,0,0,0,-0.13738215457612454,0,0,0,1.8626178454238755,1,18,36.581400235700414,39.804991981376595,40.35524443605459,0,53.704570323944786,0,10,10,64.34999999999998,false,false,false,0,0,0,0,false,false,1.37,1.12
R6,1,1924-06,30,0.7452999998205159,103.23062217312894,54.47015731706907,97.26970369819657,3.968041999054883,3.968041999054883,42.513562731708696,0.012565587818851016,54.89352857145421,zloty,0,0,0,-0.1371258638102752,0,0,0,1.8628741361897247,1,18,36.54414744504316,39.708707681918895,40.28994783819391,0,54.404570323944775,0,10,10,64.49999999999999,false,false,false,0,0,0,0,false,false,1.4,1.15
R6,1,1924-07,31,0.5217099998743611,103.46023759457532,54.60675112195373,97.28711238500354,3.9617779310555097,3.9617779310555097,42.37945801219662,0.017897337141067483,54.925470000017945,zloty,0,0,0,-0.13651481509017174,0,0,0,1.8634851849098282,1,18,36.503853250226804,39.60585596830572,40.21798576375557,0,55.104570323944785,0,10,10,64.64999999999999,false,false,false,0,0,0,0,false,false,1.43,1.18
R6,1,1924-08,32,0.36519699991205273,103.62157710913587,54.709074485371374,97.30830459973384,3.9541538224004418,3.9541538224004418,42.24125547853801,0.021783167585908467,54.94782900001256,zloty,0,0,0,-0.13564438074982305,0,0,0,1.864355619250177,1,18,36.46113361096794,39.49843514466228,40.14131360912906,0,55.80457032394478,0,10,10,64.8,false,false,false,0,0,0,0,false,false,1.46,1.21
R6,1,1924-09,33,0.2556378999384369,103.73481449871045,54.7853962297626,97.33225094172224,3.9455407654466614,3.9455407654466614,43.099983243976865,0.02460873415365758,54.9634803000088,zloty,0,0,0,-0.13458477001330776,0,0,0,1.8654152299866922,1,18,36.4227812319379,39.38784856730149,40.06130871838268,0,56.50457032394478,0,10,10,64.95,false,false,false,0,0,0,0,false,false,1.49,1.24
R6,1,1924-10,34,0.1789465299569058,103.81422804131849,54.84210822383566,97.3581991936803,3.9362099546440183,3.9362099546440183,43.95642135708399,0.026659459436122548,54.974436210006154,zloty,0,0,0,-0.13338745291388818,0,0,0,1.866612547086112,1,18,36.3890994879427,39.27507965165224,39.97893942754129,0,57.204570323944786,0,10,10,65.10000000000001,false,false,false,0,0,0,0,false,false,1.52,1.27
R6,1,1924-11,35,0.12526257096983406,103.8698899054409,54.884107360786246,97.38560109470441,3.9263590479531896,3.9263590479531896,44.81115811036892,0.02814544768808278,54.98210534700431,zloty,0,0,0,-0.13209004031598467,0,0,0,1.8679099596840154,1,18,36.36030078569322,39.16081644998419,39.89488561688718,0,57.90457032394479,0,10,10,65.25000000000001,false,false,false,0,0,0,0,false,false,1.55,1.3
R6,1,1924-12,36,0.08768379967888384,103.90888873815027,54.915117275421274,97.41405787792351,3.9161317925738275,3.9161317925738275,45.66463488954533,0.02922072965532088,54.98747374290301,zloty,0,0,0,-0.13071994526477937,0,0,0,1.8692800547352206,1,18,36.33512467055162,39.04553979937194,39.80962419432901,0,58.60457032394479,0,10,10,65.40000000000002,false,false,false,0,0,0,0,false,false,1.58,1.33
R6,1,1925-01,37,0.06137865977521869,103.93620535013484,54.93795157880452,97.4432800194289,3.905632538411045,3.905632538411045,46.517181371282696,0.029997869036521248,54.99123162003211,zloty,0,0,0,-0.12929710610382444,0,0,0,1.8707028938961756,1,18,36.313276619429615,38.92958542949203,39.72348947310185,0,59.3045703239448,0,10,10,65.55000000000003,false,false,false,0,0,0,0,false,false,1.6099999999999999,1.3599999999999999
R6,1,1925-02,38,0.04296506184265308,103.9553355258026,54.9547247453699,97.47305762998846,3.8949369176419437,3.8949369176419437,47.36904282391856,0.030558916483146566,54.99386213402248,zloty,0,0,0,-0.12783599902855514,0,0,0,1.8721640009714449,1,18,36.294830638985474,38.81318759165572,39.6367157004596,0,60.00457032394481,0,10,10,65.70000000000003,false,false,false,0,0,0,0,false,false,1.64,1.39
R6,1,1925-03,39,0.030075543289857152,103.96873083934848,54.96701836990365,97.50323875417509,3.8840996732565043,3.8840996732565043,47.22040108155746,0.03096355538696929,54.99570349381573,zloty,0,0,0,-0.12634711850057698,0,0,0,1.873652881499423,1,18,36.275598468749145,38.696509641095524,39.54946695683885,0,60.7045703239448,0,10,10,65.85000000000004,false,false,false,0,0,0,0,false,false,1.67,1.42
R6,1,1925-04,40,0.021052880302900007,103.97810961304194,54.976010592633855,97.53371351065842,3.873160380464334,3.873160380464334,47.071390530460356,0.03125512226334258,54.99699244567101,zloty,0,0,0,-0.12483806229124568,0,0,0,1.8751619377087543,1,18,36.25561627238702,38.57966544050532,39.46185814807357,0.0012718336691867735,61.40457032394482,0.00048091650353520194,10,10,66.00000000000004,false,false,false,0,0,0,0,false,false,1.7,1.45
R6,1,1925-05,41,0.014737016212030003,103.98467576147497,54.982575828434605,97.56440252852562,3.862147617936489,3.862147617936489,46.92211021268134,0.03146503579384333,54.99789471196971,zloty,0,0,0,-0.12331432446707921,0,0,0,1.8766856755329209,1,18,36.23490932253787,38.46273432242901,39.373969730355,0.003891802732460707,62.104570323944806,0.0014683238521020928,10,10,66.15000000000005,false,false,false,0,0,0,0,false,false,1.73,1.48
R6,1,1925-06,42,0.010315911348421001,103.98927255883096,51.387360969417855,97.20499092237333,3.991082002705077,3.991082002705077,46.7726329378283,-0.36838395648168115,42.9985262983788,zloty,0,12,-0.4,-0.12177987357371904,0,0,0,1.878220126426281,1,18,36.23503878557931,38.40752333804837,39.351472774167334,0.006475076412144801,62.11619488842389,0.002441561796371991,10,10,66.30000000000005,false,false,false,1,0,0,0,false,false,1.76,1.51
R6,1,1925-07,43,0.0072211379438947,103.99249055880544,48.87084320125204,96.79451815328724,4.138878394450907,4.138878394450907,46.731012108745766,-0.42227540498808447,42.99896840886516,zloty,0,12,-0.4,-0.13975045388133367,0,0,2,-0.13975045388133367,1,18,36.23845566471302,38.36164681715712,39.33952573191141,0.008988230648674357,62.05554561184557,0.0033881697464590234,10,10,66.45000000000006,false,false,false,1,0,0,0,false,false,1.79,1.54
R6,1,1925-08,44,0.0050547965607262895,103.99474327729348,47.10937360673812,96.34926585981067,4.299877494079678,4.299877494079678,46.764886812708205,-0.4599974275107758,42.99927788620561,zloty,0,12,-0.4,-0.16027409233563789,0,0,2,-0.16027409233563783,1,18,36.24459572612505,38.322304068652706,39.33543519787935,0.011361042456461863,61.96153947494497,0.0042821706870903005,10,10,66.60000000000007,false,false,false,0,0,0,0,false,false,1.8199999999999998,1.5699999999999998
R6,1,1925-09,45,0.0035383575925084024,103.99632023830691,47.37640988081986,95.88062163391196,4.470118001467881,4.470118001467881,46.85160560450606,-0.4864014496805804,47.99949452034393,zloty,0,12,-0.4,-0.18253670700946642,0,0,1,0.8174632929905337,1,18,36.25306402364624,38.2875347151976,39.33731587734558,0.013566669511262603,61.85925538518091,0.00511375362908774,10,10,66.75000000000007,false,false,false,0,0,0,5,false,false,1.8499999999999999,1.5999999999999999
R6,1,1925-10,46,0.0024768503147558816,103.99742413947284,47.56338076584612,95.4181095369157,4.638952152926318,4.638952152926318,46.930313308081466,-0.4823832898812469,47.99964616424075,zloty,0,12,-0.4,-0.20596891830440214,0,0,1,0.7940310816955978,1,18,36.26207929267075,38.25202906674264,39.33984605175649,0.01569418382952567,61.7980863293099,0.00591606890119372,10,10,66.90000000000008,false,false,false,0,0,0,5,false,false,1.88,1.63
R6,1,1925-11,47,0.001733795220329117,103.99819688423318,47.69429223058284,94.96051300882017,4.806801616315101,4.806801616315101,47.00341188510608,-0.4795698953965255,47.999752314968525,zloty,0,12,-0.4,-0.22909452315421533,0,0,1,0.7709054768457846,1,18,36.271687465157406,38.21600789191004,39.34323805001174,0.017815942163440804,61.77160771396691,0.006716464548507846,10,10,67.05000000000008,false,false,false,0,0,0,5,false,false,1.91,1.66
R6,1,1925-12,48,0.0012136566542303817,103.99873781239822,47.785952547551375,94.5069815593124,4.973961630828688,4.973961630828688,47.0725831181886,-0.477600041467392,47.99982662047797,zloty,0,12,-0.4,-0.2519743495589914,0,0,1,0.7480256504410085,1,18,36.28192069681629,38.179625764794885,39.34764052484758,0.02000107961256883,61.77491581313536,0.0075410872499391355,10,10,67.20000000000009,false,false,false,0,0,0,5,false,false,1.94,1.69
R6,1,1926-01,49,0.0008495596579612671,103.99911646546187,49.650130373586336,94.24593361001604,5.070638914079328,5.070638914079328,47.139004541762056,-0.27622080928754367,53.99987863433458,zloty,0,6,-0.2,-0.27465092203438035,0,0,1,0.7253490779656198,1,18,36.28112137510355,38.10799091245635,39.317583567579106,0.023080198256800796,62.07983009808164,0.008695372382669405,10,10,67.3500000000001,false,false,false,0,0,0,5,false,false,1.97,1.72
R6,1,1926-02,50,0.000594691760572887,103.99938152424701,50.955065774720694,94.01196326134323,5.1575282035147065,5.1575282035147065,47.14950063055446,-0.24825511267251005,53.9999150440342,zloty,0,6,-0.2,-0.2877033194991981,0,0,1,0.712296680500802,1,18,36.27899114568292,38.03145411144663,39.28333754089636,0.027105503862635313,62.42511475537435,0.010202995507036988,10,10,67.5000000000001,false,false,false,0,0,0,5,false,false,2,1.75
R6,1,1926-03,51,0.00041628423240102085,103.99956706620053,51.86852820155167,93.79697768036736,5.237565839929531,5.237565839929531,47.12084865731284,-0.2286789611852135,53.99994053082394,zloty,0,6,-0.2,-0.2994018369328387,0,0,1,0.7005981630671614,1,18,36.27582837011168,37.95148591766802,39.2463167067494,0.032168822585716364,62.79752911119337,0.012097507546197503,10,10,67.6500000000001,false,false,false,0,0,0,5,false,false,2.0300000000000002,1.78
R6,1,1926-04,52,0.00029139896268071455,103.9996969459619,52.507957252559194,93.59533712067594,5.312807279086024,5.312807279086024,47.064792811266294,-0.21497554044712075,53.99995837157676,zloty,0,6,-0.2,-0.31015111598163186,0,0,1,0.6898488840183681,1,18,36.27184190251464,37.869115728867406,39.20751105461698,0.03834060898496309,63.18806117562179,0.01440423215360959,10,10,67.80000000000011,false,false,false,0,0,0,5,false,false,2.06,1.81
R6,1,1926-05,53,0.00020397927387650017,103.99978786198788,52.955561334822555,93.40310814799773,5.384691352061394,5.384691352061394,46.98955409368952,-0.2053830656439169,53.99997086010373,zloty,0,6,-0.2,-0.3202331439662032,0,0,1,0.6797668560337968,1,18,36.26717794157863,37.78506412949545,39.16761358164261,0.045676384698322026,63.59051575337266,0.017142756862066316,10,30,67.95000000000012,false,false,false,0,0,0,5,false,false,2.09,1.8399999999999999
R6,1,1926-06,54,0.0001427854917135501,103.99985150330063,53.26888681499757,93.21754580229928,5.45422524904001,5.45422524904001,46.90088725364485,-0.19866827708175863,53.999979602072614,zloty,0,6,-0.2,-0.3298445926001136,0,0,1,0.6701554073998863,1,18,36.26193882698085,37.69983553288574,39.12710938909469,0.05422122524032471,64.00060849571348,0.0203286680207887,10,30,68.10000000000012,false,false,false,0,0,0,5,false,false,2.12,1.8699999999999999
R6,1,1926-07,55,0.00009994984419948506,103.99989605226591,55.28821648693355,93.50282142857131,5.347114009052031,5.347114009052031,46.80282064919492,0.3060321142513686,59.99998572145083,zloty,0,0,0.3,-0.3391227098850358,0,0,1,0.6608772901149642,1,18,36.244579968954014,37.609451175474994,39.05095867565484,0.06456270170115784,64.70060849571348,0.02415879272005158,10,30,68.25000000000013,false,false,false,0,0,0,5,false,false,2.15,1.9
R6,1,1926-08,56,0.00006996489093963954,103.9999272365643,56.70174854235815,93.81729237636823,5.2294011635492845,5.2294011635492845,46.64417415458691,0.3363224157221305,59.99999000501558,zloty,0,0,0.3,-0.32485892857143456,0,0,1,0.6751410714285655,1,18,36.226231237675144,37.522938157321974,38.97384183394625,0.07650680844849454,65.40060849571347,0.028571637780240848,10,30,68.40000000000013,false,false,false,0,0,0,5,false,false,2.1799999999999997,1.93
R6,1,1926-09,57,0.000048975423657747675,103.99994906558433,57.69122188070398,94.15271325702271,5.1042671874395245,5.1042671874395245,46.44312169831617,0.3575256460278867,59.99999300351091,zloty,0,0,0.3,-0.30913538118158856,0,0,1,0.6908646188184115,1,18,36.20669293846267,37.4395257066268,38.89569827492086,0.08995159901322496,66.1006084957135,0.03352527064052429,10,30,68.55000000000014,false,false,false,0,0,0,5,false,false,2.21,1.96
R6,1,1926-10,58,0.00003428279656042337,103.99996434590379,58.38385384723007,94.50330775769369,4.973938415182192,4.973938415182192,46.21238504189505,0.3723679207352343,59.99999510245763,zloty,0,0,0.3,-0.29236433714886445,0,0,1,0.7076356628511355,1,18,36.185825284958185,37.35865381853163,38.816485586345856,0.10479397818690044,66.80060849571349,0.038977535116499644,10,30,68.70000000000014,false,false,false,0,0,0,5,false,false,2.24,1.99
R6,1,1926-11,59,0.00002399795759229636,103.99997504213007,58.86869666457714,94.8650262771246,4.839973282315704,4.839973282315704,45.96086942647815,0.3827575224756814,59.999996571720345,zloty,0,0,0.3,-0.27483461211531546,0,0,1,0.7251653878846844,1,18,36.16353042666354,37.27991599295458,38.736174079758314,0.1209305920952426,67.5006084957135,0.04488639583906072,10,30,68.85000000000015,false,false,false,0,0,0,5,false,false,2.27,2.02
R6,1,1926-12,60,0.00001679857031460745,103.9999825294898,59.208086945265265,95.23502857656584,4.703462694708709,4.703462694708709,45.69480852654083,0.3900302503056977,59.99999760020424,zloty,0,0,0.3,-0.25674868614377006,0,0,1,0.74325131385623,1,18,36.139739868201715,37.20301724464775,38.654742973318655,0.13825828761478168,68.2006084957135,0.0512101202361645,10,30,69.00000000000016,false,false,false,0,0,0,5,false,false,2.3,2.05
R6,1,1927-01,61,0.000011758999220225215,103.99998777064224,59.44566035772857,95.61132233040841,4.565170287163495,4.565170287163495,45.41856591818287,0.39512116441489736,59.99999832014297,zloty,0,0,0.3,-0.23824857117170808,0,0,1,0.7617514288282918,1,18,36.1144056627913,37.12774343079112,38.57217771980541,0.1566743194199225,68.90060849571351,0.057907365605071474,10,30,69.15000000000016,false,false,false,0,0,0,5,false,false,2.33,2.08
R6,1,1927-02,62,0.000008231299454157649,103.99999143944925,59.611961897640015,95.99251014681931,4.425630604527622,4.425630604527622,45.135196107451016,0.39868480753106644,59.999998824100075,zloty,0,0,0.3,-0.21943388347957934,0,0,1,0.7805661165204207,1,18,36.08749424767416,37.053938913721346,38.4884681362133,0.17607641473453833,69.60060849571352,0.06493721289659986,10,30,69.30000000000017,false,false,false,0,0,0,5,false,false,2.36,2.11
R6,1,1927-03,63,0.000005761909617910354,103.99999400761433,59.72837308140902,96.37761228465524,4.285217828534554,4.285217828534554,44.846837250521816,0.40117935998019416,59.999999176870055,zloty,0,0,0.3,-0.20037449265903434,0,0,1,0.7996255073409657,1,18,36.05865742388348,36.9814903336606,38.40360709447526,0.19636276253103765,70.3006084957135,0.07225917238913954,10,30,69.45000000000017,false,false,false,0,0,0,5,false,false,2.3899999999999997,2.1399999999999997
R6,1,1927-04,64,0.000004033336732537247,103.99999580532996,59.80986098412902,96.76594230737435,4.144193886635836,4.144193886635836,44.55498605807954,0.4029255482820499,59.99999942380904,zloty,0,0,0.3,-0.18111938576723788,0,0,1,0.818880614232762,1,18,36.02758472615888,36.91031484409648,38.317589604970706,0.21743196668070564,71.00060849571352,0.07983317611023562,10,30,69.60000000000018,false,false,false,0,0,0,5,false,false,2.42,2.17
R6,1,1927-05,65,0.000002823335712776073,103.99999706373092,59.86690256789021,97.15701981293724,4.002742128214235,4.002742128214235,44.260690228555674,0.4041478812045749,59.99999959666633,zloty,0,0,0.3,-0.16170288463128274,0,0,1,0.8382971153687173,1,18,35.994259459833586,36.84035159720402,38.230412174984195,0.23918298565658902,71.70060849571351,0.08761956547192118,10,30,69.75000000000018,false,false,false,0,0,0,5,false,false,2.45,2.2
R6,1,1927-06,66,0.000001976334998943251,103.99999794461162,59.90683171282306,97.55050915827627,3.8609908979543652,3.8609908979543652,43.96468315151897,0.4050035150282004,59.99999971766643,zloty,0,0,0.3,-0.1421490093531382,0,0,1,0.8578509906468619,1,18,35.9586699386354,36.77155559061502,38.14207235962832,0.261515071073833,72.40060849571351,0.09557907869379516,10,30,69.90000000000019,false,false,false,0,0,0,5,false,false,2.48,2.23
R6,1,1927-07,67,0.0000013834344992602755,103.99999856122813,59.93478213968609,97.65352489495757,3.8240300372171316,3.8240300372171316,43.667478200134276,0.10560245924923892,59.9999998023665,zloty,0,0,0,-0.1224745420861865,0,0,1,0.8775254579138134,1,18,35.921090677155085,36.66519710079769,38.053429447446085,0.28497178429368114,73.10060849571352,0.10391003615889585,10,30,70.0500000000002,false,false,false,0,0,0,5,false,false,2.51,2.26
R6,1,1927-08,68,9.684041494821928e-7,103.99999899285967,59.954347456277226,97.75705884226322,3.786922435012341,3.786922435012341,43.36943473594369,0.10602172058511639,59.99999986165655,zloty,0,0,0,-0.11732375525212149,0,0,1,0.8826762447478784,1,18,35.88151594912288,36.55919847257068,37.96448224048321,0.30952630123760655,73.80060849571352,0.1125996061283841,10,30,70.2000000000002,false,false,false,0,0,0,5,false,false,2.54,2.29
R6,1,1927-09,69,6.778829046375349e-7,103.99999929500177,59.96804319034193,97.86098945858758,3.7497121136868783,3.7497121136868783,43.070804312255376,0.10631520378703577,59.99999990315958,zloty,0,0,0,-0.11214705788683901,0,0,1,0.8878529421131609,1,18,35.83994174614675,36.453544763822634,37.87522990017233,0.33515194459856085,74.50060849571352,0.12163508226980126,10,30,70.35000000000021,false,false,false,0,0,0,5,false,false,2.57,2.32
R6,1,1927-10,70,4.745180332462744e-7,103.99999950650124,59.97763021290285,97.96523161303696,3.7124298889115783,3.7124298889115783,42.771763016545115,0.10652064221514312,59.99999993221171,zloty,0,0,0,-0.10695052707062089,0,0,1,0.8930494729293792,1,18,35.79636526235005,36.34822515163463,37.78567183951674,0.3618221505951081,75.20060849571351,0.13100387173467865,10,30,70.50000000000021,false,false,false,0,0,0,5,false,false,2.6,2.35
R6,1,1927-11,71,3.3216262327239205e-7,103.99999965455085,59.98434113479645,98.06972568778914,3.675097331675635,3.675097331675635,42.47243411015803,0.10666444924555271,59.999999952548194,zloty,0,0,0,-0.10173841934815187,0,0,1,0.8982615806518481,1,18,35.7507845336176,36.243231773751084,37.69580764761909,0.38951044246366023,75.90060849571354,0.14069348584310595,10,30,70.65000000000022,false,false,false,0,0,0,5,false,false,2.63,2.38
R6,1,1927-12,72,2.3251383629067442e-7,103.99999975818561,59.98903878439263,98.17442994247257,3.637729541685211,3.637729541685211,42.172903876114134,0.10676511425835356,59.99999996678374,zloty,0,0,0,-0.09651371561054276,0,0,1,0.9034862843894573,1,18,35.70319818506764,36.13855889440117,37.60563703685145,0.418190409638075,76.60060849571353,0.15069153295652615,10,30,70.80000000000022,false,false,false,0,0,0,5,false,false,2.66,2.41
R6,1,1928-01,73,1.6275968540347208e-7,103.9999998307299,59.99232714209943,98.27931516394776,3.6003370887442303,3.6003370887442303,41.87323271258236,0.10683557983137437,59.99999997674862,zloty,0,0,0,-0.09127850287637145,0,0,1,0.9087214971236286,1,18,35.65360525428221,36.03420230416007,37.515159805874426,0.44783569158989545,77.30060849571353,0.16098571313576476,10,30,70.95000000000023,false,false,false,0,0,0,5,false,false,2.69,2.44
